"stationid","datetime","local_date","tmin","tmax","rrr24","sshn","ff_max","dd_max","tm","td_m","um","pqnhm","ewm","p0max","p0min"
"40766","2010-01-01 00:00:00","1388-10-11 00:00:00","3.8","9.6","0.01","3.2","8","290","6.7","2.52077","82.625","1016.06","7.33985","869.3","865.6"
"40766","2010-01-02 00:00:00","1388-10-12 00:00:00","-1.8","10.1","0.0","5.7","7","270","4.2","1.38308","85.25","1019.98","6.82947","872.0","869.6"
"40766","2010-01-03 00:00:00","1388-10-13 00:00:00","-1.3","15.1","0.0","8.6","6","190","6.9","0.369574","68.125","1020.47","6.30819","872.2","870.0"
"40766","2010-01-04 00:00:00","1388-10-14 00:00:00","3.9","15.2","0.0","8.4","7","180","9.6","-1.42967","44.75","1020.44","5.51651","871.9","870.6"
"40766","2010-01-05 00:00:00","1388-10-15 00:00:00","5.4","16.0","0.0","9.3","5","190","10.7","-1.92364","47.0","1020.77","5.31857","872.5","870.3"
"40766","2010-01-06 00:00:00","1388-10-16 00:00:00","-1.6","14.1","0.0","8.5","6","280","6.3","-0.281269","70.125","1022.26","5.99878","873.8","872.0"
"40766","2010-01-07 00:00:00","1388-10-17 00:00:00","-2.2","14.0","0.0","2.9","4","110","5.9","-1.5096","66.875","1024.08","5.48167","875.5","873.7"
"40766","2010-01-08 00:00:00","1388-10-18 00:00:00","-3.3","15.3","0.0","8.4","2","110","6.0","-1.17633","68.125","1025.09","5.62767","876.7","874.4"
"40766","2010-01-09 00:00:00","1388-10-19 00:00:00","-3.4","13.3","0.0","4.5","7","90","4.9","-2.50907","62.25","1024.75","5.10158","876.1","873.9"
"40766","2010-01-10 00:00:00","1388-10-20 00:00:00","0.0","13.5","0.0","9.3","11","110","6.8","-5.40882","48.625","1025.14","4.10513","876.2","874.6"
"40766","2010-01-11 00:00:00","1388-10-21 00:00:00","-4.0","13.4","0.0","8.6","5","270","4.7","-4.31659","55.25","1024.29","4.44859","876.2","873.4"
"40766","2010-01-12 00:00:00","1388-10-22 00:00:00","-3.5","16.2","0.0","7.3","5","210","6.4","-4.91945","50.75","1023.04","4.26542","874.6","872.1"
"40766","2010-01-13 00:00:00","1388-10-23 00:00:00","3.3","13.7","0.0","0.0","12","100","8.5","-8.44621","29.875","1020.27","3.30551","873.0","869.4"
"40766","2010-01-14 00:00:00","1388-10-24 00:00:00","3.4","15.0","0.0","6.1","8","180","9.2","-1.64001","42.125","1022.07","5.48892","873.8","870.2"
"40766","2010-01-15 00:00:00","1388-10-25 00:00:00","7.2","14.5","2.01","1.1","8","90","10.9","1.42475","56.625","1024.52","6.8672","875.4","874.0"
"40766","2010-01-16 00:00:00","1388-10-26 00:00:00","2.9","17.4","0.0","7.5","5","180","10.1","1.00492","61.25","1026.51","6.60129","878.1","875.3"
"40766","2010-01-17 00:00:00","1388-10-27 00:00:00","2.6","17.7","0.0","6.5","4","360","10.2","1.79921","61.5","1028.28","6.97263","879.2","877.4"
"40766","2010-01-18 00:00:00","1388-10-28 00:00:00","1.0","17.7","0.0","4.3","8","90","9.4","-2.35603","51.75","1023.65","5.4852","876.8","871.4"
"40766","2010-01-19 00:00:00","1388-10-29 00:00:00","1.8","14.9","0.0","2.0","10","150","8.3","-3.19189","40.75","1018.85","4.9104","871.2","868.6"
"40766","2010-01-20 00:00:00","1388-10-30 00:00:00","0.8","16.4","3.0","6.5","10","180","8.6","1.5519","69.75","1020.47","7.00721","872.4","869.5"
"40766","2010-01-21 00:00:00","1388-11-01 00:00:00","4.3","6.5","17.0","0.0","7","280","5.4","4.32942","94.5","1020.35","8.32737","872.2","870.2"
"40766","2010-01-22 00:00:00","1388-11-02 00:00:00","3.8","11.1","0.0","6.7","3","270","7.5","1.58552","78.125","1022.3","6.93482","874.4","871.9"
"40766","2010-01-23 00:00:00","1388-11-03 00:00:00","-2.1","12.9","0.0","8.7","3","140","5.4","-0.0586157","75.125","1023.24","6.10682","875.2","872.6"
"40766","2010-01-24 00:00:00","1388-11-04 00:00:00","-2.4","14.0","0.0","4.4","6","150","5.8","-0.638605","64.625","1018.86","5.90648","872.3","867.8"
"40766","2010-01-25 00:00:00","1388-11-05 00:00:00","-2.1","13.4","4.01","2.4","9","250","5.6","2.79666","68.0","1012.37","7.61891","865.9","862.6"
"40766","2010-01-26 00:00:00","1388-11-06 00:00:00","1.0","6.6","2.0","4.4","10","240","3.8","-3.57445","69.0","1017.71","4.84513","872.2","865.1"
"40766","2010-01-27 00:00:00","1388-11-07 00:00:00","-6.8","5.3","0.0","9.6","4","280","-0.8","-7.55546","64.375","1020.25","3.47706","872.0","870.0"
"40766","2010-01-28 00:00:00","1388-11-08 00:00:00","-7.9","8.8","0.0","8.4","4","150","0.5","-7.40508","58.125","1019.4","3.53971","872.1","868.8"
"40766","2010-01-29 00:00:00","1388-11-09 00:00:00","-7.5","12.3","0.0","3.6","9","150","2.4","-7.26601","35.125","1016.96","3.57597","870.2","866.9"
"40766","2010-01-30 00:00:00","1388-11-10 00:00:00","-1.6","14.7","0.0","8.5","2","150","6.5","-3.12104","53.5","1022.98","4.87756","874.4","871.4"
"40766","2010-01-31 00:00:00","1388-11-11 00:00:00","","8.8","7.7","0.4","7","120","","3.75274","84.875","1022.93","8.09562","875.4","872.1"
"40766","2010-02-01 00:00:00","1388-11-12 00:00:00","5.0","16.1","4.0","7.4","6","180","10.6","6.13626","75.25","1018.54","9.45262","871.2","868.7"
"40766","2010-02-02 00:00:00","1388-11-13 00:00:00","1.0","16.2","0.0","6.8","5","110","8.6","3.29817","70.75","1017.57","7.75057","870.0","867.5"
"40766","2010-02-03 00:00:00","1388-11-14 00:00:00","3.6","14.0","5.01","0.5","5","20","8.8","5.70787","82.25","1013.18","9.20901","867.0","862.7"
"40766","2010-02-04 00:00:00","1388-11-15 00:00:00","2.1","7.7","35.01","1.2","9","280","4.9","1.93524","82.125","1007.63","7.14437","861.5","858.6"
"40766","2010-02-05 00:00:00","1388-11-16 00:00:00","-1.6","3.4","0.6","6.6","10","240","0.9","-6.89411","61.625","1011.13","3.69633","866.5","860.5"
"40766","2010-02-06 00:00:00","1388-11-17 00:00:00","-6.7","0.0","0.8","0.0","9","100","-3.3","-5.30406","84.0","1015.0","4.19255","867.8","865.4"
"40766","2010-02-07 00:00:00","1388-11-18 00:00:00","-8.7","2.3","1.0","8.5","4","180","-3.2","-6.97203","74.875","1020.2","3.64054","874.0","866.2"
"40766","2010-02-08 00:00:00","1388-11-19 00:00:00","-8.5","2.8","0.0","7.0","5","140","-2.8","-7.76209","70.625","1022.87","3.42622","875.0","872.3"
"40766","2010-02-09 00:00:00","1388-11-20 00:00:00","-6.4","5.9","0.0","2.7","4","270","-0.3","-3.97024","72.25","1018.59","4.65651","871.3","867.9"
"40766","2010-02-10 00:00:00","1388-11-21 00:00:00","-6.0","10.2","0.0","0.8","7","270","2.1","-1.45518","76.375","1018.31","5.51422","871.0","867.7"
"40766","2010-02-11 00:00:00","1388-11-22 00:00:00","-4.1","11.6","0.0","7.2","6","90","3.8","-1.5137","69.375","1021.73","5.50827","873.1","871.1"
"40766","2010-02-12 00:00:00","1388-11-23 00:00:00","-2.3","13.7","0.0","6.8","3","260","5.7","-0.574591","67.375","1023.76","5.87012","874.8","873.1"
"40766","2010-02-13 00:00:00","1388-11-24 00:00:00","-2.0","16.2","0.0","0.8","3","330","7.1","-0.500211","64.375","1023.78","5.92951","875.6","873.0"
"40766","2010-02-14 00:00:00","1388-11-25 00:00:00","0.0","16.4","0.0","7.9","5","270","8.2","0.656804","65.5","1023.98","6.41621","875.5","873.6"
"40766","2010-02-15 00:00:00","1388-11-26 00:00:00","-1.8","18.2","0.0","4.9","3","90","8.2","0.436444","66.25","1023.68","6.33166","875.8","872.7"
"40766","2010-02-16 00:00:00","1388-11-27 00:00:00","0.0","18.6","0.4","4.3","4","270","9.3","1.18329","55.375","1022.12","6.71684","873.8","871.5"
"40766","2010-02-17 00:00:00","1388-11-28 00:00:00","1.5","21.0","0.1","5.5","6","100","11.3","4.57934","51.625","1021.62","8.50616","873.1","871.4"
"40766","2010-02-18 00:00:00","1388-11-29 00:00:00","5.6","21.8","0.0","7.4","9","220","13.7","3.61395","52.25","1020.7","7.93032","872.8","869.5"
"40766","2010-02-19 00:00:00","1388-11-30 00:00:00","6.6","21.0","0.0","6.2","12","210","13.8","3.52043","47.0","1014.94","7.91764","869.1","863.9"
"40766","2010-02-20 00:00:00","1388-12-01 00:00:00","6.5","13.8","0.01","5.6","6","270","10.1","2.14757","63.25","1013.89","7.17618","867.5","864.4"
"40766","2010-02-21 00:00:00","1388-12-02 00:00:00","-0.6","16.4","0.0","8.7","7","270","7.9","1.50735","65.75","1016.84","6.84223","869.8","867.0"
"40766","2010-02-22 00:00:00","1388-12-03 00:00:00","2.7","16.5","0.0","2.0","12","230","9.6","1.12815","58.125","1013.26","6.67264","866.8","861.9"
"40766","2010-02-23 00:00:00","1388-12-04 00:00:00","1.8","12.0","0.0","0.0","5","280","6.9","0.146304","59.0","1015.08","6.22652","867.7","865.5"
"40766","2010-02-24 00:00:00","1388-12-05 00:00:00","3.6","13.4","0.0","5.0","5","270","8.5","-1.49901","53.375","1013.21","5.50098","866.2","863.7"
"40766","2010-02-25 00:00:00","1388-12-06 00:00:00","-2.0","14.1","0.0","4.8","4","200","6.1","-2.77856","57.5","1011.58","4.99182","864.4","862.3"
"40766","2010-02-26 00:00:00","1388-12-07 00:00:00","0.0","8.6","19.0","0.0","9","120","4.3","0.686311","82.25","1009.03","6.51906","863.4","859.4"
"40766","2010-02-27 00:00:00","1388-12-08 00:00:00","1.2","11.1","4.4","1.0","10","160","6.2","3.58194","79.375","1011.36","7.90748","865.7","860.0"
"40766","2010-02-28 00:00:00","1388-12-09 00:00:00","4.3","10.6","1.6","0.0","7","90","7.5","2.56834","70.375","1015.75","7.36202","868.1","865.4"
"40766","2010-03-01 00:00:00","1388-12-10 00:00:00","5.1","10.2","14.2","1.1","12","120","7.6","2.84662","73.625","1013.62","7.5391","866.0","864.0"
"40766","2010-03-02 00:00:00","1388-12-11 00:00:00","4.0","10.0","2.01","1.0","7","110","7.0","2.60528","83.25","1015.32","7.4646","867.7","865.0"
"40766","2010-03-03 00:00:00","1388-12-12 00:00:00","2.0","12.2","0.4","4.9","7","100","7.1","2.83249","74.5","1015.17","7.5006","867.9","863.5"
"40766","2010-03-04 00:00:00","1388-12-13 00:00:00","3.6","10.0","9.6","2.0","9","100","6.8","3.25778","80.875","1012.14","7.7333","868.1","861.1"
"40766","2010-03-05 00:00:00","1388-12-14 00:00:00","-0.5","12.8","0.0","8.8","5","290","6.2","2.22557","75.625","1018.82","7.24683","870.7","868.1"
"40766","2010-03-06 00:00:00","1388-12-15 00:00:00","4.0","18.8","1.0","7.0","7","210","11.4","3.09171","63.0","1018.78","7.78704","871.6","868.2"
"40766","2010-03-07 00:00:00","1388-12-16 00:00:00","2.0","19.2","0.0","8.8","7","260","10.6","0.777626","54.375","1022.26","6.54054","874.7","871.2"
"40766","2010-03-08 00:00:00","1388-12-17 00:00:00","2.5","20.1","0.0","6.2","5","330","11.3","2.82627","61.5","1026.18","7.51663","877.4","874.7"
"40766","2010-03-09 00:00:00","1388-12-18 00:00:00","2.7","23.0","0.0","7.3","4","130","12.9","4.82149","68.625","1026.49","8.70094","878.2","875.2"
"40766","2010-03-10 00:00:00","1388-12-19 00:00:00","6.0","24.5","0.0","6.2","7","210","15.3","3.57451","49.375","1024.21","7.9608","875.9","873.5"
"40766","2010-03-11 00:00:00","1388-12-20 00:00:00","11.9","24.2","0.0","4.6","6","280","18.0","2.73893","39.375","1024.12","7.48485","876.0","873.3"
"40766","2010-03-12 00:00:00","1388-12-21 00:00:00","5.8","26.0","0.0","5.2","8","270","15.9","4.9324","54.5","1024.57","8.71445","876.6","873.6"
"40766","2010-03-13 00:00:00","1388-12-22 00:00:00","10.0","24.7","0.0","6.8","7","210","17.4","1.56204","33.5","1021.69","6.89399","873.7","871.0"
"40766","2010-03-14 00:00:00","1388-12-23 00:00:00","13.8","24.6","0.0","7.0","8","210","19.2","-1.46573","22.75","1019.7","5.55646","871.1","870.0"
"40766","2010-03-15 00:00:00","1388-12-24 00:00:00","17.6","26.4","0.0","9.8","9","190","22.0","-2.46925","20.625","1019.39","5.17446","871.2","869.8"
"40766","2010-03-16 00:00:00","1388-12-25 00:00:00","16.1","26.0","0.0","6.1","10","180","21.0","-1.1192","22.625","1016.12","5.70066","868.4","865.4"
"40766","2010-03-17 00:00:00","1388-12-26 00:00:00","11.8","20.4","0.0","0.3","7","280","16.1","4.42721","44.75","1018.46","8.40958","870.1","868.4"
"40766","2010-03-18 00:00:00","1388-12-27 00:00:00","12.8","20.5","0.1","0.0","20","180","16.6","5.14474","48.875","1016.12","8.94136","869.0","865.1"
"40766","2010-03-19 00:00:00","1388-12-28 00:00:00","5.8","15.6","5.0","2.3","7","310","10.7","1.06025","55.875","1018.99","6.64037","871.2","867.3"
"40766","2010-03-20 00:00:00","1388-12-29 00:00:00","-0.1","19.3","0.0","9.5","8","170","9.6","-0.381393","57.125","1020.21","6.07231","872.0","869.8"
"40766","2010-03-21 00:00:00","1389-01-01 00:00:00","5.0","14.3","0.0","8.4","8","290","9.6","-3.54625","47.125","1021.65","4.80065","874.5","870.6"
"40766","2010-03-22 00:00:00","1389-01-02 00:00:00","-1.8","17.4","0.0","11.0","5","130","7.8","-3.56329","52.25","1021.68","4.70934","874.2","870.4"
"40766","2010-03-23 00:00:00","1389-01-03 00:00:00","-2.8","17.9","0.0","6.7","3","190","7.5","-1.95136","52.25","1018.65","5.40448","871.6","868.3"
"40766","2010-03-24 00:00:00","1389-01-04 00:00:00","4.8","15.9","0.0","0.0","6","140","10.4","3.58756","66.0","1018.51","7.96962","870.3","868.1"
"40766","2010-03-25 00:00:00","1389-01-05 00:00:00","7.6","16.8","2.4","2.5","2","90","12.2","7.5111","83.25","1018.35","10.3927","870.2","868.4"
"40766","2010-03-26 00:00:00","1389-01-06 00:00:00","4.0","18.2","3.0","2.2","8","70","11.1","6.41067","74.875","1015.21","9.73777","868.8","864.6"
"40766","2010-03-27 00:00:00","1389-01-07 00:00:00","9.0","17.8","7.0","4.7","13","90","13.4","3.15317","51.875","1011.34","7.75616","865.6","861.1"
"40766","2010-03-28 00:00:00","1389-01-08 00:00:00","7.4","14.8","0.01","1.1","8","140","11.1","3.48067","58.5","1015.11","7.8595","869.4","864.7"
"40766","2010-03-29 00:00:00","1389-01-09 00:00:00","7.0","19.2","0.0","9.4","6","290","13.1","4.71095","59.5","1020.6","8.55659","872.5","870.1"
"40766","2010-03-30 00:00:00","1389-01-10 00:00:00","3.0","20.0","0.0","9.0","9","290","11.5","4.11298","62.5","1020.6","8.30452","872.9","869.6"
"40766","2010-03-31 00:00:00","1389-01-11 00:00:00","6.4","18.6","12.0","10.6","8","260","12.5","3.56426","63.125","1019.77","7.97896","872.0","869.5"
"40766","2010-04-01 00:00:00","1389-01-12 00:00:00","3.2","16.1","0.0","10.0","7","280","9.7","1.5813","61.125","1020.3","6.85333","871.6","870.2"
"40766","2010-04-02 00:00:00","1389-01-13 00:00:00","3.0","19.0","0.0","10.5","8","290","11.0","1.60148","55.0","1019.74","6.87279","871.9","869.2"
"40766","2010-04-03 00:00:00","1389-01-14 00:00:00","1.2","21.4","0.0","9.6","5","280","11.3","2.46761","59.0","1020.91","7.38637","873.1","870.4"
"40766","2010-04-04 00:00:00","1389-01-15 00:00:00","3.0","24.6","0.0","8.2","10","230","13.8","2.62717","49.25","1020.6","7.45145","872.2","870.8"
"40766","2010-04-05 00:00:00","1389-01-16 00:00:00","6.8","22.8","0.3","1.7","7","120","14.8","4.77774","54.75","1020.3","8.74425","872.6","869.9"
"40766","2010-04-06 00:00:00","1389-01-17 00:00:00","5.6","22.4","0.8","8.2","10","290","14.0","7.13494","74.0","1018.98","10.1704","871.2","867.9"
"40766","2010-04-07 00:00:00","1389-01-18 00:00:00","3.8","22.5","2.0","5.5","7","230","13.1","7.71332","73.0","1018.82","10.6425","871.0","868.7"
"40766","2010-04-08 00:00:00","1389-01-19 00:00:00","11.9","21.4","8.2","2.7","11","110","16.6","8.82368","64.5","1018.24","11.3675","870.4","866.5"
"40766","2010-04-09 00:00:00","1389-01-20 00:00:00","12.6","21.4","0.51","0.0","8","310","17.0","7.7899","61.25","1015.88","10.8392","868.3","866.3"
"40766","2010-04-10 00:00:00","1389-01-21 00:00:00","2.2","18.2","0.0","10.6","8","240","10.2","1.53438","56.0","1016.49","6.83272","868.9","866.6"
"40766","2010-04-11 00:00:00","1389-01-22 00:00:00","1.0","19.6","0.0","7.5","5","320","10.3","2.01283","55.875","1018.45","7.14619","870.1","868.0"
"40766","2010-04-12 00:00:00","1389-01-23 00:00:00","5.8","23.1","0.0","0.7","10","190","14.5","5.2234","55.0","1016.55","8.95971","869.6","865.3"
"40766","2010-04-13 00:00:00","1389-01-24 00:00:00","9.0","20.4","7.21","6.3","7","240","14.7","8.11681","74.5","1015.66","10.833","867.5","866.4"
"40766","2010-04-14 00:00:00","1389-01-25 00:00:00","4.6","20.8","0.0","8.6","5","290","12.7","5.85091","67.0","1017.48","9.3677","870.0","867.1"
"40766","2010-04-15 00:00:00","1389-01-26 00:00:00","4.5","22.6","0.0","10.0","6","230","13.6","5.63069","63.125","1019.47","9.20324","871.2","869.6"
"40766","2010-04-16 00:00:00","1389-01-27 00:00:00","3.6","24.4","0.0","10.9","6","200","14.0","5.18273","59.5","1020.07","8.88137","872.5","869.9"
"40766","2010-04-17 00:00:00","1389-01-28 00:00:00","4.6","23.5","5.0","6.0","7","290","14.1","7.70169","74.375","1017.95","10.6545","870.3","865.6"
"40766","2010-04-18 00:00:00","1389-01-29 00:00:00","9.6","17.6","12.0","3.2","6","280","13.6","9.23973","85.25","1016.69","11.7075","868.5","867.4"
"40766","2010-04-19 00:00:00","1389-01-30 00:00:00","7.0","21.2","0.6","10.4","6","300","14.1","8.67394","72.25","1018.01","11.2619","870.0","868.2"
"40766","2010-04-20 00:00:00","1389-01-31 00:00:00","7.4","22.1","0.0","10.6","10","290","14.8","7.13215","63.375","1017.44","10.1481","869.7","867.4"
"40766","2010-04-21 00:00:00","1389-02-01 00:00:00","5.5","24.1","0.0","8.0","4","290","14.8","7.07252","62.625","1015.17","10.1427","867.8","865.6"
"40766","2010-04-22 00:00:00","1389-02-02 00:00:00","10.4","26.2","12.0","2.6","20","240","18.3","9.57739","63.5","1013.89","12.0078","867.7","863.5"
"40766","2010-04-23 00:00:00","1389-02-03 00:00:00","11.4","20.2","16.0","0.5","13","300","15.8","10.2866","81.875","1015.22","12.5304","868.1","865.4"
"40766","2010-04-24 00:00:00","1389-02-04 00:00:00","7.4","20.2","0.0","11.5","7","300","13.8","6.37722","67.75","1018.21","9.75073","870.2","867.6"
"40766","2010-04-25 00:00:00","1389-02-05 00:00:00","4.4","19.3","0.0","11.3","7","320","11.8","4.47279","61.5","1018.88","8.46165","870.3","869.0"
"40766","2010-04-26 00:00:00","1389-02-06 00:00:00","4.2","22.4","0.0","10.0","5","210","13.3","4.97821","60.875","1019.16","8.76142","870.6","869.6"
"40766","2010-04-27 00:00:00","1389-02-07 00:00:00","5.8","23.6","0.0","11.3","4","300","14.7","6.13641","57.75","1020.06","9.52778","871.9","870.2"
"40766","2010-04-28 00:00:00","1389-02-08 00:00:00","11.4","24.6","2.0","8.6","14","280","18.0","8.40541","57.625","1018.29","11.1121","870.9","866.2"
"40766","2010-04-29 00:00:00","1389-02-09 00:00:00","10.8","25.1","6.0","9.6","8","280","18.0","9.14854","64.0","1013.75","11.7038","866.4","864.1"
"40766","2010-04-30 00:00:00","1389-02-10 00:00:00","6.8","23.3","0.0","7.2","5","290","15.0","5.82629","56.25","1016.1","9.2921","868.8","866.4"
"40766","2010-05-01 00:00:00","1389-02-11 00:00:00","12.6","21.3","1.4","3.8","8","110","17.0","9.3596","69.0","1018.83","11.8135","872.1","868.4"
"40766","2010-05-02 00:00:00","1389-02-12 00:00:00","12.0","17.2","23.1","1.5","10","280","14.6","10.8859","84.0","1014.34","13.1221","868.5","864.6"
"40766","2010-05-03 00:00:00","1389-02-13 00:00:00","6.6","17.2","11.0","5.3","9","310","11.9","7.66695","77.125","1016.66","10.5107","868.5","867.5"
"40766","2010-05-04 00:00:00","1389-02-14 00:00:00","6.2","19.0","0.21","8.0","8","180","12.6","6.63224","70.625","1016.16","9.7892","868.0","867.0"
"40766","2010-05-05 00:00:00","1389-02-15 00:00:00","3.8","19.1","0.0","10.2","8","290","11.4","5.21638","66.0","1015.68","8.89797","867.6","866.6"
"40766","2010-05-06 00:00:00","1389-02-16 00:00:00","3.2","20.4","2.01","7.7","10","270","11.8","6.97501","73.75","1015.52","10.097","867.4","866.2"
"40766","2010-05-07 00:00:00","1389-02-17 00:00:00","4.6","23.0","0.4","8.6","5","300","13.8","6.87245","68.125","1014.61","10.0285","867.3","864.9"
"40766","2010-05-08 00:00:00","1389-02-18 00:00:00","7.0","23.9","0.0","11.3","7","280","15.4","6.44596","57.0","1015.25","9.69022","867.6","865.6"
"40766","2010-05-09 00:00:00","1389-02-19 00:00:00","6.7","27.2","0.0","11.6","4","270","17.0","7.66208","54.625","1015.14","10.5243","867.7","865.3"
"40766","2010-05-10 00:00:00","1389-02-20 00:00:00","14.2","27.9","0.0","2.9","9","210","21.0","5.77532","40.5","1013.75","9.28146","866.6","864.5"
"40766","2010-05-11 00:00:00","1389-02-21 00:00:00","9.2","27.2","0.0","2.2","6","140","18.2","8.6046","55.75","1016.55","11.2771","868.6","867.0"
"40766","2010-05-12 00:00:00","1389-02-22 00:00:00","14.4","29.6","0.6","2.1","10","90","22.0","8.88578","47.375","1017.94","11.4373","870.4","867.9"
"40766","2010-05-13 00:00:00","1389-02-23 00:00:00","12.0","30.1","0.0","2.8","7","150","21.0","8.74012","50.375","1017.68","11.3124","869.3","868.0"
"40766","2010-05-14 00:00:00","1389-02-24 00:00:00","14.0","28.6","3.1","0.0","7","260","21.3","9.95065","62.875","1017.9","12.2981","869.7","866.5"
"40766","2010-05-15 00:00:00","1389-02-25 00:00:00","8.2","27.2","0.0","7.1","9","290","17.7","9.51218","64.125","1016.67","11.9481","869.5","866.5"
"40766","2010-05-16 00:00:00","1389-02-26 00:00:00","8.2","28.4","0.0","11.3","5","280","18.3","7.53373","53.125","1015.18","10.4274","867.4","866.0"
"40766","2010-05-17 00:00:00","1389-02-27 00:00:00","9.8","29.7","0.0","10.0","7","290","19.8","8.36108","47.875","1016.16","11.0433","868.2","866.7"
"40766","2010-05-18 00:00:00","1389-02-28 00:00:00","14.2","29.1","0.0","1.9","13","280","21.6","6.73605","43.375","1018.81","10.0321","871.4","868.0"
"40766","2010-05-19 00:00:00","1389-02-29 00:00:00","12.2","30.5","0.0","0.0","6","230","21.4","8.19939","42.0","1018.05","10.8922","870.8","867.4"
"40766","2010-05-20 00:00:00","1389-02-30 00:00:00","19.0","29.6","0.0","0.0","6","250","24.3","4.40575","34.0","1015.89","8.70219","868.3","866.2"
"40766","2010-05-21 00:00:00","1389-02-31 00:00:00","8.6","27.2","0.0","11.6","9","290","17.9","1.89734","35.75","1015.48","7.11078","867.7","866.0"
"40766","2010-05-22 00:00:00","1389-03-01 00:00:00","7.0","27.6","0.0","11.5","6","340","17.3","2.01277","36.75","1017.13","7.17668","869.3","867.5"
"40766","2010-05-23 00:00:00","1389-03-02 00:00:00","8.2","29.8","0.0","10.6","7","270","19.0","3.48313","38.375","1016.64","7.92686","870.0","866.0"
"40766","2010-05-24 00:00:00","1389-03-03 00:00:00","13.4","31.2","0.0","9.4","9","320","22.3","0.637765","30.375","1014.73","6.83754","867.3","865.4"
"40766","2010-05-25 00:00:00","1389-03-04 00:00:00","10.2","27.6","0.0","11.6","5","290","18.9","-0.692527","30.375","1017.43","5.88091","869.7","867.1"
"40766","2010-05-26 00:00:00","1389-03-05 00:00:00","7.6","30.0","0.0","12.4","7","300","18.8","0.557351","32.25","1017.6","6.41766","869.2","868.2"
"40766","2010-05-27 00:00:00","1389-03-06 00:00:00","6.4","30.6","0.0","12.7","6","290","18.5","0.746577","31.125","1018.08","6.52916","870.4","867.9"
"40766","2010-05-28 00:00:00","1389-03-07 00:00:00","9.0","33.8","0.0","11.8","7","290","21.4","2.41647","31.5","1016.53","7.28601","868.9","866.4"
"40766","2010-05-29 00:00:00","1389-03-08 00:00:00","12.0","33.2","0.1","5.5","10","190","22.6","2.64879","27.125","1015.25","7.4394","867.4","865.9"
"40766","2010-05-30 00:00:00","1389-03-09 00:00:00","14.6","29.0","0.0","8.6","5","340","21.8","3.9019","32.625","1016.01","8.10869","867.9","866.3"
"40766","2010-05-31 00:00:00","1389-03-10 00:00:00","10.2","31.0","0.0","11.1","6","310","20.6","4.2684","36.125","1017.2","8.36392","869.5","867.6"
"40766","2010-06-01 00:00:00","1389-03-11 00:00:00","11.2","33.1","0.0","12.0","4","300","22.1","4.21517","33.5","1017.18","8.32516","870.3","867.2"
"40766","2010-06-02 00:00:00","1389-03-12 00:00:00","13.8","35.7","0.0","12.0","6","100","24.8","3.28591","27.5","1016.25","7.86351","868.5","866.4"
"40766","2010-06-03 00:00:00","1389-03-13 00:00:00","13.0","36.9","0.0","12.1","5","30","25.0","2.02142","25.125","1018.01","7.16242","870.0","868.0"
"40766","2010-06-04 00:00:00","1389-03-14 00:00:00","12.2","37.9","0.0","12.3","4","280","25.1","2.63598","22.75","1018.35","7.43925","871.1","867.8"
"40766","2010-06-05 00:00:00","1389-03-15 00:00:00","16.4","37.8","0.0","8.0","10","320","27.1","3.31795","24.75","1016.37","7.78892","868.6","865.7"
"40766","2010-06-06 00:00:00","1389-03-16 00:00:00","14.0","35.8","0.0","12.4","6","100","24.9","5.36072","28.25","1013.42","8.953","866.9","863.0"
"40766","2010-06-07 00:00:00","1389-03-17 00:00:00","16.4","37.0","0.0","9.7","9","300","26.7","4.57938","26.125","1012.1","8.53235","865.1","862.1"
"40766","2010-06-08 00:00:00","1389-03-18 00:00:00","17.7","32.0","0.0","10.9","11","280","24.9","1.84787","22.875","1015.48","7.03111","867.9","865.1"
"40766","2010-06-09 00:00:00","1389-03-19 00:00:00","13.8","33.7","0.0","8.8","7","270","23.8","2.14259","24.625","1015.54","7.15052","868.5","865.3"
"40766","2010-06-10 00:00:00","1389-03-20 00:00:00","15.5","35.0","0.0","11.6","8","250","25.3","-2.11292","18.5","1015.32","5.52613","868.2","865.1"
"40766","2010-06-11 00:00:00","1389-03-21 00:00:00","10.1","35.7","0.0","12.3","7","310","22.9","0.122453","21.875","1016.83","6.26962","868.7","867.3"
"40766","2010-06-12 00:00:00","1389-03-22 00:00:00","14.4","37.0","0.0","11.4","8","300","25.7","1.44024","22.0","1017.65","6.81294","869.8","867.8"
"40766","2010-06-13 00:00:00","1389-03-23 00:00:00","15.0","39.0","0.0","12.4","8","280","27.0","-2.2334","17.125","1017.21","5.39179","869.8","867.3"
"40766","2010-06-14 00:00:00","1389-03-24 00:00:00","13.0","39.7","0.0","12.4","5","290","26.4","-1.37174","16.375","1015.96","5.6205","868.8","865.6"
"40766","2010-06-15 00:00:00","1389-03-25 00:00:00","16.6","40.2","0.0","10.2","6","140","28.4","2.21943","19.25","1013.39","7.26104","866.8","863.1"
"40766","2010-06-16 00:00:00","1389-03-26 00:00:00","17.4","38.9","0.0","8.6","19","270","28.2","2.14285","20.625","1012.17","7.38814","865.3","863.0"
"40766","2010-06-17 00:00:00","1389-03-27 00:00:00","16.0","35.3","0.0","12.2","8","270","25.6","2.78521","23.75","1010.21","7.53438","863.4","860.4"
"40766","2010-06-18 00:00:00","1389-03-28 00:00:00","15.5","35.1","0.0","11.8","7","250","25.3","3.38456","23.75","1011.31","7.81131","864.6","862.2"
"40766","2010-06-19 00:00:00","1389-03-29 00:00:00","15.2","36.8","0.0","10.4","8","190","26.0","2.92778","21.5","1013.26","7.55928","865.5","864.1"
"40766","2010-06-20 00:00:00","1389-03-30 00:00:00","15.4","37.0","0.4","7.0","8","280","26.2","3.67513","26.625","1015.83","8.25523","867.7","866.4"
"40766","2010-06-21 00:00:00","1389-03-31 00:00:00","16.3","36.0","2.0","10.7","8","300","26.1","7.16642","33.875","1013.7","10.4605","866.9","863.6"
"40766","2010-06-22 00:00:00","1389-04-01 00:00:00","19.4","34.4","0.0","9.1","8","290","26.9","0.29894","19.125","1012.37","6.28629","865.7","862.8"
"40766","2010-06-23 00:00:00","1389-04-02 00:00:00","14.2","35.7","0.0","10.6","8","270","25.0","1.05888","21.25","1010.33","6.72599","863.8","860.4"
"40766","2010-06-24 00:00:00","1389-04-03 00:00:00","20.0","32.2","0.0","5.2","11","280","26.1","0.713275","23.75","1010.09","6.85124","863.0","861.5"
"40766","2010-06-25 00:00:00","1389-04-04 00:00:00","14.8","30.6","0.0","12.0","8","290","22.7","3.75559","31.0","1009.95","8.02219","862.4","861.4"
"40766","2010-06-26 00:00:00","1389-04-05 00:00:00","11.6","34.3","0.0","11.5","7","300","23.0","1.9099","26.5","1010.36","7.08036","863.3","861.0"
"40766","2010-06-27 00:00:00","1389-04-06 00:00:00","14.5","35.2","0.0","12.2","10","290","24.9","1.40149","23.0","1012.11","6.81668","864.9","862.8"
"40766","2010-06-28 00:00:00","1389-04-07 00:00:00","13.5","36.9","0.0","12.1","6","290","25.2","-0.023085","21.5","1013.22","6.28105","865.8","863.8"
"40766","2010-06-29 00:00:00","1389-04-08 00:00:00","12.6","39.0","0.0","12.4","8","290","25.8","0.01745","19.875","1012.94","6.21226","865.7","863.4"
"40766","2010-06-30 00:00:00","1389-04-09 00:00:00","15.2","38.7","0.0","12.0","9","290","27.0","-1.42634","17.25","1012.54","5.58156","865.4","863.2"
"40766","2010-07-01 00:00:00","1389-04-10 00:00:00","13.2","38.4","0.0","12.3","7","310","25.8","-3.46826","15.375","1011.78","4.76664","864.8","862.2"
"40766","2010-07-02 00:00:00","1389-04-11 00:00:00","14.6","38.5","0.0","12.3","7","320","26.5","-2.96816","15.5","1010.42","4.93053","863.6","861.1"
"40766","2010-07-03 00:00:00","1389-04-12 00:00:00","14.8","40.8","0.0","12.2","7","180","27.8","-1.76091","15.5","1010.43","5.42077","863.0","861.6"
"40766","2010-07-04 00:00:00","1389-04-13 00:00:00","17.5","41.9","0.0","11.4","6","200","29.7","-0.0437674","15.375","1011.93","6.17101","864.6","863.0"
"40766","2010-07-05 00:00:00","1389-04-14 00:00:00","17.7","41.9","0.0","12.0","7","260","29.8","-0.582897","15.25","1012.79","5.962","865.6","863.4"
"40766","2010-07-06 00:00:00","1389-04-15 00:00:00","20.8","39.3","0.0","11.4","9","290","30.0","-1.52801","13.75","1013.21","5.51589","865.9","864.1"
"40766","2010-07-07 00:00:00","1389-04-16 00:00:00","15.2","41.2","0.0","11.8","8","210","28.2","-2.11861","14.625","1012.51","5.27921","865.5","863.0"
"40766","2010-07-08 00:00:00","1389-04-17 00:00:00","17.0","42.3","0.0","11.4","9","210","29.6","-2.70885","13.125","1013.75","5.07527","866.2","864.2"
"40766","2010-07-09 00:00:00","1389-04-18 00:00:00","17.3","40.9","0.0","12.0","7","280","29.1","-3.62054","11.75","1015.08","4.68903","867.4","865.4"
"40766","2010-07-10 00:00:00","1389-04-19 00:00:00","16.4","41.3","0.0","11.7","7","310","28.8","-1.8293","14.0","1015.98","5.45727","868.7","865.8"
"40766","2010-07-11 00:00:00","1389-04-20 00:00:00","17.3","41.6","0.0","12.2","6","310","29.4","-1.36378","13.625","1015.39","5.5726","868.4","865.1"
"40766","2010-07-12 00:00:00","1389-04-21 00:00:00","18.1","42.1","0.0","12.0","6","300","30.1","-2.84665","11.5","1012.96","5.01304","866.3","862.8"
"40766","2010-07-13 00:00:00","1389-04-22 00:00:00","18.9","41.8","0.0","12.1","8","290","30.3","0.826857","14.75","1009.23","6.60796","863.3","859.4"
"40766","2010-07-14 00:00:00","1389-04-23 00:00:00","17.2","40.7","0.0","12.4","8","260","29.0","-1.4446","14.25","1007.8","5.67168","861.0","859.2"
"40766","2010-07-15 00:00:00","1389-04-24 00:00:00","19.4","38.0","0.0","7.2","8","270","28.7","0.853873","17.875","1010.53","6.54153","863.8","860.9"
"40766","2010-07-16 00:00:00","1389-04-25 00:00:00","17.2","38.8","0.0","11.0","8","230","28.0","-0.683521","16.625","1013.09","5.87183","865.3","863.8"
"40766","2010-07-17 00:00:00","1389-04-26 00:00:00","14.4","38.1","0.0","12.4","5","300","26.3","-1.20584","16.125","1012.86","5.6526","865.9","863.1"
"40766","2010-07-18 00:00:00","1389-04-27 00:00:00","15.8","38.3","0.0","12.4","8","290","27.0","1.06644","19.375","1011.91","6.72444","864.3","863.0"
"40766","2010-07-19 00:00:00","1389-04-28 00:00:00","16.3","38.7","0.0","12.1","7","290","27.5","3.03673","21.0","1010.21","7.66935","863.9","860.2"
"40766","2010-07-20 00:00:00","1389-04-29 00:00:00","16.1","41.7","0.0","11.7","5","290","28.9","4.33733","21.125","1007.33","8.38861","861.0","858.0"
"40766","2010-07-21 00:00:00","1389-04-30 00:00:00","18.6","42.6","0.0","11.7","7","210","30.6","3.95943","20.75","1007.42","8.4959","860.5","858.8"
"40766","2010-07-22 00:00:00","1389-04-31 00:00:00","20.9","40.5","0.0","5.3","6","290","30.7","4.50237","21.625","1007.92","8.71185","860.6","859.3"
"40766","2010-07-23 00:00:00","1389-05-01 00:00:00","20.1","38.8","0.0","7.4","8","290","29.5","3.04817","20.0","1007.93","7.75598","861.4","859.2"
"40766","2010-07-24 00:00:00","1389-05-02 00:00:00","17.4","38.0","0.0","11.1","7","290","27.7","1.34664","19.375","1007.25","6.81496","860.2","858.3"
"40766","2010-07-25 00:00:00","1389-05-03 00:00:00","19.0","35.9","0.0","12.0","6","300","27.5","1.05182","19.125","1008.0","6.67238","860.8","859.7"
"40766","2010-07-26 00:00:00","1389-05-04 00:00:00","16.2","39.4","0.0","11.7","4","280","27.8","1.53777","18.875","1009.01","6.88722","861.9","860.3"
"40766","2010-07-27 00:00:00","1389-05-05 00:00:00","20.9","40.9","0.0","11.2","12","90","30.9","0.00669838","12.75","1009.65","6.12154","863.6","860.1"
"40766","2010-07-28 00:00:00","1389-05-06 00:00:00","27.4","38.7","0.0","11.2","13","120","33.0","-0.503715","11.625","1009.78","5.90905","863.2","861.0"
"40766","2010-07-29 00:00:00","1389-05-07 00:00:00","21.8","38.6","0.0","11.4","9","80","30.2","1.12698","14.75","1010.65","6.65072","863.5","861.6"
"40766","2010-07-30 00:00:00","1389-05-08 00:00:00","22.6","38.7","0.0","11.7","8","110","30.7","2.32737","16.875","1013.08","7.28752","865.8","863.8"
"40766","2010-07-31 00:00:00","1389-05-09 00:00:00","22.2","38.0","0.0","9.4","8","110","30.1","1.9484","17.0","1014.17","7.1069","867.3","864.6"
"40766","2010-08-01 00:00:00","1389-05-10 00:00:00","22.0","35.9","0.0","10.3","6","130","29.0","1.5183","16.875","1014.33","6.82851","867.0","864.4"
"40766","2010-08-02 00:00:00","1389-05-11 00:00:00","20.6","35.4","0.0","11.3","8","110","28.0","0.996707","18.0","1013.8","6.62163","867.4","863.3"
"40766","2010-08-03 00:00:00","1389-05-12 00:00:00","19.2","35.1","0.0","5.2","5","220","27.1","1.95274","19.375","1012.1","7.12802","865.0","862.7"
"40766","2010-08-04 00:00:00","1389-05-13 00:00:00","21.3","35.5","0.0","2.7","7","200","28.4","4.17359","24.625","1011.33","8.26698","864.0","861.9"
"40766","2010-08-05 00:00:00","1389-05-14 00:00:00","14.4","36.0","0.0","11.6","7","100","25.2","2.50955","23.125","1013.76","7.37921","866.8","864.0"
"40766","2010-08-06 00:00:00","1389-05-15 00:00:00","18.4","38.1","0.0","11.7","6","120","28.3","-0.946371","17.0","1017.09","5.8853","869.5","867.3"
"40766","2010-08-07 00:00:00","1389-05-16 00:00:00","16.8","38.9","0.0","11.7","4","130","27.9","-1.45277","14.5","1016.82","5.50823","869.9","866.4"
"40766","2010-08-08 00:00:00","1389-05-17 00:00:00","22.0","38.4","0.0","11.8","5","360","30.2","-2.22549","12.625","1014.02","5.30275","866.9","864.0"
"40766","2010-08-09 00:00:00","1389-05-18 00:00:00","19.8","38.8","0.0","11.1","6","110","29.3","-3.78117","12.0","1013.28","4.68049","866.4","863.4"
"40766","2010-08-10 00:00:00","1389-05-19 00:00:00","17.4","39.2","0.0","10.9","6","330","28.3","-2.774","13.5","1013.8","5.00469","866.2","864.5"
"40766","2010-08-11 00:00:00","1389-05-20 00:00:00","15.8","38.6","0.0","11.5","6","300","27.2","-2.10176","14.125","1015.31","5.32875","868.0","865.8"
"40766","2010-08-12 00:00:00","1389-05-21 00:00:00","16.6","38.6","0.0","11.4","8","290","27.6","-1.52847","14.875","1015.17","5.49239","867.7","865.4"
"40766","2010-08-13 00:00:00","1389-05-22 00:00:00","18.5","39.0","0.0","11.0","9","140","28.8","2.19392","17.75","1014.54","7.19575","867.1","864.7"
"40766","2010-08-14 00:00:00","1389-05-23 00:00:00","22.8","38.2","0.01","7.6","14","30","30.5","3.96811","19.625","1014.38","8.13175","867.0","864.8"
"40766","2010-08-15 00:00:00","1389-05-24 00:00:00","22.8","38.0","0.0","9.7","7","30","30.4","2.87234","18.125","1014.21","7.54805","866.9","864.6"
"40766","2010-08-16 00:00:00","1389-05-25 00:00:00","21.3","38.5","0.0","6.2","7","300","29.9","4.25537","21.0","1015.28","8.40671","867.6","865.5"
"40766","2010-08-17 00:00:00","1389-05-26 00:00:00","19.0","38.3","0.0","10.7","6","310","28.6","4.55009","22.75","1014.71","8.5275","868.0","864.4"
"40766","2010-08-18 00:00:00","1389-05-27 00:00:00","17.9","39.5","0.0","10.4","6","260","28.7","1.40386","17.375","1012.78","6.85609","865.7","862.7"
"40766","2010-08-19 00:00:00","1389-05-28 00:00:00","18.4","39.5","0.0","11.0","8","190","29.0","-0.513517","16.25","1014.23","6.01477","866.8","864.5"
"40766","2010-08-20 00:00:00","1389-05-29 00:00:00","16.7","40.8","0.0","11.0","5","280","28.8","-0.956754","15.125","1015.61","5.73585","868.5","865.6"
"40766","2010-08-21 00:00:00","1389-05-30 00:00:00","16.6","40.5","0.0","10.8","5","290","28.5","-1.36062","13.875","1013.63","5.55057","867.2","863.3"
"40766","2010-08-22 00:00:00","1389-05-31 00:00:00","17.6","40.0","0.0","11.1","8","260","28.8","-1.51743","15.125","1012.3","5.55646","865.3","862.6"
"40766","2010-08-23 00:00:00","1389-06-01 00:00:00","18.4","38.6","0.0","11.0","5","290","28.5","1.12494","17.625","1014.1","6.81936","866.7","864.8"
"40766","2010-08-24 00:00:00","1389-06-02 00:00:00","20.6","39.2","0.0","10.2","6","300","29.9","1.4124","16.5","1013.67","6.82132","866.9","864.0"
"40766","2010-08-25 00:00:00","1389-06-03 00:00:00","17.0","39.2","0.0","11.1","10","260","28.1","-0.00276124","17.125","1010.89","6.13234","864.3","861.1"
"40766","2010-08-26 00:00:00","1389-06-04 00:00:00","15.6","35.5","0.0","10.6","8","280","25.5","1.67347","21.625","1009.84","6.96056","863.0","861.0"
"40766","2010-08-27 00:00:00","1389-06-05 00:00:00","16.6","35.2","0.0","10.4","8","270","25.9","1.86417","21.375","1012.57","7.0103","865.2","863.3"
"40766","2010-08-28 00:00:00","1389-06-06 00:00:00","17.8","35.9","0.0","9.7","4","230","26.9","4.88461","24.125","1013.22","8.75091","866.1","864.2"
"40766","2010-08-29 00:00:00","1389-06-07 00:00:00","20.4","35.4","7.01","5.5","12","320","27.9","9.30662","33.125","1014.37","11.8151","866.8","864.7"
"40766","2010-08-30 00:00:00","1389-06-08 00:00:00","16.4","35.8","0.0","10.7","6","250","26.1","6.81327","33.875","1013.12","10.2255","866.8","863.0"
"40766","2010-08-31 00:00:00","1389-06-09 00:00:00","17.0","37.1","0.0","11.3","6","90","27.0","2.04905","21.625","1011.17","7.18339","864.6","861.9"
"40766","2010-09-01 00:00:00","1389-06-10 00:00:00","18.4","38.2","0.0","9.8","10","190","28.3","1.10859","18.75","1012.99","6.67453","866.6","863.0"
"40766","2010-09-02 00:00:00","1389-06-11 00:00:00","15.6","37.5","0.0","11.0","5","310","26.5","-0.304318","17.875","1016.79","6.0663","868.9","867.0"
"40766","2010-09-03 00:00:00","1389-06-12 00:00:00","16.6","38.4","0.0","10.9","6","290","27.5","-0.889363","17.375","1017.51","5.92971","870.6","867.1"
"40766","2010-09-04 00:00:00","1389-06-13 00:00:00","16.8","38.0","0.0","10.3","9","100","27.4","-0.49479","16.375","1015.34","5.96838","868.6","865.6"
"40766","2010-09-05 00:00:00","1389-06-14 00:00:00","18.4","36.8","0.0","10.5","9","110","27.6","-2.37889","14.125","1014.24","5.14948","867.0","864.3"
"40766","2010-09-06 00:00:00","1389-06-15 00:00:00","14.6","36.9","0.0","10.6","6","280","25.8","-1.86599","17.0","1014.74","5.42954","867.7","865.1"
"40766","2010-09-07 00:00:00","1389-06-16 00:00:00","15.2","37.0","0.0","10.1","5","360","26.1","-2.05773","16.75","1014.77","5.30935","867.7","865.0"
"40766","2010-09-08 00:00:00","1389-06-17 00:00:00","15.4","37.2","0.0","10.4","5","280","26.3","-2.76381","14.75","1015.37","5.01165","867.8","865.2"
"40766","2010-09-09 00:00:00","1389-06-18 00:00:00","15.0","37.8","0.0","10.2","6","300","26.4","-1.72805","16.75","1014.95","5.46337","867.7","865.1"
"40766","2010-09-10 00:00:00","1389-06-19 00:00:00","14.0","36.1","0.0","10.3","8","190","25.0","-0.635279","20.125","1013.13","5.87873","866.2","863.1"
"40766","2010-09-11 00:00:00","1389-06-20 00:00:00","13.2","36.2","0.0","10.2","7","210","24.7","-1.34754","19.875","1014.0","5.63879","866.5","864.4"
"40766","2010-09-12 00:00:00","1389-06-21 00:00:00","13.6","36.7","0.0","10.6","4","200","25.2","-0.017924","21.0","1016.35","6.26079","868.6","866.6"
"40766","2010-09-13 00:00:00","1389-06-22 00:00:00","13.4","36.0","0.0","10.8","8","280","24.7","-1.25749","19.0","1016.45","5.71087","868.9","866.5"
"40766","2010-09-14 00:00:00","1389-06-23 00:00:00","14.2","35.7","0.0","10.5","13","270","25.0","1.85177","23.0","1014.84","7.05636","867.3","865.0"
"40766","2010-09-15 00:00:00","1389-06-24 00:00:00","12.4","33.3","0.0","11.1","7","290","22.8","0.256232","25.625","1014.81","6.47033","867.2","865.6"
"40766","2010-09-16 00:00:00","1389-06-25 00:00:00","11.4","33.8","0.0","10.8","4","120","22.6","-1.22888","21.25","1016.47","5.66689","869.0","866.6"
"40766","2010-09-17 00:00:00","1389-06-26 00:00:00","11.4","34.9","0.0","11.0","5","80","23.2","-2.88796","18.75","1016.13","5.11469","869.3","866.0"
"40766","2010-09-18 00:00:00","1389-06-27 00:00:00","11.6","34.2","0.0","8.4","6","290","22.9","-0.453035","20.875","1014.68","5.93573","867.8","865.0"
"40766","2010-09-19 00:00:00","1389-06-28 00:00:00","18.4","32.0","0.0","4.1","9","190","25.2","1.87359","22.75","1014.48","7.07833","867.6","865.2"
"40766","2010-09-20 00:00:00","1389-06-29 00:00:00","16.4","31.2","0.0","9.1","5","290","23.8","3.55693","28.75","1017.85","7.93473","870.0","867.8"
"40766","2010-09-21 00:00:00","1389-06-30 00:00:00","14.0","33.0","0.0","9.6","4","140","23.5","1.02719","24.375","1019.25","6.62997","871.4","869.2"
"40766","2010-09-22 00:00:00","1389-06-31 00:00:00","13.0","34.1","0.0","10.0","8","310","23.5","-2.0571","19.0","1020.68","5.26989","872.9","870.3"
"40766","2010-09-23 00:00:00","1389-07-01 00:00:00","14.4","34.9","0.0","9.5","5","310","24.7","-1.65892","17.5","1020.82","5.44173","873.3","870.4"
"40766","2010-09-24 00:00:00","1389-07-02 00:00:00","13.8","33.4","0.0","10.2","6","280","23.6","-2.23833","19.75","1019.66","5.27357","872.0","869.1"
"40766","2010-09-25 00:00:00","1389-07-03 00:00:00","11.2","34.8","0.0","10.8","3","150","23.0","-2.74119","18.25","1019.52","5.00779","872.1","869.0"
"40766","2010-09-26 00:00:00","1389-07-04 00:00:00","13.4","33.9","0.0","8.1","8","290","23.7","0.0618417","21.25","1020.95","6.2292","872.5","871.0"
"40766","2010-09-27 00:00:00","1389-07-05 00:00:00","13.8","33.9","0.0","9.2","10","270","23.9","0.900873","24.125","1020.82","6.55163","872.9","870.6"
"40766","2010-09-28 00:00:00","1389-07-06 00:00:00","12.5","32.2","0.0","9.0","6","290","22.4","1.85513","26.625","1018.79","7.02494","871.4","868.4"
"40766","2010-09-29 00:00:00","1389-07-07 00:00:00","13.2","31.1","0.0","8.5","5","290","22.1","2.47413","28.0","1017.37","7.32457","869.5","867.2"
"40766","2010-09-30 00:00:00","1389-07-08 00:00:00","12.4","30.2","0.0","5.6","6","310","21.3","4.56643","33.5","1018.39","8.47406","870.8","868.3"
"40766","2010-10-01 00:00:00","1389-07-09 00:00:00","13.5","31.2","0.0","8.2","6","310","22.4","4.04097","30.5","1019.19","8.16244","871.2","869.1"
"40766","2010-10-02 00:00:00","1389-07-10 00:00:00","13.4","30.9","0.0","10.1","7","300","22.1","3.76531","31.375","1021.38","8.02898","873.0","871.4"
"40766","2010-10-03 00:00:00","1389-07-11 00:00:00","11.2","31.6","0.0","9.7","8","300","21.4","2.80332","31.125","1021.66","7.5024","873.8","871.0"
"40766","2010-10-04 00:00:00","1389-07-12 00:00:00","10.1","30.4","0.0","8.8","5","280","20.3","1.57066","28.625","1021.79","6.85434","873.9","871.2"
"40766","2010-10-05 00:00:00","1389-07-13 00:00:00","14.2","30.1","0.0","5.2","8","270","22.1","-0.254027","24.5","1019.54","6.04964","872.0","869.0"
"40766","2010-10-06 00:00:00","1389-07-14 00:00:00","10.3","29.6","0.1","7.1","9","260","20.0","-0.0721944","25.875","1018.02","6.12593","869.8","868.2"
"40766","2010-10-07 00:00:00","1389-07-15 00:00:00","9.0","29.5","0.0","10.2","6","270","19.3","-3.33548","25.375","1018.83","4.92321","870.8","868.8"
"40766","2010-10-08 00:00:00","1389-07-16 00:00:00","7.7","30.8","0.0","8.1","4","140","19.3","-3.86936","20.375","1019.42","4.63719","871.6","869.2"
"40766","2010-10-09 00:00:00","1389-07-17 00:00:00","15.2","32.4","0.0","7.8","7","270","23.8","-0.823395","22.25","1018.17","5.77832","870.3","868.4"
"40766","2010-10-10 00:00:00","1389-07-18 00:00:00","15.5","28.2","0.01","9.3","6","270","21.9","1.37595","27.5","1017.53","6.76555","869.6","867.4"
"40766","2010-10-11 00:00:00","1389-07-19 00:00:00","10.3","27.2","0.8","8.0","10","290","18.8","4.21507","45.75","1017.71","8.47566","869.9","867.0"
"40766","2010-10-12 00:00:00","1389-07-20 00:00:00","7.2","24.1","0.0","9.5","8","290","15.6","3.50173","51.5","1018.21","8.21009","870.2","868.6"
"40766","2010-10-13 00:00:00","1389-07-21 00:00:00","4.6","24.1","0.0","10.2","8","290","14.4","-0.0498467","39.875","1019.2","6.29432","871.1","869.1"
"40766","2010-10-14 00:00:00","1389-07-22 00:00:00","8.0","25.4","0.0","9.0","8","280","16.7","4.73758","46.625","1018.92","8.58317","871.4","868.7"
"40766","2010-10-15 00:00:00","1389-07-23 00:00:00","8.0","27.6","0.0","9.8","6","310","17.8","4.76044","43.125","1019.49","8.59774","871.6","869.1"
"40766","2010-10-16 00:00:00","1389-07-24 00:00:00","8.2","29.8","0.0","9.6","5","290","19.0","1.9919","34.625","1021.6","7.1077","873.8","871.2"
"40766","2010-10-17 00:00:00","1389-07-25 00:00:00","9.6","29.7","0.0","9.8","6","320","19.7","-0.90868","28.0","1020.48","5.77596","872.5","870.0"
"40766","2010-10-18 00:00:00","1389-07-26 00:00:00","9.3","29.3","0.0","9.5","5","300","19.3","-0.191313","28.375","1021.28","6.08036","872.8","871.2"
"40766","2010-10-19 00:00:00","1389-07-27 00:00:00","9.3","29.2","0.0","9.8","4","280","19.3","-1.18224","27.875","1022.37","5.69095","874.1","872.0"
"40766","2010-10-20 00:00:00","1389-07-28 00:00:00","8.0","30.9","0.0","9.9","3","360","19.5","-4.9","21.0","1023.92","4.26834","876.2","873.4"
"40766","2010-10-21 00:00:00","1389-07-29 00:00:00","8.2","31.7","0.0","9.8","2","70","20.0","-6.21184","18.375","1023.18","3.8626","875.7","872.0"
"40766","2010-10-22 00:00:00","1389-07-30 00:00:00","8.2","30.9","0.0","10.3","6","290","19.5","-5.84165","19.0","1019.76","4.06156","872.2","869.2"
"40766","2010-10-23 00:00:00","1389-08-01 00:00:00","8.0","29.0","0.0","9.8","7","280","18.5","-3.0939","23.75","1019.16","4.88569","871.5","868.9"
"40766","2010-10-24 00:00:00","1389-08-02 00:00:00","7.0","28.5","0.0","9.7","5","300","17.8","-3.04302","23.875","1019.83","4.94175","871.7","870.0"
"40766","2010-10-25 00:00:00","1389-08-03 00:00:00","7.8","28.7","0.0","8.5","5","290","18.3","-1.2274","27.625","1020.58","5.6047","872.9","870.4"
"40766","2010-10-26 00:00:00","1389-08-04 00:00:00","7.9","25.4","0.01","5.2","5","110","16.6","-0.684439","32.25","1020.04","5.84704","871.9","869.8"
"40766","2010-10-27 00:00:00","1389-08-05 00:00:00","6.8","23.6","0.0","8.7","6","290","15.2","1.0383","40.0","1018.22","6.64979","870.3","867.8"
"40766","2010-10-28 00:00:00","1389-08-06 00:00:00","5.6","23.2","0.0","9.4","5","290","14.4","-0.1619","37.625","1018.65","6.06588","870.8","868.8"
"40766","2010-10-29 00:00:00","1389-08-07 00:00:00","6.2","24.2","0.0","5.1","3","310","15.2","-2.63951","31.375","1019.44","5.08278","871.4","869.6"
"40766","2010-10-30 00:00:00","1389-08-08 00:00:00","8.2","26.4","0.0","4.5","8","200","17.3","-1.52246","26.75","1019.76","5.54358","871.5","869.6"
"40766","2010-10-31 00:00:00","1389-08-09 00:00:00","14.4","20.7","0.0","2.8","6","310","17.5","3.05013","39.875","1022.33","7.64429","874.0","871.5"
"40766","2010-11-01 00:00:00","1389-08-10 00:00:00","11.0","19.7","9.1","2.5","8","310","15.4","10.1808","81.25","1020.1","12.4949","872.3","869.3"
"40766","2010-11-02 00:00:00","1389-08-11 00:00:00","9.6","13.6","21.7","0.3","8","110","11.6","9.5127","92.625","1018.98","11.9419","872.2","867.8"
"40766","2010-11-03 00:00:00","1389-08-12 00:00:00","6.3","17.2","0.0","7.7","6","120","11.8","7.56459","79.0","1024.83","10.4612","877.1","872.7"
"40766","2010-11-04 00:00:00","1389-08-13 00:00:00","5.3","18.3","0.0","9.2","5","150","11.8","5.59297","71.125","1026.98","9.12224","878.6","876.0"
"40766","2010-11-05 00:00:00","1389-08-14 00:00:00","4.4","20.0","0.0","9.6","4","120","12.2","3.80614","65.875","1024.32","8.07238","876.4","873.2"
"40766","2010-11-06 00:00:00","1389-08-15 00:00:00","1.8","22.2","0.0","9.4","2","160","12.0","2.84583","62.625","1021.96","7.64565","873.8","871.3"
"40766","2010-11-07 00:00:00","1389-08-16 00:00:00","3.8","22.7","0.0","9.2","6","190","13.3","1.28367","53.75","1021.78","6.76918","873.9","871.0"
"40766","2010-11-08 00:00:00","1389-08-17 00:00:00","4.0","21.2","0.0","9.3","4","220","12.6","0.112389","47.875","1022.77","6.19701","874.4","872.3"
"40766","2010-11-09 00:00:00","1389-08-18 00:00:00","4.4","21.9","0.0","0.8","5","150","13.1","0.134716","46.125","1025.3","6.17494","876.8","874.2"
"40766","2010-11-10 00:00:00","1389-08-19 00:00:00","4.6","22.1","0.0","9.1","5","290","13.4","-0.0623557","44.5","1027.69","6.09217","879.7","876.7"
"40766","2010-11-11 00:00:00","1389-08-20 00:00:00","2.8","21.1","0.0","9.3","2","170","11.9","-1.14185","44.625","1024.46","5.63826","877.1","872.6"
"40766","2010-11-12 00:00:00","1389-08-21 00:00:00","2.6","22.8","0.0","9.3","5","130","12.7","-2.48451","41.625","1020.13","5.10519","872.9","869.2"
"40766","2010-11-13 00:00:00","1389-08-22 00:00:00","1.5","21.5","0.0","9.2","3","280","11.5","-3.07938","40.125","1019.83","4.90706","871.7","869.7"
"40766","2010-11-14 00:00:00","1389-08-23 00:00:00","1.7","22.8","0.0","9.3","3","150","12.3","-3.62294","39.25","1024.08","4.68989","876.2","872.3"
"40766","2010-11-15 00:00:00","1389-08-24 00:00:00","2.3","21.3","0.0","9.4","4","120","11.8","-4.61243","34.875","1027.74","4.34185","879.4","876.7"
"40766","2010-11-16 00:00:00","1389-08-25 00:00:00","2.0","20.7","0.0","9.2","3","140","11.4","-5.59315","34.5","1026.42","4.05762","878.0","875.4"
"40766","2010-11-17 00:00:00","1389-08-26 00:00:00","0.3","20.4","0.0","9.2","2","310","10.3","-7.04606","33.5","1024.9","3.61356","876.5","874.2"
"40766","2010-11-18 00:00:00","1389-08-27 00:00:00","0.6","20.0","0.0","9.2","6","290","10.3","-6.71101","33.5","1025.33","3.70173","877.1","874.4"
"40766","2010-11-19 00:00:00","1389-08-28 00:00:00","1.0","20.2","0.0","9.2","2","130","10.6","-6.03894","34.75","1024.19","3.89814","876.4","873.1"
"40766","2010-11-20 00:00:00","1389-08-29 00:00:00","-1.0","19.0","0.0","9.3","7","110","9.0","-7.53395","33.0","1020.34","3.47072","873.3","869.2"
"40766","2010-11-21 00:00:00","1389-08-30 00:00:00","-0.6","19.8","0.0","9.3","4","110","9.6","-9.13879","30.5","1017.71","3.07738","870.4","867.4"
"40766","2010-11-22 00:00:00","1389-09-01 00:00:00","-2.8","19.3","0.0","9.2","3","350","8.3","-10.2616","29.625","1016.6","2.81541","869.3","866.6"
"40766","2010-11-23 00:00:00","1389-09-02 00:00:00","-3.0","18.6","0.0","8.3","4","270","7.8","-10.4857","28.375","1018.09","2.76637","870.8","867.8"
"40766","2010-11-24 00:00:00","1389-09-03 00:00:00","-3.2","18.0","0.0","9.4","3","330","7.4","-11.1466","27.125","1021.76","2.61824","874.0","870.9"
"40766","2010-11-25 00:00:00","1389-09-04 00:00:00","-2.3","18.3","0.0","9.0","6","290","8.0","-8.78782","31.5","1024.12","3.17282","875.5","873.7"
"40766","2010-11-26 00:00:00","1389-09-05 00:00:00","-1.7","18.6","0.0","8.9","2","290","8.4","-6.77113","36.5","1024.43","3.71162","876.1","874.1"
"40766","2010-11-27 00:00:00","1389-09-06 00:00:00","-1.8","18.8","0.0","9.0","3","290","8.5","-7.40816","34.25","1023.81","3.51179","875.7","873.3"
"40766","2010-11-28 00:00:00","1389-09-07 00:00:00","-3.6","18.6","0.0","9.0","4","280","7.5","-7.91691","34.25","1023.03","3.37761","874.8","872.3"
"40766","2010-11-29 00:00:00","1389-09-08 00:00:00","-3.9","19.4","0.0","9.2","4","100","7.8","-8.50239","32.375","1024.83","3.23023","876.6","873.7"
"40766","2010-11-30 00:00:00","1389-09-09 00:00:00","-2.2","20.0","0.0","9.1","2","110","8.9","-8.38347","34.0","1025.98","3.2582","878.2","875.1"
"40766","2010-12-01 00:00:00","1389-09-10 00:00:00","-3.7","19.7","0.0","9.3","3","280","8.0","-9.75807","31.5","1025.21","2.92784","877.0","874.3"
"40766","2010-12-02 00:00:00","1389-09-11 00:00:00","-3.6","19.6","0.0","9.1","3","280","8.0","-10.337","29.375","1025.23","2.7925","876.6","874.4"
"40766","2010-12-03 00:00:00","1389-09-12 00:00:00","-1.8","20.6","0.0","9.0","3","130","9.4","-10.4096","27.375","1026.91","2.77759","878.1","876.1"
"40766","2010-12-04 00:00:00","1389-09-13 00:00:00","0.9","21.1","0.0","9.2","6","140","11.0","-9.27115","25.875","1026.25","3.04021","877.8","875.4"
"40766","2010-12-05 00:00:00","1389-09-14 00:00:00","1.4","20.5","0.0","9.2","3","140","10.9","-8.0215","27.875","1022.93","3.35045","875.7","871.5"
"40766","2010-12-06 00:00:00","1389-09-15 00:00:00","-0.7","21.2","0.0","8.6","5","150","10.3","-9.01363","29.875","1020.17","3.14027","872.4","869.2"
"40766","2010-12-07 00:00:00","1389-09-16 00:00:00","-1.2","21.0","0.0","9.0","7","200","9.9","-14.6145","21.875","1020.75","2.00517","872.6","870.5"
"40766","2010-12-08 00:00:00","1389-09-17 00:00:00","-3.6","20.1","0.0","8.4","3","170","8.3","-16.8335","19.625","1022.16","1.66945","874.2","871.9"
"40766","2010-12-09 00:00:00","1389-09-18 00:00:00","-4.1","19.6","0.0","9.2","2","180","7.8","-16.3045","19.375","1020.3","1.72659","872.9","869.7"
"40766","2010-12-10 00:00:00","1389-09-19 00:00:00","-3.5","17.6","0.0","8.7","5","260","7.1","-14.7789","20.375","1017.28","1.95461","870.4","866.6"
"40766","2010-12-11 00:00:00","1389-09-20 00:00:00","-0.9","14.1","0.0","2.5","6","120","6.6","-9.84711","27.75","1013.56","3.1446","866.1","864.1"
"40766","2010-12-12 00:00:00","1389-09-21 00:00:00","7.8","13.6","1.21","1.5","10","270","10.7","5.25589","73.25","1012.28","8.95305","864.7","863.0"
"40766","2010-12-13 00:00:00","1389-09-22 00:00:00","3.6","10.4","21.0","2.1","9","140","7.0","1.91434","78.125","1013.65","7.19627","870.3","861.3"
"40766","2010-12-14 00:00:00","1389-09-23 00:00:00","0.4","7.2","0.0","7.6","5","300","3.8","-1.28734","75.0","1023.68","5.56888","874.9","871.6"
"40766","2010-12-15 00:00:00","1389-09-24 00:00:00","-3.0","12.2","0.0","6.7","3","140","4.6","-1.03185","77.5","1023.05","5.69562","874.5","872.5"
"40766","2010-12-16 00:00:00","1389-09-25 00:00:00","-4.1","12.9","0.0","7.3","2","140","4.4","-1.31032","75.0","1023.25","5.59275","875.2","872.6"
"40766","2010-12-17 00:00:00","1389-09-26 00:00:00","-2.0","16.7","0.0","6.5","3","160","7.4","0.914415","74.0","1022.74","6.60439","875.0","872.3"
"40766","2010-12-18 00:00:00","1389-09-27 00:00:00","-1.0","14.7","1.6","0.0","7","280","6.8","4.55363","71.5","1021.04","8.51501","872.6","871.0"
"40766","2010-12-19 00:00:00","1389-09-28 00:00:00","1.1","10.2","0.0","0.0","3","300","5.7","4.56723","99.25","1022.61","8.50921","873.7","872.4"
"40766","2010-12-20 00:00:00","1389-09-29 00:00:00","2.3","12.1","0.0","4.9","3","280","7.2","4.06055","94.5","1024.92","8.24306","876.0","874.2"
"40766","2010-12-21 00:00:00","1389-09-30 00:00:00","0.4","13.3","0.0","7.0","3","270","6.8","3.2055","87.0","1026.31","7.76427","877.6","875.8"
"40766","2010-12-22 00:00:00","1389-10-01 00:00:00","-0.9","13.2","0.0","7.5","4","120","6.2","1.53188","78.5","1024.11","6.85906","876.2","873.1"
"40766","2010-12-23 00:00:00","1389-10-02 00:00:00","-0.3","12.1","0.0","6.2","5","120","5.9","0.470565","74.875","1020.24","6.33603","872.9","869.5"
"40766","2010-12-24 00:00:00","1389-10-03 00:00:00","-2.3","13.3","0.0","7.8","2","180","5.5","-0.0963715","78.25","1019.53","6.09949","871.8","869.6"
"40766","2010-12-25 00:00:00","1389-10-04 00:00:00","-2.5","12.4","0.0","7.8","4","100","4.9","-0.303063","76.75","1019.79","5.99625","872.0","869.7"
"40766","2010-12-26 00:00:00","1389-10-05 00:00:00","-3.5","10.7","0.0","7.7","3","120","3.6","-2.68308","70.0","1021.31","5.0427","873.0","870.9"
"40766","2010-12-27 00:00:00","1389-10-06 00:00:00","-4.0","12.4","0.0","9.0","3","130","4.2","-7.72663","51.0","1023.47","3.43181","874.8","873.4"
"40766","2010-12-28 00:00:00","1389-10-07 00:00:00","-6.4","13.8","0.0","9.1","3","110","3.7","-8.70123","48.75","1024.49","3.17709","875.9","874.0"
"40766","2010-12-29 00:00:00","1389-10-08 00:00:00","-5.9","14.5","0.0","9.1","3","90","4.3","-8.78787","46.875","1025.44","3.15553","877.1","874.7"
"40766","2010-12-30 00:00:00","1389-10-09 00:00:00","-7.2","14.2","0.0","5.4","5","160","3.5","-11.7309","36.0","1023.71","2.55554","876.4","872.0"
"40766","2010-12-31 00:00:00","1389-10-10 00:00:00","","10.9","3.0","0.0","12","130","","-6.42149","48.125","1017.57","4.65212","871.0","866.7"
"40766","2011-01-01 00:00:00","1389-10-11 00:00:00","","10.7","1.0","3.1","5","150","","2.23204","70.5","1017.74","7.22243","870.2","866.6"
"40766","2011-01-02 00:00:00","1389-10-12 00:00:00","-0.6","11.0","0.0","3.8","6","280","5.2","-1.45135","69.5","1020.06","5.52037","872.0","870.1"
"40766","2011-01-03 00:00:00","1389-10-13 00:00:00","-4.1","12.1","0.0","8.0","3","110","4.0","-2.34826","70.5","1021.01","5.14888","872.8","870.7"
"40766","2011-01-04 00:00:00","1389-10-14 00:00:00","-2.7","7.1","4.1","1.0","5","110","2.2","1.75834","84.375","1019.79","7.06629","871.8","868.7"
"40766","2011-01-05 00:00:00","1389-10-15 00:00:00","","14.2","0.0","2.2","7","110","","3.83795","75.5","1017.03","8.05188","869.0","867.4"
"40766","2011-01-06 00:00:00","1389-10-16 00:00:00","0.8","13.3","0.0","6.1","3","140","7.1","2.72078","82.0","1020.23","7.47309","872.8","869.3"
"40766","2011-01-07 00:00:00","1389-10-17 00:00:00","-0.9","13.0","0.0","7.8","7","150","6.1","0.66279","75.375","1022.53","6.42745","874.9","871.9"
"40766","2011-01-08 00:00:00","1389-10-18 00:00:00","-0.6","11.2","0.0","0.8","4","120","5.3","0.991546","76.375","1020.2","6.65498","872.3","869.6"
"40766","2011-01-09 00:00:00","1389-10-19 00:00:00","-0.5","11.6","1.11","2.9","7","290","5.6","3.64392","88.875","1016.19","7.98677","869.7","866.0"
"40766","2011-01-10 00:00:00","1389-10-20 00:00:00","-1.1","8.6","0.0","6.7","5","290","3.8","-1.37308","74.125","1018.62","5.55457","870.7","866.9"
"40766","2011-01-11 00:00:00","1389-10-21 00:00:00","0.4","7.2","6.21","2.8","4","120","3.8","-0.316142","87.75","1019.09","5.97647","870.9","869.0"
"40766","2011-01-12 00:00:00","1389-10-22 00:00:00","-3.4","4.9","2.0","6.7","5","130","0.8","-4.35915","74.5","1019.56","4.45655","871.5","869.1"
"40766","2011-01-13 00:00:00","1389-10-23 00:00:00","-5.2","4.7","0.0","9.4","9","110","-0.3","-6.04682","67.75","1021.08","3.89385","873.1","871.0"
"40766","2011-01-14 00:00:00","1389-10-24 00:00:00","-6.1","6.6","0.0","6.0","6","120","0.3","-6.33874","60.5","1018.98","3.83417","872.2","868.3"
"40766","2011-01-15 00:00:00","1389-10-25 00:00:00","-6.5","5.2","20.01","0.0","8","120","-0.7","1.87444","96.5","1011.47","7.01775","868.0","859.8"
"40766","2011-01-16 00:00:00","1389-10-26 00:00:00","0.5","4.5","14.0","0.1","5","160","2.5","1.24335","92.125","1015.83","6.71969","871.5","862.2"
"40766","2011-01-17 00:00:00","1389-10-27 00:00:00","-4.8","3.5","0.0","4.9","4","290","-0.7","-2.74572","91.375","1021.92","5.0487","873.4","871.7"
"40766","2011-01-18 00:00:00","1389-10-28 00:00:00","-5.6","4.2","0.0","4.7","4","90","-0.7","-3.71658","87.25","1019.87","4.66414","872.2","869.5"
"40766","2011-01-19 00:00:00","1389-10-29 00:00:00","-5.7","5.0","0.0","2.8","4","280","-0.3","-4.48902","86.125","1017.58","4.39635","869.8","867.2"
"40766","2011-01-20 00:00:00","1389-10-30 00:00:00","-6.0","3.8","0.0","4.6","5","290","-1.1","-4.37279","89.0","1020.4","4.42963","872.8","868.9"
"40766","2011-01-21 00:00:00","1389-11-01 00:00:00","-8.5","4.8","0.0","6.8","5","290","-1.8","-4.68812","85.75","1023.85","4.35523","875.6","873.3"
"40766","2011-01-22 00:00:00","1389-11-02 00:00:00","-6.9","4.7","0.0","4.9","5","290","-1.1","-4.2525","87.0","1025.02","4.47451","876.3","874.5"
"40766","2011-01-23 00:00:00","1389-11-03 00:00:00","-6.8","5.2","0.0","5.6","4","150","-0.8","-4.70162","84.75","1025.13","4.32878","876.1","874.4"
"40766","2011-01-24 00:00:00","1389-11-04 00:00:00","-4.8","4.2","0.0","5.2","5","290","-0.3","-3.68225","90.625","1025.41","4.68021","877.1","874.8"
"40766","2011-01-25 00:00:00","1389-11-05 00:00:00","-5.1","1.9","0.0","0.0","5","300","-1.6","-2.63226","91.125","1022.36","5.06935","874.4","871.4"
"40766","2011-01-26 00:00:00","1389-11-06 00:00:00","-5.3","4.8","22.4","0.0","7","130","-0.3","0.68442","96.0","1019.23","6.43347","871.4","869.0"
"40766","2011-01-27 00:00:00","1389-11-07 00:00:00","-0.3","8.6","0.1","0.3","4","300","4.2","2.75085","92.75","1020.67","7.50493","872.7","870.3"
"40766","2011-01-28 00:00:00","1389-11-08 00:00:00","1.4","9.2","0.0","4.0","4","300","5.3","3.062","95.125","1022.14","7.62517","873.8","871.3"
"40766","2011-01-29 00:00:00","1389-11-09 00:00:00","-0.2","8.8","6.01","0.0","8","210","4.3","1.66022","84.75","1017.03","6.91152","870.5","866.5"
"40766","2011-01-30 00:00:00","1389-11-10 00:00:00","-0.3","12.3","7.2","1.1","7","120","6.0","3.73035","84.875","1014.47","7.99218","867.5","864.3"
"40766","2011-01-31 00:00:00","1389-11-11 00:00:00","2.1","8.2","18.0","0.4","5","290","5.1","3.38816","82.375","1011.26","7.80223","863.5","862.6"
"40766","2011-02-01 00:00:00","1389-11-12 00:00:00","3.9","11.3","0.4","3.1","7","300","7.6","-0.388833","68.5","1011.07","6.03946","864.4","862.1"
"40766","2011-02-02 00:00:00","1389-11-13 00:00:00","-0.5","3.5","4.1","0.0","4","150","1.5","-1.17385","91.375","1010.82","5.63712","864.5","861.2"
"40766","2011-02-03 00:00:00","1389-11-14 00:00:00","-4.0","1.3","3.2","8.6","7","280","-1.4","-4.66153","83.875","1015.95","4.34958","871.8","861.9"
"40766","2011-02-04 00:00:00","1389-11-15 00:00:00","-9.7","1.2","2.0","0.5","3","140","-4.3","-5.77117","83.375","1020.28","4.03606","872.8","869.8"
"40766","2011-02-05 00:00:00","1389-11-16 00:00:00","-8.7","4.2","2.1","1.2","5","280","-2.3","-1.06338","90.375","1018.0","5.66164","869.8","868.2"
"40766","2011-02-06 00:00:00","1389-11-17 00:00:00","-3.8","6.2","0.0","9.0","6","290","1.2","-3.25405","74.5","1019.97","4.81113","872.4","870.2"
"40766","2011-02-07 00:00:00","1389-11-18 00:00:00","-6.8","11.1","0.0","8.5","4","290","2.2","-7.39645","58.625","1018.27","3.56392","870.8","868.0"
"40766","2011-02-08 00:00:00","1389-11-19 00:00:00","-6.7","10.0","0.0","3.5","4","120","1.7","-6.80605","60.75","1014.4","3.68339","867.5","864.2"
"40766","2011-02-09 00:00:00","1389-11-20 00:00:00","-5.6","12.8","0.0","10.0","7","130","3.6","-5.3593","53.375","1012.31","4.17418","866.5","861.9"
"40766","2011-02-10 00:00:00","1389-11-21 00:00:00","1.4","12.4","0.0","7.6","7","280","6.9","-2.02387","60.875","1008.71","5.31834","862.0","859.4"
"40766","2011-02-11 00:00:00","1389-11-22 00:00:00","-3.0","8.5","0.21","4.4","7","290","2.8","-1.91807","70.375","1009.52","5.35662","862.5","861.1"
"40766","2011-02-12 00:00:00","1389-11-23 00:00:00","-2.3","7.4","0.1","6.9","6","320","2.6","-8.01383","51.625","1013.79","3.39615","867.8","862.3"
"40766","2011-02-13 00:00:00","1389-11-24 00:00:00","-6.7","10.0","0.0","8.5","7","320","1.7","-6.82931","57.375","1015.69","3.6885","868.4","865.8"
"40766","2011-02-14 00:00:00","1389-11-25 00:00:00","-5.8","10.1","0.0","8.2","8","310","2.2","-5.17656","60.125","1015.39","4.18059","868.0","865.7"
"40766","2011-02-15 00:00:00","1389-11-26 00:00:00","-3.6","10.9","0.0","2.6","6","210","3.6","-3.09131","62.375","1013.62","4.86954","867.2","863.7"
"40766","2011-02-16 00:00:00","1389-11-27 00:00:00","1.3","14.6","1.1","3.4","9","170","8.0","-1.78586","52.75","1011.78","5.41","865.1","862.0"
"40766","2011-02-17 00:00:00","1389-11-28 00:00:00","4.4","11.3","0.22","1.0","5","290","7.9","1.95652","71.0","1015.32","7.05519","868.9","863.9"
"40766","2011-02-18 00:00:00","1389-11-29 00:00:00","1.2","10.9","0.0","6.2","8","310","6.0","-0.111505","69.375","1018.44","6.10138","870.5","868.5"
"40766","2011-02-19 00:00:00","1389-11-30 00:00:00","-4.8","16.3","0.0","9.3","5","170","5.7","-3.50017","56.375","1019.33","4.73778","872.2","869.1"
"40766","2011-02-20 00:00:00","1389-12-01 00:00:00","1.8","15.4","0.1","1.2","14","160","8.6","-1.37578","50.0","1013.43","5.61991","867.8","862.0"
"40766","2011-02-21 00:00:00","1389-12-02 00:00:00","4.9","14.2","0.0","1.2","10","230","9.6","1.41379","61.0","1013.94","6.79186","867.9","864.2"
"40766","2011-02-22 00:00:00","1389-12-03 00:00:00","3.7","13.1","0.5","2.6","5","320","8.4","2.62863","73.875","1019.4","7.39541","871.8","868.3"
"40766","2011-02-23 00:00:00","1389-12-04 00:00:00","-1.1","17.4","0.0","9.0","4","110","8.1","-0.414548","61.0","1020.6","5.97977","873.4","870.0"
"40766","2011-02-24 00:00:00","1389-12-05 00:00:00","-0.3","19.0","0.0","5.5","5","280","9.4","-2.15963","50.875","1019.22","5.23868","870.9","869.0"
"40766","2011-02-25 00:00:00","1389-12-06 00:00:00","-1.4","19.1","0.0","8.2","4","150","8.9","-4.19688","43.875","1018.25","4.5379","871.2","867.4"
"40766","2011-02-26 00:00:00","1389-12-07 00:00:00","3.4","18.9","0.21","2.6","9","150","11.1","1.11119","53.125","1013.57","6.87282","867.7","863.0"
"40766","2011-02-27 00:00:00","1389-12-08 00:00:00","3.5","16.1","0.9","8.0","7","300","9.8","1.04233","59.75","1015.68","6.6565","868.7","864.8"
"40766","2011-02-28 00:00:00","1389-12-09 00:00:00","-1.1","17.0","0.0","7.7","6","280","7.9","-0.978306","57.125","1016.16","5.81187","869.5","865.4"
"40766","2011-03-01 00:00:00","1389-12-10 00:00:00","3.6","13.9","0.0","5.0","6","310","8.8","-0.0161187","58.875","1016.29","6.10429","868.6","866.5"
"40766","2011-03-02 00:00:00","1389-12-11 00:00:00","-1.3","14.8","0.0","8.4","8","290","6.8","-2.23756","59.375","1017.27","5.23019","869.6","867.0"
"40766","2011-03-03 00:00:00","1389-12-12 00:00:00","-2.8","13.7","0.0","9.3","10","300","5.4","-6.50332","51.5","1016.87","3.94134","869.0","865.9"
"40766","2011-03-04 00:00:00","1389-12-13 00:00:00","-6.3","12.0","0.0","10.2","7","290","2.8","-8.75715","43.375","1016.89","3.16085","870.1","866.5"
"40766","2011-03-05 00:00:00","1389-12-14 00:00:00","-5.3","12.2","0.0","8.1","8","290","3.4","-10.1484","39.25","1016.22","2.87239","868.9","865.8"
"40766","2011-03-06 00:00:00","1389-12-15 00:00:00","-5.7","15.0","0.0","10.4","6","280","4.7","-10.8584","35.875","1019.67","2.68729","872.3","869.4"
"40766","2011-03-07 00:00:00","1389-12-16 00:00:00","-2.7","17.6","0.0","5.4","8","200","7.5","-6.04738","34.875","1021.78","3.931","873.6","871.7"
"40766","2011-03-08 00:00:00","1389-12-17 00:00:00","7.0","13.2","8.0","0.2","11","100","10.1","2.10226","60.625","1020.75","7.26568","872.1","870.6"
"40766","2011-03-09 00:00:00","1389-12-18 00:00:00","6.8","12.2","4.4","0.0","8","120","9.5","5.7453","74.25","1018.07","9.2018","870.4","868.1"
"40766","2011-03-10 00:00:00","1389-12-19 00:00:00","7.6","19.7","0.0","3.6","12","180","13.7","5.10357","58.25","1015.95","8.80518","868.6","866.1"
"40766","2011-03-11 00:00:00","1389-12-20 00:00:00","5.7","14.9","0.3","7.0","6","310","10.3","-4.95044","37.875","1017.63","4.42945","869.8","866.3"
"40766","2011-03-12 00:00:00","1389-12-21 00:00:00","-0.2","16.0","0.0","1.6","10","290","7.9","-2.41582","48.75","1017.53","5.12257","869.6","867.8"
"40766","2011-03-13 00:00:00","1389-12-22 00:00:00","5.1","12.2","0.61","0.0","8","110","8.6","2.57063","77.25","1017.48","7.36073","869.3","868.2"
"40766","2011-03-14 00:00:00","1389-12-23 00:00:00","2.4","12.2","4.0","4.9","8","110","7.3","0.871043","78.125","1020.24","6.5385","874.5","868.2"
"40766","2011-03-15 00:00:00","1389-12-24 00:00:00","-0.7","7.7","1.9","9.2","8","190","3.5","-2.60411","69.625","1026.52","5.07066","877.7","874.9"
"40766","2011-03-16 00:00:00","1389-12-25 00:00:00","-2.6","13.3","0.0","10.8","6","110","5.4","-3.45321","58.25","1025.46","4.73782","877.3","873.9"
"40766","2011-03-17 00:00:00","1389-12-26 00:00:00","-2.0","18.2","0.0","10.8","6","290","8.1","-5.98766","42.5","1021.36","3.99621","874.0","870.2"
"40766","2011-03-18 00:00:00","1389-12-27 00:00:00","-3.1","20.3","0.0","10.3","4","280","8.6","-6.18106","38.25","1020.64","3.89387","873.3","870.2"
"40766","2011-03-19 00:00:00","1389-12-28 00:00:00","-1.3","24.2","0.0","10.7","5","290","11.5","-4.63766","36.375","1018.28","4.35769","870.6","867.6"
"40766","2011-03-20 00:00:00","1389-12-29 00:00:00","2.9","24.0","0.0","9.8","7","280","13.4","-3.42348","33.0","1017.81","4.76562","870.0","867.8"
"40766","2011-03-21 00:00:00","1390-01-01 00:00:00","2.8","25.5","0.0","6.4","6","290","14.1","-1.25275","34.75","1017.64","5.58361","870.5","867.1"
"40766","2011-03-22 00:00:00","1390-01-02 00:00:00","9.0","24.3","0.01","6.8","11","200","16.6","1.28469","36.875","1016.47","6.78719","869.3","866.1"
"40766","2011-03-23 00:00:00","1390-01-03 00:00:00","7.4","16.1","12.2","3.1","7","320","11.8","6.94196","85.875","1014.37","10.0318","866.6","864.4"
"40766","2011-03-24 00:00:00","1390-01-04 00:00:00","3.0","14.2","0.0","6.7","7","290","8.6","0.934174","60.625","1014.98","6.62541","867.0","865.7"
"40766","2011-03-25 00:00:00","1390-01-05 00:00:00","1.7","10.8","11.0","0.0","5","150","6.3","2.94194","90.875","1015.55","7.59175","867.7","866.1"
"40766","2011-03-26 00:00:00","1390-01-06 00:00:00","1.9","14.5","2.0","6.1","5","280","8.2","3.29056","78.0","1018.79","7.77704","872.2","866.9"
"40766","2011-03-27 00:00:00","1390-01-07 00:00:00","0.6","18.0","0.0","10.6","3","190","9.3","0.735335","59.625","1021.43","6.51443","874.6","870.2"
"40766","2011-03-28 00:00:00","1390-01-08 00:00:00","1.1","19.2","0.0","10.8","4","180","10.2","-1.61497","47.375","1019.71","5.47803","872.1","869.2"
"40766","2011-03-29 00:00:00","1390-01-09 00:00:00","3.7","18.4","0.0","10.9","8","280","11.1","-3.7377","36.25","1020.25","4.65608","872.3","869.6"
"40766","2011-03-30 00:00:00","1390-01-10 00:00:00","0.5","19.2","0.0","11.1","4","260","9.9","-3.25259","41.25","1022.49","4.87045","874.5","872.1"
"40766","2011-03-31 00:00:00","1390-01-11 00:00:00","0.0","21.6","0.0","10.7","7","300","10.8","-3.96852","38.875","1022.93","4.62674","874.9","872.4"
"40766","2011-04-01 00:00:00","1390-01-12 00:00:00","0.9","22.6","0.0","11.2","5","280","11.8","-2.94405","38.75","1023.41","4.94613","875.7","872.2"
"40766","2011-04-02 00:00:00","1390-01-13 00:00:00","1.5","24.9","0.0","10.1","5","110","13.2","-4.89943","32.125","1021.93","4.35097","874.8","870.7"
"40766","2011-04-03 00:00:00","1390-01-14 00:00:00","3.1","25.2","0.0","7.4","7","110","14.2","-1.08987","33.125","1019.53","5.70454","872.1","869.3"
"40766","2011-04-04 00:00:00","1390-01-15 00:00:00","15.3","23.9","0.0","1.2","15","150","19.6","2.93121","34.0","1015.91","7.61717","868.6","865.9"
"40766","2011-04-05 00:00:00","1390-01-16 00:00:00","12.9","18.4","5.1","0.0","10","310","15.6","7.60926","63.0","1014.21","10.5698","866.8","864.8"
"40766","2011-04-06 00:00:00","1390-01-17 00:00:00","9.2","18.6","3.0","7.9","8","300","13.9","3.18536","53.625","1012.54","7.77203","865.8","862.4"
"40766","2011-04-07 00:00:00","1390-01-18 00:00:00","1.7","19.7","0.0","9.7","7","190","10.7","1.12379","53.625","1014.93","6.65992","867.4","865.4"
"40766","2011-04-08 00:00:00","1390-01-19 00:00:00","3.5","17.9","0.2","4.8","10","280","10.7","2.3383","57.75","1016.76","7.31912","868.8","866.9"
"40766","2011-04-09 00:00:00","1390-01-20 00:00:00","4.7","18.7","5.0","7.5","9","230","11.7","3.52979","67.0","1014.75","7.95034","867.6","865.0"
"40766","2011-04-10 00:00:00","1390-01-21 00:00:00","1.4","19.0","0.0","6.0","9","240","10.2","2.22749","59.5","1014.68","7.19826","866.9","865.7"
"40766","2011-04-11 00:00:00","1390-01-22 00:00:00","7.6","20.4","0.0","4.8","11","250","14.0","1.16327","44.625","1013.66","6.78832","866.1","864.2"
"40766","2011-04-12 00:00:00","1390-01-23 00:00:00","9.2","21.6","4.0","4.1","21","170","15.4","2.77069","51.125","1012.11","7.70021","865.7","861.1"
"40766","2011-04-13 00:00:00","1390-01-24 00:00:00","6.7","16.2","7.0","0.0","7","290","11.5","-2.67598","46.5","1015.38","5.19116","869.4","863.3"
"40766","2011-04-14 00:00:00","1390-01-25 00:00:00","0.5","17.9","0.0","4.9","5","350","9.2","-7.49167","38.25","1018.82","3.72421","870.9","869.3"
"40766","2011-04-15 00:00:00","1390-01-26 00:00:00","-0.8","20.3","0.0","7.9","7","290","9.8","-5.4064","38.75","1019.08","4.18951","871.7","869.1"
"40766","2011-04-16 00:00:00","1390-01-27 00:00:00","1.2","21.9","0.0","0.0","5","280","11.6","-2.50145","37.625","1021.48","5.10032","873.1","871.3"
"40766","2011-04-17 00:00:00","1390-01-28 00:00:00","3.3","24.0","0.0","10.2","10","290","13.6","-0.519519","39.0","1023.2","5.89336","874.6","872.5"
"40766","2011-04-18 00:00:00","1390-01-29 00:00:00","5.9","25.2","0.0","0.0","8","270","15.6","0.930262","39.875","1022.67","6.58707","875.0","871.5"
"40766","2011-04-19 00:00:00","1390-01-30 00:00:00","6.2","27.0","0.0","10.4","5","220","16.6","0.728803","38.625","1019.27","6.48109","872.4","868.2"
"40766","2011-04-20 00:00:00","1390-01-31 00:00:00","9.6","24.0","0.0","0.0","10","300","16.8","2.36557","37.625","1017.07","7.49465","870.1","867.4"
"40766","2011-04-21 00:00:00","1390-02-01 00:00:00","10.6","25.4","6.0","1.2","8","180","18.0","8.65917","63.125","1017.31","11.4034","869.9","866.5"
"40766","2011-04-22 00:00:00","1390-02-02 00:00:00","12.1","18.6","15.6","0.0","14","100","15.4","8.45047","65.75","1017.85","11.1513","869.6","867.2"
"40766","2011-04-23 00:00:00","1390-02-03 00:00:00","8.5","22.6","0.0","4.8","8","110","15.6","6.87555","56.0","1017.4","10.0197","869.3","868.0"
"40766","2011-04-24 00:00:00","1390-02-04 00:00:00","9.9","23.1","0.0","6.3","8","180","16.5","6.0051","58.0","1016.57","9.55897","868.8","867.4"
"40766","2011-04-25 00:00:00","1390-02-05 00:00:00","9.7","20.3","1.0","5.6","5","150","15.0","9.57315","75.5","1015.18","11.9729","867.5","865.5"
"40766","2011-04-26 00:00:00","1390-02-06 00:00:00","9.0","18.9","27.0","5.6","8","90","13.9","8.63782","75.125","1015.11","11.2482","867.4","865.4"
"40766","2011-04-27 00:00:00","1390-02-07 00:00:00","5.2","21.7","0.0","11.6","8","240","13.5","4.74964","56.625","1017.26","8.61197","869.1","866.7"
"40766","2011-04-28 00:00:00","1390-02-08 00:00:00","4.8","23.2","0.0","10.4","5","290","14.0","3.39538","56.0","1015.88","7.92343","868.5","866.0"
"40766","2011-04-29 00:00:00","1390-02-09 00:00:00","6.1","25.8","0.0","7.7","8","280","15.9","5.83257","53.375","1013.96","9.33274","866.7","864.5"
"40766","2011-04-30 00:00:00","1390-02-10 00:00:00","12.3","17.6","13.0","0.0","10","110","15.0","10.9345","81.375","1013.25","13.1375","866.3","863.1"
"40766","2011-05-01 00:00:00","1390-02-11 00:00:00","7.6","19.9","33.6","5.2","7","260","13.8","8.01959","72.875","1015.01","10.8175","868.7","865.3"
"40766","2011-05-02 00:00:00","1390-02-12 00:00:00","5.8","19.0","0.01","2.2","6","240","12.4","7.89422","75.375","1018.44","10.6915","870.3","868.9"
"40766","2011-05-03 00:00:00","1390-02-13 00:00:00","5.6","20.9","0.0","9.2","5","310","13.3","6.63085","65.375","1015.59","9.79715","868.1","865.8"
"40766","2011-05-04 00:00:00","1390-02-14 00:00:00","5.7","22.4","0.0","11.9","8","310","14.0","5.69151","60.25","1016.01","9.19656","868.9","866.1"
"40766","2011-05-05 00:00:00","1390-02-15 00:00:00","6.9","23.5","0.0","10.5","7","310","15.2","6.70201","54.375","1018.18","9.82261","869.9","868.4"
"40766","2011-05-06 00:00:00","1390-02-16 00:00:00","9.0","22.4","1.1","3.1","8","290","15.7","9.43768","72.875","1018.73","11.8668","870.1","869.3"
"40766","2011-05-07 00:00:00","1390-02-17 00:00:00","10.6","23.6","0.21","4.5","5","290","17.1","9.72302","64.0","1016.9","12.1164","869.4","866.8"
"40766","2011-05-08 00:00:00","1390-02-18 00:00:00","12.2","24.3","8.0","0.9","8","100","18.3","10.0682","63.625","1015.75","12.4285","867.4","866.5"
"40766","2011-05-09 00:00:00","1390-02-19 00:00:00","11.5","24.1","0.0","10.9","7","230","17.8","5.6514","49.5","1015.92","9.30135","868.5","866.4"
"40766","2011-05-10 00:00:00","1390-02-20 00:00:00","5.3","26.0","0.0","9.6","4","100","15.6","5.54023","48.375","1017.67","9.18778","869.8","868.1"
"40766","2011-05-11 00:00:00","1390-02-21 00:00:00","13.9","29.1","0.0","7.9","7","90","21.5","6.67112","43.75","1015.02","9.86452","867.7","865.1"
"40766","2011-05-12 00:00:00","1390-02-22 00:00:00","9.3","28.8","0.0","8.8","6","260","19.0","4.31038","36.875","1015.45","8.39603","867.8","866.0"
"40766","2011-05-13 00:00:00","1390-02-23 00:00:00","9.3","27.6","0.0","7.6","11","310","18.5","1.86482","34.875","1015.55","7.06198","867.7","865.9"
"40766","2011-05-14 00:00:00","1390-02-24 00:00:00","10.7","26.1","0.1","0.0","10","130","18.4","5.05524","39.375","1013.16","8.79855","866.6","863.2"
"40766","2011-05-15 00:00:00","1390-02-25 00:00:00","13.4","23.8","0.0","1.4","7","290","18.6","3.90532","44.875","1016.5","8.11024","869.1","865.6"
"40766","2011-05-16 00:00:00","1390-02-26 00:00:00","6.2","20.9","3.0","0.0","6","290","13.5","8.2927","70.875","1022.06","11.1177","875.0","869.8"
"40766","2011-05-17 00:00:00","1390-02-27 00:00:00","11.7","19.8","8.9","0.5","7","110","15.8","12.8968","86.25","1023.86","14.9291","875.4","873.8"
"40766","2011-05-18 00:00:00","1390-02-28 00:00:00","12.5","24.6","4.0","2.0","11","100","18.5","12.1813","72.25","1023.17","14.2359","874.8","872.9"
"40766","2011-05-19 00:00:00","1390-02-29 00:00:00","13.9","30.3","3.0","8.5","7","280","22.1","12.8871","57.875","1021.32","14.946","873.5","870.7"
"40766","2011-05-20 00:00:00","1390-02-30 00:00:00","12.8","29.6","0.0","10.1","4","280","21.2","7.91865","46.875","1019.77","10.8109","871.9","869.0"
"40766","2011-05-21 00:00:00","1390-02-31 00:00:00","9.1","29.0","0.0","11.6","7","320","19.0","5.82502","42.375","1017.03","9.26744","869.5","867.0"
"40766","2011-05-22 00:00:00","1390-03-01 00:00:00","10.2","29.9","0.0","8.0","6","290","20.0","4.57791","37.75","1015.01","8.5396","867.1","865.9"
"40766","2011-05-23 00:00:00","1390-03-02 00:00:00","9.0","28.0","0.0","12.0","7","240","18.5","0.694159","34.5","1015.28","6.61514","867.2","866.1"
"40766","2011-05-24 00:00:00","1390-03-03 00:00:00","7.2","27.9","0.0","12.2","7","290","17.5","2.42256","37.0","1016.33","7.35604","868.7","866.8"
"40766","2011-05-25 00:00:00","1390-03-04 00:00:00","7.9","28.7","0.0","12.5","5","300","18.3","4.88758","40.375","1015.49","8.68306","867.8","866.1"
"40766","2011-05-26 00:00:00","1390-03-05 00:00:00","9.8","29.8","0.0","12.1","8","290","19.8","3.83025","36.25","1015.39","8.13095","867.4","865.7"
"40766","2011-05-27 00:00:00","1390-03-06 00:00:00","10.3","29.8","0.0","11.4","7","310","20.0","3.82717","32.875","1016.37","8.06517","868.4","866.8"
"40766","2011-05-28 00:00:00","1390-03-07 00:00:00","11.3","31.3","0.0","11.8","6","280","21.3","5.37629","35.5","1017.4","8.9711","869.5","867.7"
"40766","2011-05-29 00:00:00","1390-03-08 00:00:00","11.0","34.2","0.0","12.2","4","300","22.6","6.44656","37.125","1018.31","9.67424","870.2","868.4"
"40766","2011-05-30 00:00:00","1390-03-09 00:00:00","12.9","36.3","0.0","10.4","4","90","24.6","4.82218","30.875","1020.45","8.80288","872.3","869.9"
"40766","2011-05-31 00:00:00","1390-03-10 00:00:00","15.6","37.2","0.0","11.6","6","140","26.4","3.99312","27.5","1020.01","8.32205","872.4","869.0"
"40766","2011-06-01 00:00:00","1390-03-11 00:00:00","14.4","37.1","0.0","8.5","5","130","25.8","4.24434","26.625","1016.03","8.37048","869.3","865.6"
"40766","2011-06-02 00:00:00","1390-03-12 00:00:00","14.0","36.7","0.0","9.1","11","270","25.4","4.06547","27.0","1014.3","8.37724","866.1","865.5"
"40766","2011-06-03 00:00:00","1390-03-13 00:00:00","19.4","32.3","0.0","3.8","7","310","25.8","1.57799","25.0","1015.04","7.11963","867.1","865.6"
"40766","2011-06-04 00:00:00","1390-03-14 00:00:00","9.2","32.4","0.0","11.8","7","220","20.8","0.783756","27.5","1016.03","6.53782","868.3","866.3"
"40766","2011-06-05 00:00:00","1390-03-15 00:00:00","10.0","33.0","0.0","11.6","8","310","21.5","0.295198","24.125","1015.89","6.32195","868.6","865.9"
"40766","2011-06-06 00:00:00","1390-03-16 00:00:00","13.3","35.9","0.0","9.2","9","190","24.6","0.640662","20.625","1014.93","6.42361","867.2","865.1"
"40766","2011-06-07 00:00:00","1390-03-17 00:00:00","13.7","36.0","0.0","11.2","8","250","24.9","0.618948","21.0","1016.96","6.42738","868.8","867.3"
"40766","2011-06-08 00:00:00","1390-03-18 00:00:00","12.5","36.4","0.01","6.2","7","210","24.5","1.94145","22.25","1016.09","7.05178","869.3","865.4"
"40766","2011-06-09 00:00:00","1390-03-19 00:00:00","18.0","35.7","0.0","0.0","8","310","26.9","3.69225","23.5","1009.78","8.0099","864.4","859.3"
"40766","2011-06-10 00:00:00","1390-03-20 00:00:00","15.4","33.3","0.0","11.4","7","300","24.3","4.52958","28.375","1007.09","8.51929","860.4","858.1"
"40766","2011-06-11 00:00:00","1390-03-21 00:00:00","17.2","32.1","0.0","6.3","9","310","24.6","0.532146","21.0","1009.23","6.484","862.6","860.0"
"40766","2011-06-12 00:00:00","1390-03-22 00:00:00","17.0","32.8","0.0","7.0","10","280","24.9","0.721246","23.5","1010.35","6.55331","863.3","861.5"
"40766","2011-06-13 00:00:00","1390-03-23 00:00:00","15.6","30.4","0.0","5.0","6","320","23.0","2.61484","27.375","1012.3","7.38515","864.6","863.5"
"40766","2011-06-14 00:00:00","1390-03-24 00:00:00","12.1","31.5","0.0","11.7","9","310","21.8","1.55158","27.0","1013.62","6.89714","866.5","864.4"
"40766","2011-06-15 00:00:00","1390-03-25 00:00:00","10.8","32.6","0.0","12.9","5","310","21.7","0.0719106","23.25","1015.62","6.20346","867.9","866.3"
"40766","2011-06-16 00:00:00","1390-03-26 00:00:00","12.4","37.5","0.0","12.2","6","280","25.0","-1.00022","21.25","1014.75","5.92482","867.6","865.2"
"40766","2011-06-17 00:00:00","1390-03-27 00:00:00","12.5","39.0","0.0","12.4","6","310","25.8","-0.190986","19.625","1013.03","6.18723","866.6","863.2"
"40766","2011-06-18 00:00:00","1390-03-28 00:00:00","13.9","40.3","0.0","12.4","6","290","27.1","-1.50936","16.25","1012.01","5.58088","864.8","862.8"
"40766","2011-06-19 00:00:00","1390-03-29 00:00:00","15.3","37.4","0.0","12.5","8","290","26.4","-4.00031","13.625","1011.41","4.6312","864.2","862.5"
"40766","2011-06-20 00:00:00","1390-03-30 00:00:00","14.4","35.6","0.0","12.5","8","320","25.0","-4.41625","14.25","1011.14","4.45427","863.7","862.6"
"40766","2011-06-21 00:00:00","1390-03-31 00:00:00","12.9","37.4","0.0","12.2","7","290","25.2","-4.20167","15.125","1011.41","4.49123","864.1","862.2"
"40766","2011-06-22 00:00:00","1390-04-01 00:00:00","14.2","38.3","0.0","12.3","6","290","26.3","2.14088","19.625","1009.52","7.29424","863.2","860.1"
"40766","2011-06-23 00:00:00","1390-04-02 00:00:00","18.8","37.5","0.0","9.6","12","300","28.1","7.05953","29.0","1008.07","10.163","861.6","858.8"
"40766","2011-06-24 00:00:00","1390-04-03 00:00:00","16.6","37.4","0.0","12.0","4","270","27.0","5.33393","26.875","1009.03","9.2116","862.0","860.4"
"40766","2011-06-25 00:00:00","1390-04-04 00:00:00","18.2","37.0","0.0","8.6","6","110","27.6","3.36864","23.5","1010.29","8.14217","864.1","860.5"
"40766","2011-06-26 00:00:00","1390-04-05 00:00:00","17.2","36.5","0.0","11.6","7","280","26.9","-3.02065","15.0","1008.93","5.17418","861.7","860.3"
"40766","2011-06-27 00:00:00","1390-04-06 00:00:00","15.7","37.0","0.0","11.1","4","290","26.4","-4.26413","14.5","1009.14","4.63961","862.2","859.9"
"40766","2011-06-28 00:00:00","1390-04-07 00:00:00","15.8","37.2","0.0","12.3","7","300","26.5","-4.22268","13.5","1010.32","4.50984","862.9","861.5"
"40766","2011-06-29 00:00:00","1390-04-08 00:00:00","14.3","38.2","0.0","12.0","8","300","26.3","-3.37308","13.5","1010.28","4.77487","863.0","861.3"
"40766","2011-06-30 00:00:00","1390-04-09 00:00:00","14.3","38.0","0.0","12.6","10","300","26.1","-3.52377","13.75","1009.3","4.7265","862.4","860.3"
"40766","2011-07-01 00:00:00","1390-04-10 00:00:00","13.2","39.2","0.0","12.0","7","300","26.2","-2.41413","15.25","1008.78","5.12956","862.1","859.6"
"40766","2011-07-02 00:00:00","1390-04-11 00:00:00","15.3","39.0","0.0","11.2","8","280","27.1","-2.37417","15.75","1009.52","5.21623","862.3","860.8"
"40766","2011-07-03 00:00:00","1390-04-12 00:00:00","14.5","37.8","0.0","9.6","6","290","26.1","-3.21993","16.0","1009.79","5.01926","862.6","860.8"
"40766","2011-07-04 00:00:00","1390-04-13 00:00:00","14.7","38.2","0.0","11.3","8","290","26.5","-3.39955","15.125","1009.79","4.81328","862.4","861.2"
"40766","2011-07-05 00:00:00","1390-04-14 00:00:00","14.6","37.7","0.0","11.8","6","290","26.2","-4.62834","14.0","1010.28","4.52003","862.9","861.2"
"40766","2011-07-06 00:00:00","1390-04-15 00:00:00","15.9","39.5","0.0","11.9","4","200","27.7","-3.15186","14.5","1011.81","4.97529","864.4","862.9"
"40766","2011-07-07 00:00:00","1390-04-16 00:00:00","17.8","42.5","0.0","6.5","6","320","30.1","-0.961205","13.625","1012.62","5.73436","865.1","863.7"
"40766","2011-07-08 00:00:00","1390-04-17 00:00:00","19.8","42.9","0.0","6.9","4","290","31.4","0.233102","15.125","1015.37","6.36565","867.6","865.7"
"40766","2011-07-09 00:00:00","1390-04-18 00:00:00","20.1","43.6","0.0","6.7","6","310","31.8","-0.572507","13.375","1014.03","5.95253","867.4","864.0"
"40766","2011-07-10 00:00:00","1390-04-19 00:00:00","20.5","42.2","0.0","9.5","7","320","31.4","-2.7882","11.875","1010.93","5.03239","864.1","861.4"
"40766","2011-07-11 00:00:00","1390-04-20 00:00:00","23.8","38.1","0.0","10.6","8","290","30.9","-1.8397","12.75","1011.17","5.41384","863.6","862.6"
"40766","2011-07-12 00:00:00","1390-04-21 00:00:00","17.2","38.0","0.0","11.2","5","300","27.6","-2.47336","13.625","1011.77","5.15582","864.4","862.6"
"40766","2011-07-13 00:00:00","1390-04-22 00:00:00","18.0","38.8","0.0","12.2","6","290","28.4","-2.57812","13.0","1013.11","5.14027","865.8","863.9"
"40766","2011-07-14 00:00:00","1390-04-23 00:00:00","16.5","40.0","0.0","12.5","5","290","28.3","-4.81952","11.625","1014.09","4.32069","866.5","864.6"
"40766","2011-07-15 00:00:00","1390-04-24 00:00:00","18.6","40.9","0.0","12.2","6","300","29.8","0.239123","14.75","1011.74","6.32176","865.2","861.7"
"40766","2011-07-16 00:00:00","1390-04-25 00:00:00","17.2","42.0","0.0","11.8","10","180","29.6","-0.545325","15.375","1007.62","6.02396","861.9","857.7"
"40766","2011-07-17 00:00:00","1390-04-26 00:00:00","17.7","36.4","0.0","8.6","7","310","27.1","1.12361","19.0","1006.24","6.66227","859.3","858.3"
"40766","2011-07-18 00:00:00","1390-04-27 00:00:00","16.4","36.3","0.0","0.8","5","150","26.3","0.981189","21.0","1007.45","6.82657","861.4","859.0"
"40766","2011-07-19 00:00:00","1390-04-28 00:00:00","19.0","36.0","0.01","8.4","9","290","27.5","4.52549","25.25","1009.82","8.61269","862.4","861.0"
"40766","2011-07-20 00:00:00","1390-04-29 00:00:00","17.6","36.5","0.0","9.6","13","60","27.0","4.27955","24.375","1009.5","8.34815","862.7","860.5"
"40766","2011-07-21 00:00:00","1390-04-30 00:00:00","18.4","37.1","0.0","7.4","8","300","27.8","2.89276","21.5","1009.24","7.62365","862.3","860.1"
"40766","2011-07-22 00:00:00","1390-04-31 00:00:00","17.8","37.2","0.0","9.4","6","290","27.5","3.83162","21.5","1008.98","8.04685","862.0","859.8"
"40766","2011-07-23 00:00:00","1390-05-01 00:00:00","16.8","37.6","0.0","11.5","8","180","27.2","0.993222","18.875","1008.3","6.66548","861.8","859.2"
"40766","2011-07-24 00:00:00","1390-05-02 00:00:00","17.4","38.1","0.0","11.8","9","240","27.8","0.888355","18.625","1009.72","6.71839","862.8","860.4"
"40766","2011-07-25 00:00:00","1390-05-03 00:00:00","18.0","39.8","0.0","9.4","7","200","28.9","0.556921","17.25","1014.14","6.4691","867.1","863.8"
"40766","2011-07-26 00:00:00","1390-05-04 00:00:00","21.2","42.2","0.0","5.9","5","40","31.7","1.63073","15.75","1017.16","6.88736","869.9","867.7"
"40766","2011-07-27 00:00:00","1390-05-05 00:00:00","19.8","43.2","0.0","9.6","13","100","31.5","0.60906","13.75","1014.74","6.44575","868.0","864.4"
"40766","2011-07-28 00:00:00","1390-05-06 00:00:00","27.8","40.8","0.0","11.4","8","100","34.3","1.2425","12.625","1013.69","6.79768","866.5","863.7"
"40766","2011-07-29 00:00:00","1390-05-07 00:00:00","21.8","38.5","0.0","12.0","7","90","30.1","-5.31779","10.125","1014.43","4.20695","867.5","864.8"
"40766","2011-07-30 00:00:00","1390-05-08 00:00:00","17.8","39.5","0.0","12.4","4","340","28.6","-3.91309","12.25","1013.38","4.67592","866.4","863.7"
"40766","2011-07-31 00:00:00","1390-05-09 00:00:00","17.8","40.2","0.0","12.0","3","90","29.0","-4.23173","11.5","1012.59","4.48088","865.6","863.1"
"40766","2011-08-01 00:00:00","1390-05-10 00:00:00","18.0","41.3","0.0","11.9","5","160","29.6","-6.23608","10.125","1012.2","3.85678","865.8","862.7"
"40766","2011-08-02 00:00:00","1390-05-11 00:00:00","20.2","42.3","0.0","11.8","4","120","31.3","-3.91467","11.875","1012.35","4.71004","865.7","862.8"
"40766","2011-08-03 00:00:00","1390-05-12 00:00:00","18.8","42.4","0.0","12.0","5","280","30.6","-3.58181","11.125","1011.33","4.75372","864.8","862.0"
"40766","2011-08-04 00:00:00","1390-05-13 00:00:00","18.4","41.8","0.0","11.5","9","310","30.1","-2.25943","11.625","1011.41","5.18359","864.7","862.0"
"40766","2011-08-05 00:00:00","1390-05-14 00:00:00","18.0","41.9","0.0","11.5","9","300","30.0","-3.10219","10.875","1010.13","4.86716","863.9","860.3"
"40766","2011-08-06 00:00:00","1390-05-15 00:00:00","19.4","42.3","0.0","11.5","7","320","30.8","-2.87836","12.25","1008.98","4.9712","862.2","860.1"
"40766","2011-08-07 00:00:00","1390-05-16 00:00:00","17.7","41.7","0.0","11.6","9","190","29.7","-2.22292","13.5","1009.55","5.38285","862.5","860.6"
"40766","2011-08-08 00:00:00","1390-05-17 00:00:00","18.4","41.6","0.0","11.0","8","210","30.0","-0.713625","16.125","1009.37","6.00595","862.5","860.5"
"40766","2011-08-09 00:00:00","1390-05-18 00:00:00","18.6","41.6","0.0","11.2","9","190","30.1","2.14124","19.375","1008.14","7.58471","862.1","859.1"
"40766","2011-08-10 00:00:00","1390-05-19 00:00:00","19.8","40.2","0.0","10.9","6","260","30.0","1.621","19.25","1007.31","7.23523","860.6","858.4"
"40766","2011-08-11 00:00:00","1390-05-20 00:00:00","18.0","37.0","0.0","11.5","5","270","27.5","2.19394","19.125","1008.71","7.37212","862.3","860.0"
"40766","2011-08-12 00:00:00","1390-05-21 00:00:00","19.4","37.7","0.0","7.5","7","310","28.5","2.52618","18.5","1007.78","7.36354","861.2","858.8"
"40766","2011-08-13 00:00:00","1390-05-22 00:00:00","19.2","36.4","0.0","11.0","8","290","27.8","0.929528","17.25","1007.41","6.56488","860.7","858.9"
"40766","2011-08-14 00:00:00","1390-05-23 00:00:00","16.2","37.1","0.0","11.5","8","290","26.6","-1.83596","14.875","1011.36","5.36011","865.1","861.5"
"40766","2011-08-15 00:00:00","1390-05-24 00:00:00","14.8","36.8","0.0","12.1","7","290","25.8","-3.87601","15.375","1013.57","4.73095","866.4","864.3"
"40766","2011-08-16 00:00:00","1390-05-25 00:00:00","14.4","37.9","0.0","11.6","12","290","26.2","-4.08201","14.0","1011.3","4.5294","864.5","861.3"
"40766","2011-08-17 00:00:00","1390-05-26 00:00:00","15.2","36.9","0.0","11.5","11","310","26.1","-3.00917","15.0","1010.52","4.9213","863.2","861.6"
"40766","2011-08-18 00:00:00","1390-05-27 00:00:00","14.8","38.1","0.0","10.9","8","200","26.4","-3.16929","15.375","1010.06","4.954","862.7","861.0"
"40766","2011-08-19 00:00:00","1390-05-28 00:00:00","15.6","37.2","0.0","10.5","7","280","26.4","-2.23441","16.5","1010.87","5.33912","863.7","862.0"
"40766","2011-08-20 00:00:00","1390-05-29 00:00:00","15.6","36.8","0.0","10.6","8","290","26.2","-0.660145","17.75","1013.46","5.93478","866.1","863.8"
"40766","2011-08-21 00:00:00","1390-05-30 00:00:00","15.8","37.5","0.0","11.0","6","290","26.6","-2.20869","15.5","1014.64","5.29686","867.5","864.9"
"40766","2011-08-22 00:00:00","1390-05-31 00:00:00","16.2","38.2","0.0","11.0","8","280","27.2","-1.9711","15.0","1014.53","5.36188","867.2","864.6"
"40766","2011-08-23 00:00:00","1390-06-01 00:00:00","16.0","38.2","0.0","11.0","8","300","27.1","-0.923431","15.75","1014.1","5.76271","867.6","864.0"
"40766","2011-08-24 00:00:00","1390-06-02 00:00:00","18.0","37.4","0.0","10.3","7","300","27.7","-0.328115","16.25","1011.73","5.9824","865.1","861.9"
"40766","2011-08-25 00:00:00","1390-06-03 00:00:00","15.8","37.0","0.0","11.0","8","300","26.4","1.22491","18.5","1011.66","6.767","864.4","862.6"
"40766","2011-08-26 00:00:00","1390-06-04 00:00:00","15.0","36.7","0.0","11.3","8","320","25.9","-3.498","15.0","1014.77","4.7748","867.1","865.1"
"40766","2011-08-27 00:00:00","1390-06-05 00:00:00","15.2","35.2","0.0","11.8","6","310","25.2","-4.07032","14.125","1014.27","4.55463","867.4","864.4"
"40766","2011-08-28 00:00:00","1390-06-06 00:00:00","15.0","34.7","0.0","11.6","5","320","24.9","2.23941","22.5","1012.24","7.50365","865.4","862.6"
"40766","2011-08-29 00:00:00","1390-06-07 00:00:00","20.4","30.0","0.0","10.8","9","110","25.2","8.09342","35.375","1013.99","10.8029","867.1","864.0"
"40766","2011-08-30 00:00:00","1390-06-08 00:00:00","17.2","32.9","0.0","11.5","10","110","25.1","3.31774","28.875","1016.18","8.00423","869.0","866.1"
"40766","2011-08-31 00:00:00","1390-06-09 00:00:00","17.0","34.2","0.0","11.3","5","160","25.6","2.39758","22.875","1014.74","7.31957","868.2","864.6"
"40766","2011-09-01 00:00:00","1390-06-10 00:00:00","15.0","36.4","0.0","10.8","5","300","25.7","-1.0718","18.625","1012.1","5.69388","865.5","862.2"
"40766","2011-09-02 00:00:00","1390-06-11 00:00:00","15.2","36.7","0.0","11.0","7","170","26.0","-2.00863","17.5","1010.79","5.36118","863.7","861.2"
"40766","2011-09-03 00:00:00","1390-06-12 00:00:00","13.4","35.4","0.0","11.1","7","290","24.4","-0.611955","20.125","1012.57","6.03213","865.2","863.4"
"40766","2011-09-04 00:00:00","1390-06-13 00:00:00","14.0","35.3","0.0","10.9","7","290","24.6","-1.49307","18.875","1014.87","5.57329","867.0","865.5"
"40766","2011-09-05 00:00:00","1390-06-14 00:00:00","13.2","35.0","0.0","11.0","8","290","24.1","-1.58755","18.25","1016.08","5.46029","868.9","866.3"
"40766","2011-09-06 00:00:00","1390-06-15 00:00:00","13.0","34.9","0.0","10.9","6","290","24.0","-1.91734","19.25","1013.35","5.36504","867.0","863.3"
"40766","2011-09-07 00:00:00","1390-06-16 00:00:00","13.2","33.8","0.0","10.7","8","290","23.5","-3.01389","17.0","1010.87","4.95928","863.8","861.6"
"40766","2011-09-08 00:00:00","1390-06-17 00:00:00","13.4","34.1","0.0","10.2","7","290","23.8","-6.37175","13.875","1011.68","3.8152","864.4","862.3"
"40766","2011-09-09 00:00:00","1390-06-18 00:00:00","11.6","34.2","0.0","10.4","7","290","22.9","-6.82425","13.125","1013.84","3.70812","866.2","864.4"
"40766","2011-09-10 00:00:00","1390-06-19 00:00:00","11.4","34.2","0.0","10.8","7","310","22.8","-4.64899","16.25","1015.51","4.39081","868.3","865.8"
"40766","2011-09-11 00:00:00","1390-06-20 00:00:00","14.2","35.6","0.0","10.2","8","220","24.9","-5.26564","14.25","1013.9","4.16687","867.2","863.4"
"40766","2011-09-12 00:00:00","1390-06-21 00:00:00","13.2","34.0","0.0","10.2","10","200","23.6","-3.57593","17.75","1012.04","4.77284","865.1","862.4"
"40766","2011-09-13 00:00:00","1390-06-22 00:00:00","12.0","34.2","0.0","10.8","3","310","23.1","-2.79695","18.625","1012.88","4.99996","865.6","863.6"
"40766","2011-09-14 00:00:00","1390-06-23 00:00:00","11.4","35.7","0.0","10.6","7","210","23.5","-5.52845","16.375","1013.86","4.17095","866.5","864.6"
"40766","2011-09-15 00:00:00","1390-06-24 00:00:00","11.2","35.3","0.0","11.0","7","210","23.3","-4.12891","17.625","1014.43","4.6127","867.0","865.3"
"40766","2011-09-16 00:00:00","1390-06-25 00:00:00","10.2","33.0","0.0","10.7","7","290","21.6","-3.89981","17.625","1013.75","4.65134","866.4","864.2"
"40766","2011-09-17 00:00:00","1390-06-26 00:00:00","10.6","32.9","0.0","10.9","5","290","21.8","-3.28406","18.625","1013.3","4.87503","866.1","863.8"
"40766","2011-09-18 00:00:00","1390-06-27 00:00:00","12.8","33.9","0.0","10.8","6","120","23.4","-1.73518","19.75","1014.3","5.49854","866.6","865.3"
"40766","2011-09-19 00:00:00","1390-06-28 00:00:00","13.0","34.1","0.0","10.7","7","270","23.5","-3.35461","16.875","1016.62","4.93219","868.9","866.7"
"40766","2011-09-20 00:00:00","1390-06-29 00:00:00","13.4","33.6","0.0","6.8","6","240","23.5","-3.20709","16.5","1017.71","4.8942","870.1","868.0"
"40766","2011-09-21 00:00:00","1390-06-30 00:00:00","14.0","34.1","0.0","10.3","9","260","24.0","-0.663787","21.0","1016.23","5.86651","868.8","865.9"
"40766","2011-09-22 00:00:00","1390-06-31 00:00:00","10.8","30.8","0.0","10.5","5","280","20.8","-2.73657","21.875","1016.03","5.14041","868.3","866.1"
"40766","2011-09-23 00:00:00","1390-07-01 00:00:00","10.4","32.4","0.0","7.2","8","120","21.4","-2.60591","18.75","1015.45","5.09597","868.6","865.3"
"40766","2011-09-24 00:00:00","1390-07-02 00:00:00","16.0","31.2","0.0","10.2","8","240","23.6","-2.74118","19.0","1015.88","5.04291","868.7","865.8"
"40766","2011-09-25 00:00:00","1390-07-03 00:00:00","11.6","31.0","0.0","10.2","10","240","21.3","0.755222","25.75","1017.6","6.51905","869.6","867.5"
"40766","2011-09-26 00:00:00","1390-07-04 00:00:00","11.2","30.1","0.0","10.3","7","280","20.6","0.45929","27.375","1020.68","6.37559","872.3","869.6"
"40766","2011-09-27 00:00:00","1390-07-05 00:00:00","10.0","30.0","0.0","10.2","6","330","20.0","0.359632","26.75","1021.31","6.28045","873.7","870.6"
"40766","2011-09-28 00:00:00","1390-07-06 00:00:00","12.5","32.3","0.01","8.1","8","290","22.4","2.08909","26.375","1019.06","7.16505","871.7","868.4"
"40766","2011-09-29 00:00:00","1390-07-07 00:00:00","10.8","30.3","0.0","10.2","7","240","20.5","-1.21891","25.375","1017.97","5.73811","869.9","868.1"
"40766","2011-09-30 00:00:00","1390-07-08 00:00:00","8.3","28.6","0.01","3.4","9","170","18.5","-0.628193","24.0","1017.98","6.00788","871.2","867.1"
"40766","2011-10-01 00:00:00","1390-07-09 00:00:00","15.2","29.2","0.0","8.6","13","270","22.2","0.472388","26.5","1016.93","6.4792","869.3","867.1"
"40766","2011-10-02 00:00:00","1390-07-10 00:00:00","9.8","25.4","0.0","8.0","7","280","17.6","1.15447","34.375","1018.48","6.69957","870.2","868.8"
"40766","2011-10-03 00:00:00","1390-07-11 00:00:00","4.8","25.6","0.0","10.0","10","320","15.2","-1.64864","33.0","1019.35","5.46948","870.8","869.7"
"40766","2011-10-04 00:00:00","1390-07-12 00:00:00","7.9","24.5","0.0","10.4","7","290","16.2","-2.28592","30.375","1019.52","5.22971","872.0","869.0"
"40766","2011-10-05 00:00:00","1390-07-13 00:00:00","3.2","27.2","0.0","10.4","7","290","15.2","-8.2351","21.25","1018.61","3.33896","871.0","868.4"
"40766","2011-10-06 00:00:00","1390-07-14 00:00:00","3.8","27.8","0.0","10.5","4","270","15.8","-11.2777","16.125","1020.7","2.65056","873.2","870.5"
"40766","2011-10-07 00:00:00","1390-07-15 00:00:00","4.2","28.5","0.0","10.2","10","300","16.4","-7.8724","20.5","1020.08","3.66589","872.4","869.5"
"40766","2011-10-08 00:00:00","1390-07-16 00:00:00","7.8","26.1","0.0","10.1","6","290","17.0","-0.880646","30.125","1020.18","5.7496","872.1","869.7"
"40766","2011-10-09 00:00:00","1390-07-17 00:00:00","9.0","25.9","0.0","10.0","5","300","17.5","-0.16871","31.125","1020.98","6.0741","872.9","870.6"
"40766","2011-10-10 00:00:00","1390-07-18 00:00:00","7.4","28.2","0.0","10.0","3","290","17.8","-4.43209","24.5","1020.95","4.46827","873.3","870.3"
"40766","2011-10-11 00:00:00","1390-07-19 00:00:00","7.7","29.0","0.0","9.6","5","280","18.4","-6.30257","18.75","1021.28","3.8438","873.4","871.0"
"40766","2011-10-12 00:00:00","1390-07-20 00:00:00","8.4","30.7","0.0","9.8","6","290","19.5","-4.55146","19.875","1021.33","4.40828","873.7","870.8"
"40766","2011-10-13 00:00:00","1390-07-21 00:00:00","9.2","29.6","0.0","8.4","8","250","19.4","-2.83543","21.0","1020.27","4.98928","871.9","870.0"
"40766","2011-10-14 00:00:00","1390-07-22 00:00:00","10.9","29.2","0.0","9.5","11","270","20.0","0.0315758","26.125","1022.73","6.19692","874.6","871.9"
"40766","2011-10-15 00:00:00","1390-07-23 00:00:00","8.4","29.5","0.0","8.9","4","310","19.0","-2.02824","24.875","1023.65","5.29437","875.3","873.0"
"40766","2011-10-16 00:00:00","1390-07-24 00:00:00","9.8","30.0","0.0","7.5","4","290","19.9","-2.64339","23.5","1021.97","5.04716","874.4","871.0"
"40766","2011-10-17 00:00:00","1390-07-25 00:00:00","10.1","30.2","0.0","8.0","5","250","20.2","-2.8993","22.25","1021.55","4.94226","873.2","871.3"
"40766","2011-10-18 00:00:00","1390-07-26 00:00:00","9.4","31.0","0.0","9.2","7","260","20.2","-3.39801","21.375","1022.81","4.79014","874.7","872.2"
"40766","2011-10-19 00:00:00","1390-07-27 00:00:00","9.2","28.5","0.0","7.8","9","280","18.9","-0.303748","28.5","1019.77","6.05255","872.0","869.2"
"40766","2011-10-20 00:00:00","1390-07-28 00:00:00","9.6","23.1","0.0","9.2","7","290","16.4","-7.03609","27.5","1017.87","4.05679","869.9","868.0"
"40766","2011-10-21 00:00:00","1390-07-29 00:00:00","4.0","19.5","0.0","10.2","5","290","11.8","-8.3458","25.75","1019.42","3.28542","871.6","869.2"
"40766","2011-10-22 00:00:00","1390-07-30 00:00:00","2.5","20.5","0.0","10.3","7","110","11.5","-10.7124","20.875","1020.62","2.72254","873.1","870.2"
"40766","2011-10-23 00:00:00","1390-08-01 00:00:00","3.7","24.5","0.0","10.2","4","360","14.1","-11.4558","17.875","1020.52","2.60133","872.4","869.9"
"40766","2011-10-24 00:00:00","1390-08-02 00:00:00","0.5","23.3","0.0","9.7","5","320","11.9","-12.7225","17.25","1022.36","2.31848","874.4","872.2"
"40766","2011-10-25 00:00:00","1390-08-03 00:00:00","4.2","24.6","0.2","2.7","10","240","14.4","-3.21958","32.75","1020.58","5.51754","872.6","870.0"
"40766","2011-10-26 00:00:00","1390-08-04 00:00:00","9.7","22.2","10.11","1.2","8","100","16.0","6.80067","69.5","1018.86","10.0742","871.7","868.4"
"40766","2011-10-27 00:00:00","1390-08-05 00:00:00","9.2","18.6","9.2","2.2","6","190","13.9","10.9212","88.375","1019.57","13.1135","871.4","869.7"
"40766","2011-10-28 00:00:00","1390-08-06 00:00:00","10.1","19.9","16.0","4.1","8","260","15.0","10.2657","77.375","1019.89","12.5393","872.9","869.2"
"40766","2011-10-29 00:00:00","1390-08-07 00:00:00","9.8","14.1","73.0","0.0","7","120","12.0","10.5722","98.125","1017.27","12.7692","869.1","867.5"
"40766","2011-10-30 00:00:00","1390-08-08 00:00:00","7.6","17.8","1.1","5.3","7","100","12.7","8.12403","75.625","1015.34","10.8621","867.3","866.2"
"40766","2011-10-31 00:00:00","1390-08-09 00:00:00","4.8","16.0","0.0","9.0","6","260","10.4","3.58767","69.125","1016.57","8.02276","869.1","866.4"
"40766","2011-11-01 00:00:00","1390-08-10 00:00:00","2.0","15.4","0.01","7.6","5","290","8.7","1.84226","68.0","1018.95","7.01692","871.4","869.0"
"40766","2011-11-02 00:00:00","1390-08-11 00:00:00","2.0","15.6","0.0","9.0","3","230","8.8","1.57916","68.0","1018.44","6.90563","870.8","868.7"
"40766","2011-11-03 00:00:00","1390-08-12 00:00:00","2.2","17.3","0.0","9.9","5","110","9.8","-0.238398","56.625","1017.51","6.03949","870.1","867.8"
"40766","2011-11-04 00:00:00","1390-08-13 00:00:00","1.5","19.6","0.0","8.0","6","190","10.6","0.401618","52.375","1018.49","6.38556","870.6","868.4"
"40766","2011-11-05 00:00:00","1390-08-14 00:00:00","7.8","18.0","4.01","3.8","8","120","12.9","6.99182","68.375","1020.2","10.0636","872.9","869.6"
"40766","2011-11-06 00:00:00","1390-08-15 00:00:00","10.2","17.2","0.5","6.2","7","320","13.7","2.97864","58.125","1016.18","7.8412","869.4","866.0"
"40766","2011-11-07 00:00:00","1390-08-16 00:00:00","1.0","13.3","0.0","6.8","6","310","7.2","1.65039","70.0","1016.87","6.93448","868.9","867.4"
"40766","2011-11-08 00:00:00","1390-08-17 00:00:00","3.0","9.8","8.3","2.5","4","90","6.4","2.53057","83.625","1018.71","7.33852","871.2","868.3"
"40766","2011-11-09 00:00:00","1390-08-18 00:00:00","1.2","10.8","0.0","9.0","5","140","6.0","-0.627194","71.75","1020.47","5.85768","872.2","870.7"
"40766","2011-11-10 00:00:00","1390-08-19 00:00:00","-1.9","13.5","0.0","6.8","3","250","5.8","-2.5735","59.0","1020.34","5.09938","871.6","870.5"
"40766","2011-11-11 00:00:00","1390-08-20 00:00:00","-0.8","16.8","0.0","9.0","4","210","8.0","-4.75891","46.375","1021.96","4.3895","874.0","872.0"
"40766","2011-11-12 00:00:00","1390-08-21 00:00:00","3.5","17.6","0.0","8.2","7","200","10.6","1.31394","52.75","1019.56","6.78341","871.8","869.0"
"40766","2011-11-13 00:00:00","1390-08-22 00:00:00","3.8","17.5","0.0","8.9","6","270","10.6","-0.313244","51.875","1019.39","6.06192","871.1","869.4"
"40766","2011-11-14 00:00:00","1390-08-23 00:00:00","0.5","18.2","0.0","9.0","4","170","9.4","-1.81121","49.5","1020.45","5.37792","872.5","870.7"
"40766","2011-11-15 00:00:00","1390-08-24 00:00:00","5.2","20.4","0.0","5.1","8","180","12.8","2.63665","52.25","1019.76","7.4173","871.5","869.8"
"40766","2011-11-16 00:00:00","1390-08-25 00:00:00","7.4","18.5","0.3","3.7","8","300","12.9","7.14566","70.875","1018.02","10.1758","870.5","867.9"
"40766","2011-11-17 00:00:00","1390-08-26 00:00:00","7.9","15.9","7.1","3.5","6","320","11.9","7.34305","75.125","1018.29","10.2902","870.0","868.2"
"40766","2011-11-18 00:00:00","1390-08-27 00:00:00","5.6","17.0","0.0","8.0","8","230","11.3","4.93982","70.5","1019.91","8.7517","871.4","870.1"
"40766","2011-11-19 00:00:00","1390-08-28 00:00:00","5.5","15.4","0.0","0.0","6","110","10.4","5.10645","70.75","1018.72","8.85401","871.5","867.4"
"40766","2011-11-20 00:00:00","1390-08-29 00:00:00","6.4","13.4","0.5","4.6","7","260","9.9","6.27585","83.375","1016.37","9.55673","869.4","866.5"
"40766","2011-11-21 00:00:00","1390-08-30 00:00:00","2.2","13.2","0.0","4.0","3","290","7.7","3.24481","82.75","1019.86","7.77356","872.0","869.4"
"40766","2011-11-22 00:00:00","1390-09-01 00:00:00","0.2","12.9","0.0","8.7","5","90","6.5","1.00498","77.0","1021.04","6.59744","873.0","870.5"
"40766","2011-11-23 00:00:00","1390-09-02 00:00:00","-1.2","12.4","0.0","8.5","7","290","5.6","-1.26394","65.125","1020.3","5.6198","872.6","870.1"
"40766","2011-11-24 00:00:00","1390-09-03 00:00:00","-1.4","12.5","0.0","7.6","6","240","5.6","-2.9136","60.25","1018.11","4.98691","870.5","867.9"
"40766","2011-11-25 00:00:00","1390-09-04 00:00:00","-2.2","10.0","0.1","2.6","5","360","3.9","-0.731034","80.25","1018.34","5.85147","870.0","868.9"
"40766","2011-11-26 00:00:00","1390-09-05 00:00:00","0.4","4.8","0.7","1.8","7","130","2.6","-1.39727","86.875","1018.78","5.52672","870.2","869.4"
"40766","2011-11-27 00:00:00","1390-09-06 00:00:00","-5.6","8.2","0.0","7.5","2","60","1.3","-4.30263","69.875","1020.1","4.47649","871.6","870.2"
"40766","2011-11-28 00:00:00","1390-09-07 00:00:00","-4.8","10.4","0.0","5.8","2","120","2.8","-5.26817","62.75","1020.31","4.14035","871.5","870.7"
"40766","2011-11-29 00:00:00","1390-09-08 00:00:00","-5.3","12.2","0.0","7.8","2","100","3.4","-7.00892","56.75","1020.68","3.67715","873.2","870.2"
"40766","2011-11-30 00:00:00","1390-09-09 00:00:00","-5.9","12.2","0.0","9.2","4","250","3.1","-7.11176","54.125","1018.27","3.59618","870.8","868.0"
"40766","2011-12-01 00:00:00","1390-09-10 00:00:00","-2.1","10.8","0.0","6.5","6","220","4.4","-8.5548","44.0","1019.26","3.26175","873.8","868.5"
"40766","2011-12-02 00:00:00","1390-09-11 00:00:00","-7.7","10.3","0.0","9.4","4","140","1.3","-10.544","47.875","1023.47","2.7572","875.8","872.8"
"40766","2011-12-03 00:00:00","1390-09-12 00:00:00","-7.3","11.2","0.0","9.4","4","280","1.9","-11.1401","44.625","1021.41","2.66232","873.1","870.9"
"40766","2011-12-04 00:00:00","1390-09-13 00:00:00","-7.6","11.5","0.0","9.3","3","280","2.0","-11.0228","43.0","1024.09","2.64251","875.9","872.4"
"40766","2011-12-05 00:00:00","1390-09-14 00:00:00","-5.9","13.0","0.0","8.6","3","110","3.5","-10.9033","39.5","1024.9","2.6697","876.7","873.9"
"40766","2011-12-06 00:00:00","1390-09-15 00:00:00","-5.8","13.1","0.0","9.3","3","310","3.7","-9.20623","43.625","1022.86","3.0594","874.7","871.9"
"40766","2011-12-07 00:00:00","1390-09-16 00:00:00","-5.6","13.6","0.0","9.3","3","300","4.0","-10.1031","44.125","1023.03","2.86687","875.0","872.4"
"40766","2011-12-08 00:00:00","1390-09-17 00:00:00","-6.9","15.0","0.0","9.1","3","160","4.1","-10.0093","41.875","1022.3","2.87559","874.5","871.7"
"40766","2011-12-09 00:00:00","1390-09-18 00:00:00","-3.1","14.7","0.0","8.6","6","180","5.8","-9.55818","35.125","1021.86","2.98853","873.1","872.0"
"40766","2011-12-10 00:00:00","1390-09-19 00:00:00","1.5","15.6","0.0","5.2","10","170","8.6","-7.22922","32.0","1020.79","3.59964","872.6","870.0"
"40766","2011-12-11 00:00:00","1390-09-20 00:00:00","-4.6","12.4","0.0","8.8","3","270","3.9","-7.17238","51.125","1024.25","3.5889","875.5","873.0"
"40766","2011-12-12 00:00:00","1390-09-21 00:00:00","-5.9","14.3","0.0","8.6","2","180","4.2","-8.25319","47.375","1024.35","3.28479","875.9","873.8"
"40766","2011-12-13 00:00:00","1390-09-22 00:00:00","-6.6","14.6","0.0","8.5","2","170","4.0","-8.7154","45.875","1024.3","3.19053","875.5","873.9"
"40766","2011-12-14 00:00:00","1390-09-23 00:00:00","-5.4","14.9","0.0","7.8","2","160","4.8","-7.97543","43.0","1024.79","3.36816","876.7","874.0"
"40766","2011-12-15 00:00:00","1390-09-24 00:00:00","-1.8","12.6","0.0","0.0","2","110","5.4","-6.99517","45.75","1023.69","3.62238","875.5","872.7"
"40766","2011-12-16 00:00:00","1390-09-25 00:00:00","-3.3","9.4","0.0","0.0","6","280","3.0","-3.95681","56.375","1021.09","4.66891","872.8","870.4"
"40766","2011-12-17 00:00:00","1390-09-26 00:00:00","-0.8","12.9","0.0","7.3","4","340","6.0","-0.736548","61.875","1020.87","5.8207","872.7","870.5"
"40766","2011-12-18 00:00:00","1390-09-27 00:00:00","-2.6","12.6","0.0","8.3","5","310","5.0","-5.21926","52.625","1024.29","4.2132","876.8","872.1"
"40766","2011-12-19 00:00:00","1390-09-28 00:00:00","-4.8","15.8","0.0","8.8","2","280","5.5","-6.71377","46.375","1027.43","3.70698","878.4","876.1"
"40766","2011-12-20 00:00:00","1390-09-29 00:00:00","-0.4","14.8","0.0","9.0","6","130","7.2","-6.30323","43.875","1027.43","3.82069","878.8","876.3"
"40766","2011-12-21 00:00:00","1390-09-30 00:00:00","-3.7","16.3","0.0","8.5","2","280","6.3","-6.00491","49.125","1025.74","3.92655","877.4","874.5"
"40766","2011-12-22 00:00:00","1390-10-01 00:00:00","-4.8","15.6","0.0","7.1","3","130","5.4","-7.32796","40.875","1023.98","3.52973","876.4","872.4"
"40766","2011-12-23 00:00:00","1390-10-02 00:00:00","-4.0","16.0","0.0","1.4","5","200","6.0","-7.23346","30.25","1019.5","3.57624","871.9","869.2"
"40766","2011-12-24 00:00:00","1390-10-03 00:00:00","0.8","15.8","0.0","8.1","8","190","8.3","-4.61797","38.125","1017.4","4.45364","869.7","867.5"
"40766","2011-12-25 00:00:00","1390-10-04 00:00:00","7.7","13.8","0.0","4.5","8","230","10.8","-1.08433","51.0","1017.16","5.68041","871.1","866.9"
"40766","2011-12-26 00:00:00","1390-10-05 00:00:00","-1.6","13.0","0.0","7.4","5","270","5.7","-3.31913","56.375","1021.7","4.83457","873.4","871.7"
"40766","2011-12-27 00:00:00","1390-10-06 00:00:00","-2.8","10.3","0.0","7.7","6","360","3.8","-3.67533","61.75","1022.5","4.72081","873.7","872.4"
"40766","2011-12-28 00:00:00","1390-10-07 00:00:00","-4.8","10.5","0.0","9.2","5","150","2.8","-7.43891","49.875","1023.57","3.51835","875.9","872.6"
"40766","2011-12-29 00:00:00","1390-10-08 00:00:00","-6.4","13.7","0.0","8.8","2","110","3.6","-7.5799","48.875","1024.38","3.47111","875.9","873.6"
"40766","2011-12-30 00:00:00","1390-10-09 00:00:00","-8.6","14.3","0.0","7.5","3","110","2.8","-8.8368","45.625","1025.51","3.17648","877.3","874.7"
"40766","2011-12-31 00:00:00","1390-10-10 00:00:00","-2.1","9.8","1.2","0.0","7","140","3.9","-1.62513","63.875","1023.0","5.84323","876.1","870.6"
"40766","2012-01-01 00:00:00","1390-10-11 00:00:00","5.1","8.8","0.3","0.0","7","130","6.9","1.70332","66.0","1018.66","6.93298","870.6","868.9"
"40766","2012-01-02 00:00:00","1390-10-12 00:00:00","4.0","9.9","4.0","0.8","4","290","6.9","3.92212","87.5","1016.91","8.10714","868.6","867.0"
"40766","2012-01-03 00:00:00","1390-10-13 00:00:00","1.2","8.7","0.1","5.2","6","290","4.9","0.685314","79.0","1019.36","6.43525","871.4","869.2"
"40766","2012-01-04 00:00:00","1390-10-14 00:00:00","-3.2","9.4","0.0","8.0","4","120","3.1","-3.12446","72.0","1021.83","4.88071","873.9","871.5"
"40766","2012-01-05 00:00:00","1390-10-15 00:00:00","-5.2","10.3","0.0","8.7","5","130","2.6","-5.266","65.125","1021.48","4.15876","873.8","871.3"
"40766","2012-01-06 00:00:00","1390-10-16 00:00:00","-5.9","11.6","0.0","1.2","6","120","2.9","-4.93737","57.25","1018.66","4.27775","871.6","867.6"
"40766","2012-01-07 00:00:00","1390-10-17 00:00:00","-1.4","14.0","0.0","8.4","5","210","6.3","-4.1893","50.875","1020.1","4.52065","871.9","869.5"
"40766","2012-01-08 00:00:00","1390-10-18 00:00:00","-0.1","12.2","0.11","1.8","6","150","6.0","1.24049","67.375","1019.09","6.82009","872.1","868.2"
"40766","2012-01-09 00:00:00","1390-10-19 00:00:00","-0.3","14.3","0.0","4.6","7","190","7.0","0.401818","57.875","1019.49","6.33941","872.8","868.6"
"40766","2012-01-10 00:00:00","1390-10-20 00:00:00","-3.3","12.4","0.0","6.9","3","110","4.5","-1.71415","72.875","1022.71","5.42138","874.5","872.6"
"40766","2012-01-11 00:00:00","1390-10-21 00:00:00","-1.2","12.1","0.9","1.6","6","140","5.5","1.04785","69.125","1018.76","6.67005","872.7","867.1"
"40766","2012-01-12 00:00:00","1390-10-22 00:00:00","0.2","13.1","0.0","8.2","7","230","6.7","-3.09608","49.125","1017.54","4.96329","869.6","867.4"
"40766","2012-01-13 00:00:00","1390-10-23 00:00:00","-5.4","11.0","0.0","6.2","8","300","2.8","-3.80885","67.75","1015.88","4.68911","869.1","864.9"
"40766","2012-01-14 00:00:00","1390-10-24 00:00:00","-2.8","7.2","0.0","7.5","6","300","2.2","-4.51234","67.875","1018.81","4.43956","871.7","867.9"
"40766","2012-01-15 00:00:00","1390-10-25 00:00:00","-7.1","9.2","0.0","9.0","3","300","1.0","-8.49487","55.125","1021.04","3.26057","873.1","870.8"
"40766","2012-01-16 00:00:00","1390-10-26 00:00:00","-8.3","11.0","0.0","9.4","2","140","1.3","-10.0193","47.125","1018.63","2.88234","871.6","868.0"
"40766","2012-01-17 00:00:00","1390-10-27 00:00:00","-8.6","12.0","0.0","9.5","3","110","1.7","-12.9316","37.5","1019.06","2.27486","871.6","868.8"
"40766","2012-01-18 00:00:00","1390-10-28 00:00:00","-8.2","8.4","0.0","2.7","3","280","0.1","-10.5244","44.875","1020.0","2.81489","872.6","869.5"
"40766","2012-01-19 00:00:00","1390-10-29 00:00:00","-7.3","11.3","0.0","8.2","4","280","2.0","-9.44304","44.625","1016.19","3.01063","869.6","865.9"
"40766","2012-01-20 00:00:00","1390-10-30 00:00:00","-1.8","3.4","1.4","2.0","8","290","0.8","-4.84598","77.75","1013.28","4.49243","865.3","864.4"
"40766","2012-01-21 00:00:00","1390-11-01 00:00:00","-10.3","3.0","0.0","9.4","6","280","-3.7","-12.4464","56.625","1017.0","2.36887","869.8","864.9"
"40766","2012-01-22 00:00:00","1390-11-02 00:00:00","-10.9","6.7","0.0","9.5","3","120","-2.1","-11.5736","53.875","1016.66","2.53105","869.5","866.5"
"40766","2012-01-23 00:00:00","1390-11-03 00:00:00","-9.8","7.0","0.0","8.7","7","280","-1.4","-9.39395","52.75","1017.17","3.03954","869.7","867.4"
"40766","2012-01-24 00:00:00","1390-11-04 00:00:00","-3.9","5.2","0.0","2.4","5","350","0.6","-6.64892","60.875","1020.2","3.72473","871.9","870.0"
"40766","2012-01-25 00:00:00","1390-11-05 00:00:00","-8.1","7.2","0.1","2.0","7","220","-0.5","-6.92924","64.375","1020.13","3.76347","872.1","869.4"
"40766","2012-01-26 00:00:00","1390-11-06 00:00:00","-7.2","8.7","0.6","0.6","3","120","0.8","0.478235","86.125","1021.04","6.33137","872.6","871.1"
"40766","2012-01-27 00:00:00","1390-11-07 00:00:00","0.7","14.9","0.0","8.5","8","170","7.8","-2.65443","49.25","1017.37","5.15292","871.4","865.5"
"40766","2012-01-28 00:00:00","1390-11-08 00:00:00","3.2","9.4","0.8","3.1","8","210","6.3","-2.98427","60.625","1014.47","5.03174","867.5","865.1"
"40766","2012-01-29 00:00:00","1390-11-09 00:00:00","-4.2","8.9","0.0","8.7","5","230","2.3","-4.71152","61.375","1018.17","4.32697","870.8","867.5"
"40766","2012-01-30 00:00:00","1390-11-10 00:00:00","-7.2","10.4","0.0","5.3","5","150","1.6","-9.41915","46.0","1020.18","3.02279","872.3","870.0"
"40766","2012-01-31 00:00:00","1390-11-11 00:00:00","-6.0","5.7","9.0","0.0","10","120","-0.2","1.34676","83.25","1015.54","6.82031","869.8","864.9"
"40766","2012-02-01 00:00:00","1390-11-12 00:00:00","2.3","11.6","18.01","0.3","8","330","7.0","4.53667","88.375","1010.06","8.46226","866.0","857.7"
"40766","2012-02-02 00:00:00","1390-11-13 00:00:00","1.9","8.0","13.01","2.7","9","300","4.9","-0.871287","76.5","1014.68","5.87596","871.6","860.0"
"40766","2012-02-03 00:00:00","1390-11-14 00:00:00","-5.5","7.6","0.0","8.8","3","120","1.0","-4.40384","72.375","1026.21","4.43119","877.7","873.2"
"40766","2012-02-04 00:00:00","1390-11-15 00:00:00","-4.8","7.3","0.0","10.3","5","120","1.3","-9.52747","50.0","1027.64","2.98822","878.4","876.8"
"40766","2012-02-05 00:00:00","1390-11-16 00:00:00","-7.3","8.6","0.0","10.2","4","110","0.7","-10.5197","49.5","1026.73","2.75504","877.8","875.7"
"40766","2012-02-06 00:00:00","1390-11-17 00:00:00","-6.2","11.7","0.0","9.9","4","130","2.8","-9.37221","47.875","1025.24","3.02975","876.8","874.3"
"40766","2012-02-07 00:00:00","1390-11-18 00:00:00","-4.8","10.7","0.2","1.4","7","110","2.9","-5.22641","66.75","1022.88","4.44894","875.2","871.9"
"40766","2012-02-08 00:00:00","1390-11-19 00:00:00","-3.4","7.3","12.0","0.0","14","100","2.0","1.45065","75.875","1017.71","6.80845","869.8","867.6"
"40766","2012-02-09 00:00:00","1390-11-20 00:00:00","2.1","13.6","0.0","8.2","7","200","7.9","0.219724","56.25","1017.46","6.22562","870.0","867.4"
"40766","2012-02-10 00:00:00","1390-11-21 00:00:00","5.3","14.2","0.0","4.1","9","250","9.8","0.755954","60.75","1015.76","6.49343","868.4","865.7"
"40766","2012-02-11 00:00:00","1390-11-22 00:00:00","-0.6","9.5","0.0","9.5","7","280","4.4","-3.96741","61.5","1019.98","4.62014","872.4","869.0"
"40766","2012-02-12 00:00:00","1390-11-23 00:00:00","-5.8","9.7","0.0","9.0","5","120","1.9","-8.12333","52.875","1023.82","3.37403","875.6","872.9"
"40766","2012-02-13 00:00:00","1390-11-24 00:00:00","-4.9","10.7","0.0","9.4","9","110","2.9","-9.46785","44.125","1022.53","3.03349","874.8","871.5"
"40766","2012-02-14 00:00:00","1390-11-25 00:00:00","-3.6","14.6","0.0","7.9","6","120","5.5","-8.25843","41.125","1020.77","3.32347","872.6","870.3"
"40766","2012-02-15 00:00:00","1390-11-26 00:00:00","2.3","12.0","6.2","0.0","8","180","7.2","-1.99718","61.125","1017.13","5.52656","871.4","864.9"
"40766","2012-02-16 00:00:00","1390-11-27 00:00:00","3.7","10.2","5.8","0.8","10","260","6.9","2.87769","80.125","1008.27","7.51934","863.8","859.2"
"40766","2012-02-17 00:00:00","1390-11-28 00:00:00","-0.4","9.9","0.6","6.8","5","160","4.8","0.0849935","75.125","1009.1","6.16619","862.3","860.5"
"40766","2012-02-18 00:00:00","1390-11-29 00:00:00","2.5","8.3","2.1","0.6","5","160","5.4","1.49958","82.375","1008.86","6.87104","862.4","859.6"
"40766","2012-02-19 00:00:00","1390-11-30 00:00:00","-0.5","4.7","0.2","3.5","7","270","2.1","-5.53963","63.5","1016.33","4.09845","871.4","863.4"
"40766","2012-02-20 00:00:00","1390-12-01 00:00:00","-4.5","4.1","0.11","5.5","4","30","-0.2","-7.04497","61.625","1023.34","3.61626","875.4","872.0"
"40766","2012-02-21 00:00:00","1390-12-02 00:00:00","-5.6","5.7","0.0","10.5","7","110","0.0","-10.7132","45.5","1025.7","2.7044","877.3","874.8"
"40766","2012-02-22 00:00:00","1390-12-03 00:00:00","-6.6","8.4","0.0","10.4","5","120","0.9","-11.2273","43.25","1022.29","2.60074","874.5","871.6"
"40766","2012-02-23 00:00:00","1390-12-04 00:00:00","-7.5","11.2","0.0","7.7","3","190","1.8","-10.4184","42.5","1020.41","2.80148","873.7","868.9"
"40766","2012-02-24 00:00:00","1390-12-05 00:00:00","-0.6","11.7","0.0","4.2","5","240","5.5","-8.76591","37.5","1014.47","3.19789","868.3","863.8"
"40766","2012-02-25 00:00:00","1390-12-06 00:00:00","0.5","6.8","10.01","0.0","4","220","3.7","-1.34352","80.625","1009.04","5.63421","863.1","859.7"
"40766","2012-02-26 00:00:00","1390-12-07 00:00:00","-0.5","9.7","0.0","8.5","6","320","4.6","-2.42282","66.25","1011.8","5.16714","868.7","859.7"
"40766","2012-02-27 00:00:00","1390-12-08 00:00:00","-4.5","13.1","0.0","9.5","5","140","4.3","-3.19863","61.75","1018.66","4.84086","870.9","869.0"
"40766","2012-02-28 00:00:00","1390-12-09 00:00:00","-2.6","16.2","0.0","7.2","7","170","6.8","-5.27288","47.625","1014.75","4.19648","868.9","863.8"
"40766","2012-02-29 00:00:00","1390-12-10 00:00:00","3.1","17.0","0.1","4.8","10","190","10.1","-2.43361","43.375","1007.72","5.19711","863.4","857.8"
"40766","2012-03-01 00:00:00","1390-12-11 00:00:00","5.2","10.6","0.01","0.5","9","250","7.9","-3.06183","48.25","1007.12","4.92343","860.9","858.8"
"40766","2012-03-02 00:00:00","1390-12-12 00:00:00","1.8","7.8","5.01","0.0","7","210","4.8","0.282464","80.5","1007.31","6.28356","861.7","857.8"
"40766","2012-03-03 00:00:00","1390-12-13 00:00:00","-2.7","2.4","2.0","5.2","10","280","-0.1","-5.01078","71.875","1010.55","4.24186","866.7","857.8"
"40766","2012-03-04 00:00:00","1390-12-14 00:00:00","-2.5","4.6","0.4","0.0","10","150","1.0","-4.60373","65.75","1013.5","4.42565","867.2","862.8"
"40766","2012-03-05 00:00:00","1390-12-15 00:00:00","-10.3","2.3","15.0","8.2","6","280","-4.0","-10.7335","59.125","1018.83","2.72166","873.1","865.4"
"40766","2012-03-06 00:00:00","1390-12-16 00:00:00","-11.2","4.2","0.0","9.9","6","280","-3.5","-6.95783","71.75","1024.05","3.75309","875.3","873.1"
"40766","2012-03-07 00:00:00","1390-12-17 00:00:00","-6.2","10.6","0.0","8.6","4","280","2.2","-3.06142","69.5","1024.23","4.93394","875.6","873.8"
"40766","2012-03-08 00:00:00","1390-12-18 00:00:00","-3.4","12.9","0.0","9.2","7","320","4.8","-1.61721","65.75","1021.68","5.45639","873.8","871.0"
"40766","2012-03-09 00:00:00","1390-12-19 00:00:00","-1.3","13.8","0.0","10.1","9","280","6.3","-3.49604","55.125","1020.37","4.75368","872.4","870.0"
"40766","2012-03-10 00:00:00","1390-12-20 00:00:00","1.8","14.1","0.0","8.5","13","280","8.0","-7.27073","40.625","1016.74","3.65606","869.4","866.7"
"40766","2012-03-11 00:00:00","1390-12-21 00:00:00","-2.8","10.2","0.0","9.2","6","290","3.7","-11.8569","34.375","1016.69","2.47144","869.8","866.4"
"40766","2012-03-12 00:00:00","1390-12-22 00:00:00","-4.7","17.1","0.0","4.8","4","170","6.2","-8.49502","33.875","1018.02","3.29281","871.1","867.1"
"40766","2012-03-13 00:00:00","1390-12-23 00:00:00","-1.6","21.7","0.0","1.4","9","240","10.1","-1.79225","31.875","1016.72","5.5007","869.2","867.0"
"40766","2012-03-14 00:00:00","1390-12-24 00:00:00","10.6","22.0","0.0","0.6","10","200","16.3","-2.14821","30.125","1015.68","5.25189","869.5","864.8"
"40766","2012-03-15 00:00:00","1390-12-25 00:00:00","8.9","15.1","0.0","7.0","11","280","12.0","-1.60222","43.75","1012.89","5.50288","866.9","863.3"
"40766","2012-03-16 00:00:00","1390-12-26 00:00:00","-1.2","14.3","0.0","4.6","13","220","6.6","-3.67606","46.375","1013.25","4.69114","866.4","863.6"
"40766","2012-03-17 00:00:00","1390-12-27 00:00:00","-0.4","7.4","1.5","3.5","10","290","3.5","-2.2955","71.125","1012.28","5.36954","868.1","861.6"
"40766","2012-03-18 00:00:00","1390-12-28 00:00:00","-5.1","6.8","0.0","8.2","8","290","0.9","-12.0023","42.375","1024.45","2.45468","879.2","869.1"
"40766","2012-03-19 00:00:00","1390-12-29 00:00:00","-7.7","15.1","0.0","10.9","5","110","3.7","-13.6649","31.375","1028.58","2.16989","880.2","876.5"
"40766","2012-03-20 00:00:00","1391-01-01 00:00:00","-4.2","18.2","0.0","10.6","5","130","7.0","-10.6752","31.875","1024.86","2.75143","877.4","873.0"
"40766","2012-03-21 00:00:00","1391-01-02 00:00:00","-2.3","18.4","0.0","10.5","6","280","8.1","-10.7725","29.0","1020.87","2.75393","873.9","869.2"
"40766","2012-03-22 00:00:00","1391-01-03 00:00:00","-2.6","18.1","0.0","6.7","8","230","7.8","-9.98811","28.875","1018.68","2.8763","870.6","868.0"
"40766","2012-03-23 00:00:00","1391-01-04 00:00:00","-1.3","15.9","0.0","9.6","9","290","7.3","-8.68019","33.0","1020.34","3.18157","872.7","870.0"
"40766","2012-03-24 00:00:00","1391-01-05 00:00:00","-4.0","16.9","0.0","10.5","8","290","6.4","-8.58982","34.25","1022.56","3.21484","873.9","872.1"
"40766","2012-03-25 00:00:00","1391-01-06 00:00:00","-2.9","17.6","0.0","9.7","8","290","7.4","-8.32394","33.75","1022.12","3.28172","874.4","871.4"
"40766","2012-03-26 00:00:00","1391-01-07 00:00:00","-0.9","19.8","0.0","9.5","5","210","9.4","-9.57831","27.0","1018.28","2.99338","871.5","867.4"
"40766","2012-03-27 00:00:00","1391-01-08 00:00:00","9.2","16.1","6.0","0.5","10","210","12.6","-0.0154208","53.0","1012.48","6.70551","866.7","861.5"
"40766","2012-03-28 00:00:00","1391-01-09 00:00:00","6.2","15.2","2.0","7.8","7","260","10.7","0.640731","55.125","1015.12","6.4606","869.1","862.9"
"40766","2012-03-29 00:00:00","1391-01-10 00:00:00","2.1","18.3","0.0","2.6","7","230","10.2","-0.317975","52.375","1017.9","6.01042","869.7","868.3"
"40766","2012-03-30 00:00:00","1391-01-11 00:00:00","7.5","12.3","15.0","0.8","10","200","9.9","4.36789","79.0","1013.19","8.4161","866.9","863.3"
"40766","2012-03-31 00:00:00","1391-01-12 00:00:00","0.8","13.8","0.0","7.8","8","270","7.3","-0.392326","60.75","1017.95","5.9434","871.5","867.2"
"40766","2012-04-01 00:00:00","1391-01-13 00:00:00","0.0","18.0","0.0","10.4","5","280","9.0","-1.24453","51.125","1020.95","5.61551","873.0","870.7"
"40766","2012-04-02 00:00:00","1391-01-14 00:00:00","8.3","21.8","0.01","5.7","11","180","15.0","-0.979328","35.125","1018.73","5.73949","870.7","868.4"
"40766","2012-04-03 00:00:00","1391-01-15 00:00:00","9.1","19.8","0.8","4.6","9","90","14.4","4.82664","54.875","1021.99","8.68859","875.2","870.9"
"40766","2012-04-04 00:00:00","1391-01-16 00:00:00","8.3","21.5","3.0","7.2","8","170","14.9","7.27844","67.75","1024.7","10.2721","875.8","873.0"
"40766","2012-04-05 00:00:00","1391-01-17 00:00:00","5.3","21.7","1.0","8.9","3","110","13.5","7.1431","68.875","1023.07","10.2539","875.7","871.8"
"40766","2012-04-06 00:00:00","1391-01-18 00:00:00","6.2","21.2","0.0","6.1","6","250","13.7","1.713","49.0","1019.33","7.16506","871.9","868.5"
"40766","2012-04-07 00:00:00","1391-01-19 00:00:00","2.4","22.2","0.0","10.5","8","300","12.3","1.05579","46.875","1017.23","6.61134","870.1","867.1"
"40766","2012-04-08 00:00:00","1391-01-20 00:00:00","6.2","22.7","1.4","6.2","7","10","14.5","5.68381","59.625","1016.22","9.23588","868.6","866.4"
"40766","2012-04-09 00:00:00","1391-01-21 00:00:00","9.4","24.1","0.0","3.7","6","140","16.8","4.84542","49.625","1016.96","8.73702","868.9","867.4"
"40766","2012-04-10 00:00:00","1391-01-22 00:00:00","9.4","26.1","0.0","9.9","5","140","17.8","3.20832","40.0","1018.07","7.70003","870.7","868.4"
"40766","2012-04-11 00:00:00","1391-01-23 00:00:00","8.7","25.6","0.0","6.8","7","180","17.1","2.43722","39.75","1016.56","7.41579","869.5","866.5"
"40766","2012-04-12 00:00:00","1391-01-24 00:00:00","10.4","19.9","11.0","0.0","8","290","15.1","8.58494","76.125","1015.29","11.2751","867.3","866.0"
"40766","2012-04-13 00:00:00","1391-01-25 00:00:00","8.1","20.6","0.61","10.4","6","270","14.4","7.99675","70.125","1012.76","10.738","865.9","862.8"
"40766","2012-04-14 00:00:00","1391-01-26 00:00:00","8.6","20.4","0.0","2.8","4","310","14.5","8.38789","69.625","1012.52","11.032","865.6","863.3"
"40766","2012-04-15 00:00:00","1391-01-27 00:00:00","11.4","18.1","0.2","0.2","10","280","14.8","9.54458","76.25","1015.07","11.9492","867.8","865.2"
"40766","2012-04-16 00:00:00","1391-01-28 00:00:00","11.1","20.2","0.1","4.1","8","230","15.7","7.03969","62.875","1016.47","10.0739","868.6","867.0"
"40766","2012-04-17 00:00:00","1391-01-29 00:00:00","7.2","16.9","5.0","0.6","9","110","12.0","6.43392","81.625","1014.91","9.73714","868.4","865.0"
"40766","2012-04-18 00:00:00","1391-01-30 00:00:00","2.8","18.5","0.0","8.0","4","130","10.6","6.08702","72.125","1013.38","9.47019","865.6","864.1"
"40766","2012-04-19 00:00:00","1391-01-31 00:00:00","3.6","22.8","0.0","7.2","7","270","13.2","5.9203","59.5","1012.35","9.3759","865.1","862.7"
"40766","2012-04-20 00:00:00","1391-02-01 00:00:00","10.4","20.0","0.0","1.4","7","290","15.2","2.28196","47.75","1014.1","7.24824","867.4","864.2"
"40766","2012-04-21 00:00:00","1391-02-02 00:00:00","3.9","21.2","0.0","4.4","4","270","12.6","2.28193","51.375","1017.54","7.20901","869.3","867.9"
"40766","2012-04-22 00:00:00","1391-02-03 00:00:00","4.7","22.6","0.0","11.1","8","290","13.6","1.5705","43.875","1017.03","6.90098","869.6","866.8"
"40766","2012-04-23 00:00:00","1391-02-04 00:00:00","5.6","23.1","0.0","11.7","6","310","14.4","0.440073","41.25","1015.61","6.42916","867.9","866.1"
"40766","2012-04-24 00:00:00","1391-02-05 00:00:00","4.3","24.2","0.0","12.0","7","290","14.3","-1.56484","35.25","1016.62","5.48282","868.6","866.7"
"40766","2012-04-25 00:00:00","1391-02-06 00:00:00","4.4","23.9","0.0","11.5","8","310","14.1","-0.742332","36.5","1017.55","5.86857","869.5","867.5"
"40766","2012-04-26 00:00:00","1391-02-07 00:00:00","5.7","23.9","0.0","11.8","5","330","14.8","0.647683","39.625","1018.34","6.44348","870.2","868.8"
"40766","2012-04-27 00:00:00","1391-02-08 00:00:00","5.0","25.0","0.0","9.7","8","300","15.0","0.538995","39.75","1019.87","6.40189","871.7","869.8"
"40766","2012-04-28 00:00:00","1391-02-09 00:00:00","6.7","26.4","0.0","8.4","4","320","16.5","1.2544","38.125","1020.65","6.78871","872.6","870.7"
"40766","2012-04-29 00:00:00","1391-02-10 00:00:00","7.8","27.6","0.0","9.0","4","10","17.7","2.92321","40.5","1019.03","7.56654","871.8","868.4"
"40766","2012-04-30 00:00:00","1391-02-11 00:00:00","7.9","29.2","0.0","7.3","9","210","18.6","-1.28627","28.75","1016.93","5.82533","869.7","866.4"
"40766","2012-05-01 00:00:00","1391-02-12 00:00:00","10.3","26.7","0.0","9.5","6","270","18.5","2.73697","36.25","1016.97","7.47819","868.6","867.4"
"40766","2012-05-02 00:00:00","1391-02-13 00:00:00","12.0","26.3","0.01","4.4","8","110","19.1","6.01296","43.75","1018.05","9.41653","871.3","867.5"
"40766","2012-05-03 00:00:00","1391-02-14 00:00:00","16.7","29.8","13.1","5.8","11","310","23.3","8.80863","48.375","1016.59","11.5052","868.8","866.1"
"40766","2012-05-04 00:00:00","1391-02-15 00:00:00","14.1","26.2","5.0","10.3","9","150","20.2","7.58048","44.25","1015.41","10.6155","867.8","865.7"
"40766","2012-05-05 00:00:00","1391-02-16 00:00:00","8.8","25.9","0.0","9.5","10","240","17.4","4.15862","42.25","1015.35","8.25806","867.6","865.6"
"40766","2012-05-06 00:00:00","1391-02-17 00:00:00","8.7","26.7","0.0","8.8","8","250","17.7","3.43573","40.5","1015.01","7.92323","867.0","866.0"
"40766","2012-05-07 00:00:00","1391-02-18 00:00:00","9.6","25.4","0.0","10.4","5","320","17.5","0.205546","32.75","1015.75","6.23465","867.7","866.2"
"40766","2012-05-08 00:00:00","1391-02-19 00:00:00","6.4","26.4","0.0","7.6","8","310","16.4","-0.772066","35.875","1017.2","5.9415","869.9","867.5"
"40766","2012-05-09 00:00:00","1391-02-20 00:00:00","7.5","28.5","0.0","8.8","4","120","18.0","2.02182","35.625","1020.68","7.10493","872.4","869.9"
"40766","2012-05-10 00:00:00","1391-02-21 00:00:00","11.8","30.2","0.0","3.9","10","120","21.0","3.95839","33.375","1021.42","8.14453","873.7","871.0"
"40766","2012-05-11 00:00:00","1391-02-22 00:00:00","15.7","32.0","0.0","0.6","8","280","23.9","2.88664","27.5","1019.79","7.70283","872.1","869.3"
"40766","2012-05-12 00:00:00","1391-02-23 00:00:00","9.4","30.7","0.0","10.0","4","290","20.0","0.886134","28.5","1017.2","6.58578","870.3","866.3"
"40766","2012-05-13 00:00:00","1391-02-24 00:00:00","15.9","32.4","0.0","0.0","9","230","24.2","0.277836","23.0","1013.29","6.4098","865.7","864.0"
"40766","2012-05-14 00:00:00","1391-02-25 00:00:00","13.9","30.2","0.0","6.1","9","240","22.0","0.361541","24.375","1014.29","6.34013","867.2","864.6"
"40766","2012-05-15 00:00:00","1391-02-26 00:00:00","14.4","27.0","0.0","7.8","13","270","20.7","1.48478","29.875","1017.47","6.87042","869.6","867.7"
"40766","2012-05-16 00:00:00","1391-02-27 00:00:00","10.1","27.6","0.0","12.2","8","290","18.9","3.53759","38.625","1017.28","7.91613","870.1","866.8"
"40766","2012-05-17 00:00:00","1391-02-28 00:00:00","8.6","29.2","0.0","10.4","6","330","18.9","0.475285","30.25","1015.11","6.52496","867.6","865.2"
"40766","2012-05-18 00:00:00","1391-02-29 00:00:00","10.4","29.9","0.0","12.1","5","360","20.1","0.474673","28.375","1017.28","6.39724","869.2","866.7"
"40766","2012-05-19 00:00:00","1391-02-30 00:00:00","9.9","32.0","0.0","12.0","3","170","21.0","-0.447936","25.875","1018.32","5.98962","870.9","867.7"
"40766","2012-05-20 00:00:00","1391-02-31 00:00:00","11.0","34.6","0.0","10.0","12","220","22.8","-2.67111","19.375","1017.28","5.1147","869.4","867.1"
"40766","2012-05-21 00:00:00","1391-03-01 00:00:00","13.4","32.6","0.0","4.0","9","270","23.0","-0.527551","23.375","1017.2","6.04597","869.5","867.0"
"40766","2012-05-22 00:00:00","1391-03-02 00:00:00","15.1","29.0","0.0","1.5","9","270","22.0","1.27504","28.125","1011.27","6.75509","864.6","861.3"
"40766","2012-05-23 00:00:00","1391-03-03 00:00:00","12.9","24.8","0.0","2.6","10","280","18.8","2.46663","34.875","1013.4","7.31828","865.8","863.8"
"40766","2012-05-24 00:00:00","1391-03-04 00:00:00","10.7","28.1","0.0","7.8","9","280","19.4","0.568838","27.625","1014.56","6.41971","868.2","865.0"
"40766","2012-05-25 00:00:00","1391-03-05 00:00:00","14.1","29.4","0.0","2.9","7","310","21.8","1.13255","26.625","1018.18","6.65068","870.2","868.2"
"40766","2012-05-26 00:00:00","1391-03-06 00:00:00","9.5","31.1","0.0","9.0","11","280","20.3","0.759035","26.625","1018.21","6.46419","870.1","868.6"
"40766","2012-05-27 00:00:00","1391-03-07 00:00:00","10.8","29.1","0.0","10.8","7","290","20.0","-1.90146","24.625","1018.07","5.38894","869.6","868.6"
"40766","2012-05-28 00:00:00","1391-03-08 00:00:00","10.2","28.4","0.0","7.9","6","290","19.3","-1.73886","23.25","1017.5","5.41511","869.6","867.4"
"40766","2012-05-29 00:00:00","1391-03-09 00:00:00","11.9","29.5","0.0","10.5","8","270","20.7","0.338168","25.625","1019.54","6.28024","871.5","868.7"
"40766","2012-05-30 00:00:00","1391-03-10 00:00:00","9.6","33.1","0.0","9.9","5","290","21.3","0.480004","26.0","1020.61","6.41439","872.8","869.9"
"40766","2012-05-31 00:00:00","1391-03-11 00:00:00","13.8","34.6","0.0","10.0","8","310","24.2","0.129544","22.625","1018.14","6.34909","870.5","867.6"
"40766","2012-06-01 00:00:00","1391-03-12 00:00:00","10.6","33.6","0.0","12.1","7","290","22.1","-3.58936","18.5","1017.63","4.74009","869.4","867.7"
"40766","2012-06-02 00:00:00","1391-03-13 00:00:00","13.8","32.0","0.0","12.0","8","300","22.9","-3.94308","18.5","1018.51","4.73452","870.9","868.4"
"40766","2012-06-03 00:00:00","1391-03-14 00:00:00","8.9","34.6","0.0","12.4","6","310","21.8","-5.19155","16.875","1016.94","4.19548","869.7","866.7"
"40766","2012-06-04 00:00:00","1391-03-15 00:00:00","15.9","36.4","0.0","12.3","9","110","26.2","1.75375","19.0","1015.22","6.97854","868.0","865.3"
"40766","2012-06-05 00:00:00","1391-03-16 00:00:00","19.4","38.7","0.0","11.7","8","260","29.0","0.763097","17.75","1013.63","6.60722","866.4","864.2"
"40766","2012-06-06 00:00:00","1391-03-17 00:00:00","15.5","35.7","0.0","12.0","7","310","25.6","-3.38102","14.875","1013.01","4.85855","866.0","863.8"
"40766","2012-06-07 00:00:00","1391-03-18 00:00:00","12.4","35.3","0.0","12.2","8","290","23.8","-3.67464","16.25","1011.64","4.7223","864.6","862.1"
"40766","2012-06-08 00:00:00","1391-03-19 00:00:00","12.1","35.7","0.0","12.0","8","310","23.9","-5.01707","15.125","1012.82","4.26186","865.6","863.5"
"40766","2012-06-09 00:00:00","1391-03-20 00:00:00","12.7","34.8","0.0","12.1","7","290","23.8","-5.14302","14.75","1015.08","4.28492","867.6","865.2"
"40766","2012-06-10 00:00:00","1391-03-21 00:00:00","11.9","34.9","0.0","12.5","6","310","23.4","-0.81906","19.25","1014.63","5.8252","867.8","864.5"
"40766","2012-06-11 00:00:00","1391-03-22 00:00:00","14.6","36.5","0.0","11.8","6","290","25.5","0.16275","19.125","1011.14","6.30996","865.0","861.5"
"40766","2012-06-12 00:00:00","1391-03-23 00:00:00","15.3","36.3","0.0","8.0","9","290","25.8","1.3669","20.0","1011.17","6.79851","863.7","862.1"
"40766","2012-06-13 00:00:00","1391-03-24 00:00:00","17.1","37.4","0.0","9.3","8","110","27.3","0.95506","18.625","1012.74","6.57935","866.0","863.5"
"40766","2012-06-14 00:00:00","1391-03-25 00:00:00","17.9","36.5","0.01","10.5","5","140","27.2","2.80973","21.0","1015.93","7.5062","868.3","866.3"
"40766","2012-06-15 00:00:00","1391-03-26 00:00:00","15.9","37.1","0.0","12.0","5","120","26.5","1.80955","20.375","1015.59","7.04338","868.4","865.6"
"40766","2012-06-16 00:00:00","1391-03-27 00:00:00","20.2","37.1","0.0","6.8","5","130","28.6","2.23236","18.625","1014.33","7.20843","866.4","865.0"
"40766","2012-06-17 00:00:00","1391-03-28 00:00:00","22.0","38.8","0.01","11.6","8","290","30.4","0.288551","15.5","1012.35","6.35147","866.0","861.7"
"40766","2012-06-18 00:00:00","1391-03-29 00:00:00","15.9","36.1","0.0","11.8","10","300","26.0","-8.49935","12.375","1009.45","4.01641","862.8","860.5"
"40766","2012-06-19 00:00:00","1391-03-30 00:00:00","20.6","32.5","0.0","10.4","6","20","26.5","2.09247","21.0","1009.48","7.12096","862.5","860.7"
"40766","2012-06-20 00:00:00","1391-03-31 00:00:00","15.8","31.7","0.0","10.4","10","120","23.8","3.02291","24.875","1010.15","7.61574","863.6","861.1"
"40766","2012-06-21 00:00:00","1391-04-01 00:00:00","16.1","33.4","0.0","3.1","6","210","24.8","1.89731","20.625","1010.75","7.11478","863.7","861.6"
"40766","2012-06-22 00:00:00","1391-04-02 00:00:00","19.2","35.5","0.0","5.1","6","320","27.4","0.252209","18.0","1014.11","6.39112","866.8","864.5"
"40766","2012-06-23 00:00:00","1391-04-03 00:00:00","15.9","36.3","0.0","6.1","7","310","26.1","-1.68485","15.875","1015.21","5.42157","867.8","865.4"
"40766","2012-06-24 00:00:00","1391-04-04 00:00:00","17.4","35.6","0.0","10.4","10","290","26.5","0.514715","19.75","1011.53","6.55667","865.3","861.2"
"40766","2012-06-25 00:00:00","1391-04-05 00:00:00","16.0","35.5","0.0","7.3","8","290","25.8","3.97844","25.5","1010.77","8.33172","863.4","861.4"
"40766","2012-06-26 00:00:00","1391-04-06 00:00:00","16.8","35.0","0.0","11.5","6","300","25.9","4.37945","26.375","1011.04","8.5521","864.3","861.5"
"40766","2012-06-27 00:00:00","1391-04-07 00:00:00","17.2","36.3","0.0","10.9","4","90","26.8","3.31088","23.625","1009.13","7.9716","862.5","859.9"
"40766","2012-06-28 00:00:00","1391-04-08 00:00:00","17.4","36.2","0.0","7.8","10","280","26.8","3.98089","23.375","1009.51","8.28672","862.6","860.7"
"40766","2012-06-29 00:00:00","1391-04-09 00:00:00","18.7","35.2","0.0","9.4","6","290","27.0","4.91302","25.0","1010.85","8.71859","863.2","862.1"
"40766","2012-06-30 00:00:00","1391-04-10 00:00:00","20.2","35.7","0.0","9.4","10","300","28.0","-1.60455","16.75","1012.37","5.65056","865.0","863.2"
"40766","2012-07-01 00:00:00","1391-04-11 00:00:00","14.3","34.6","0.0","12.5","9","280","24.4","-2.65245","16.375","1012.15","5.13339","864.7","863.1"
"40766","2012-07-02 00:00:00","1391-04-12 00:00:00","10.0","36.0","0.0","12.6","10","240","23.0","-9.71837","11.875","1012.21","3.04152","864.9","863.0"
"40766","2012-07-03 00:00:00","1391-04-13 00:00:00","14.0","36.1","0.0","12.1","5","310","25.0","-5.8098","12.75","1012.35","4.09027","865.4","862.8"
"40766","2012-07-04 00:00:00","1391-04-14 00:00:00","15.4","38.0","0.0","12.1","7","310","26.7","-2.26755","15.375","1010.5","5.21972","863.8","861.1"
"40766","2012-07-05 00:00:00","1391-04-15 00:00:00","13.9","37.6","0.0","12.4","7","290","25.8","-4.18745","14.25","1008.1","4.57637","862.5","858.6"
"40766","2012-07-06 00:00:00","1391-04-16 00:00:00","14.1","38.6","0.0","12.4","9","310","26.3","-3.94603","14.25","1007.36","4.61671","860.7","858.4"
"40766","2012-07-07 00:00:00","1391-04-17 00:00:00","14.2","38.4","0.0","11.7","7","300","26.3","-2.62436","15.25","1005.81","5.09434","859.8","856.9"
"40766","2012-07-08 00:00:00","1391-04-18 00:00:00","16.3","37.9","0.0","10.2","8","300","27.1","-1.61491","16.125","1004.7","5.49613","858.1","856.3"
"40766","2012-07-09 00:00:00","1391-04-19 00:00:00","16.6","35.1","0.0","3.6","7","310","25.8","1.03642","20.0","1007.97","6.70488","861.8","858.7"
"40766","2012-07-10 00:00:00","1391-04-20 00:00:00","18.8","35.5","0.0","11.4","6","290","27.1","3.06946","22.25","1011.64","7.73179","864.4","862.2"
"40766","2012-07-11 00:00:00","1391-04-21 00:00:00","16.9","37.6","0.0","9.1","6","290","27.3","1.00549","19.375","1012.08","6.64158","865.3","862.3"
"40766","2012-07-12 00:00:00","1391-04-22 00:00:00","15.4","39.2","0.0","12.0","6","310","27.3","-2.33253","14.75","1010.9","5.17411","863.5","861.7"
"40766","2012-07-13 00:00:00","1391-04-23 00:00:00","16.9","38.9","0.0","12.2","8","300","27.9","-3.74491","12.625","1012.11","4.78063","864.8","863.4"
"40766","2012-07-14 00:00:00","1391-04-24 00:00:00","16.0","38.5","0.0","12.4","7","310","27.3","-2.72096","13.25","1011.3","5.03428","864.7","861.5"
"40766","2012-07-15 00:00:00","1391-04-25 00:00:00","18.1","38.4","0.0","12.5","10","310","28.3","0.482718","15.0","1008.71","6.62508","862.5","859.8"
"40766","2012-07-16 00:00:00","1391-04-26 00:00:00","22.0","36.2","0.01","6.5","15","180","29.1","8.98261","29.625","1008.83","11.4872","861.6","860.1"
"40766","2012-07-17 00:00:00","1391-04-27 00:00:00","21.8","37.4","0.0","11.2","6","240","29.6","2.73894","20.375","1011.03","8.00579","864.0","862.0"
"40766","2012-07-18 00:00:00","1391-04-28 00:00:00","18.6","38.6","0.0","11.4","4","180","28.6","1.63113","17.375","1013.36","6.99869","866.3","864.0"
"40766","2012-07-19 00:00:00","1391-04-29 00:00:00","21.4","39.6","0.0","10.1","4","250","30.5","2.64466","17.875","1013.53","7.55446","866.6","863.7"
"40766","2012-07-20 00:00:00","1391-04-30 00:00:00","22.0","40.6","0.0","11.5","7","100","31.3","2.74633","17.25","1013.09","7.51423","866.1","863.3"
"40766","2012-07-21 00:00:00","1391-04-31 00:00:00","25.6","40.5","0.0","8.8","7","120","33.0","3.10969","16.875","1012.17","7.78951","864.8","862.6"
"40766","2012-07-22 00:00:00","1391-05-01 00:00:00","22.9","38.8","0.0","10.2","11","120","30.8","6.68692","22.375","1013.89","9.99132","866.5","864.5"
"40766","2012-07-23 00:00:00","1391-05-02 00:00:00","22.2","39.4","0.0","10.9","9","350","30.8","5.54221","21.875","1014.64","9.21083","867.6","864.2"
"40766","2012-07-24 00:00:00","1391-05-03 00:00:00","23.4","38.6","0.0","9.0","12","120","31.0","3.37659","18.0","1013.36","7.96698","866.6","863.3"
"40766","2012-07-25 00:00:00","1391-05-04 00:00:00","24.4","37.5","0.0","10.1","9","100","31.0","-2.3235","11.0","1013.42","5.19835","865.7","864.2"
"40766","2012-07-26 00:00:00","1391-05-05 00:00:00","23.0","38.6","0.0","11.8","7","100","30.8","0.447683","15.5","1013.67","6.44036","866.7","863.8"
"40766","2012-07-27 00:00:00","1391-05-06 00:00:00","21.6","38.2","0.0","4.2","7","280","29.9","-0.745004","13.625","1012.03","5.83322","865.0","862.7"
"40766","2012-07-28 00:00:00","1391-05-07 00:00:00","19.6","38.4","0.0","5.0","7","270","29.0","-3.10342","12.25","1010.73","5.00689","863.5","861.5"
"40766","2012-07-29 00:00:00","1391-05-08 00:00:00","20.6","37.0","0.0","5.0","7","290","28.8","-0.48625","14.625","1011.19","6.04866","863.8","862.3"
"40766","2012-07-30 00:00:00","1391-05-09 00:00:00","18.4","37.6","0.01","9.5","7","310","28.0","2.7117","19.875","1012.69","7.47123","865.0","863.9"
"40766","2012-07-31 00:00:00","1391-05-10 00:00:00","21.8","39.4","0.0","6.6","10","190","30.6","3.39704","20.75","1012.48","7.89907","865.1","863.3"
"40766","2012-08-01 00:00:00","1391-05-11 00:00:00","17.4","40.3","0.0","9.0","9","270","28.8","-0.379706","18.125","1013.33","6.25547","866.3","864.1"
"40766","2012-08-02 00:00:00","1391-05-12 00:00:00","19.2","37.5","0.0","8.7","9","280","28.4","-0.575242","15.375","1015.21","5.94096","867.8","865.9"
"40766","2012-08-03 00:00:00","1391-05-13 00:00:00","17.8","40.4","0.0","11.7","6","290","29.1","-0.0603026","15.375","1012.45","6.09873","866.0","862.3"
"40766","2012-08-04 00:00:00","1391-05-14 00:00:00","19.6","41.9","0.0","10.8","7","130","30.8","-1.71774","12.625","1009.64","5.4417","863.1","859.9"
"40766","2012-08-05 00:00:00","1391-05-15 00:00:00","21.8","41.3","0.0","9.5","7","100","31.5","-1.46601","12.625","1009.59","5.53071","863.3","860.1"
"40766","2012-08-06 00:00:00","1391-05-16 00:00:00","20.5","40.5","0.0","9.5","7","300","30.5","-0.40689","14.0","1009.67","6.0272","862.8","860.2"
"40766","2012-08-07 00:00:00","1391-05-17 00:00:00","20.2","39.6","0.0","9.8","7","170","29.9","0.826542","16.625","1010.8","6.72215","864.0","861.5"
"40766","2012-08-08 00:00:00","1391-05-18 00:00:00","19.5","38.8","0.0","10.9","8","300","29.1","-0.00750874","17.0","1012.62","6.29228","865.2","863.6"
"40766","2012-08-09 00:00:00","1391-05-19 00:00:00","17.6","37.7","0.0","11.2","7","290","27.7","-1.27992","15.5","1013.16","5.65768","866.3","864.0"
"40766","2012-08-10 00:00:00","1391-05-20 00:00:00","16.7","36.6","0.0","11.4","8","290","26.6","-0.655181","15.75","1011.61","5.84889","864.6","862.4"
"40766","2012-08-11 00:00:00","1391-05-21 00:00:00","17.4","38.8","0.0","11.6","5","280","28.1","-2.15254","14.25","1010.96","5.32488","864.0","861.5"
"40766","2012-08-12 00:00:00","1391-05-22 00:00:00","16.2","40.0","0.0","11.2","7","280","28.1","-2.1038","14.0","1011.91","5.2802","865.2","862.1"
"40766","2012-08-13 00:00:00","1391-05-23 00:00:00","18.8","39.9","0.0","10.0","8","170","29.4","0.591315","16.5","1011.44","6.5053","864.5","862.1"
"40766","2012-08-14 00:00:00","1391-05-24 00:00:00","18.8","40.8","0.0","10.2","7","190","29.8","0.0147626","17.75","1011.68","6.40181","864.6","861.8"
"40766","2012-08-15 00:00:00","1391-05-25 00:00:00","17.6","40.8","0.0","9.3","7","300","29.2","-0.0723298","17.25","1012.24","6.45811","864.9","862.5"
"40766","2012-08-16 00:00:00","1391-05-26 00:00:00","18.2","40.5","0.0","10.0","8","290","29.4","-1.25403","15.875","1011.73","5.79375","864.4","862.5"
"40766","2012-08-17 00:00:00","1391-05-27 00:00:00","16.4","37.7","0.0","10.8","8","290","27.0","-3.75472","14.25","1012.32","4.80323","864.9","863.0"
"40766","2012-08-18 00:00:00","1391-05-28 00:00:00","15.1","38.2","0.0","11.0","7","190","26.7","-6.67783","11.875","1013.72","3.8516","866.4","864.3"
"40766","2012-08-19 00:00:00","1391-05-29 00:00:00","16.4","38.2","0.0","11.7","5","300","27.3","-5.42149","12.25","1014.19","4.16363","867.2","864.4"
"40766","2012-08-20 00:00:00","1391-05-30 00:00:00","14.9","38.1","0.0","12.1","9","290","26.5","-5.21037","12.0","1013.02","4.15871","866.1","863.3"
"40766","2012-08-21 00:00:00","1391-05-31 00:00:00","15.4","38.0","0.0","11.4","8","290","26.7","-6.63712","10.75","1012.96","3.72795","865.9","863.4"
"40766","2012-08-22 00:00:00","1391-06-01 00:00:00","15.0","38.4","0.0","11.5","9","290","26.7","-5.97347","11.75","1012.45","3.95023","865.6","862.9"
"40766","2012-08-23 00:00:00","1391-06-02 00:00:00","15.7","39.4","0.0","10.8","6","290","27.6","-3.87985","13.375","1010.9","4.73672","863.8","861.0"
"40766","2012-08-24 00:00:00","1391-06-03 00:00:00","16.6","40.2","0.0","11.1","9","180","28.4","-3.45886","14.625","1013.23","4.92443","866.1","863.9"
"40766","2012-08-25 00:00:00","1391-06-04 00:00:00","17.8","39.1","0.0","10.8","8","120","28.4","-2.77589","12.5","1014.1","5.02557","866.8","864.6"
"40766","2012-08-26 00:00:00","1391-06-05 00:00:00","16.9","37.6","0.0","11.0","5","200","27.3","-2.53665","16.0","1014.31","5.63303","867.2","864.0"
"40766","2012-08-27 00:00:00","1391-06-06 00:00:00","19.6","36.2","0.0","9.1","8","120","27.9","3.83521","21.625","1013.01","8.07984","866.6","863.4"
"40766","2012-08-28 00:00:00","1391-06-07 00:00:00","18.1","37.0","0.0","6.4","7","170","27.5","1.21058","18.125","1012.51","6.71557","865.3","863.3"
"40766","2012-08-29 00:00:00","1391-06-08 00:00:00","20.3","38.2","0.0","9.5","8","230","29.3","-2.28637","14.375","1013.7","5.33241","866.7","864.3"
"40766","2012-08-30 00:00:00","1391-06-09 00:00:00","16.0","38.0","0.0","11.3","5","300","27.0","-4.05354","13.375","1016.09","4.6057","868.6","866.6"
"40766","2012-08-31 00:00:00","1391-06-10 00:00:00","14.8","38.1","0.0","10.2","8","150","26.4","-6.04719","13.5","1014.54","4.09821","867.5","864.5"
"40766","2012-09-01 00:00:00","1391-06-11 00:00:00","14.1","35.4","0.0","11.4","7","280","24.8","-4.53342","14.375","1013.42","4.4808","866.4","863.7"
"40766","2012-09-02 00:00:00","1391-06-12 00:00:00","13.8","35.3","0.0","10.5","7","300","24.5","-2.48099","17.5","1013.55","5.16961","866.4","864.3"
"40766","2012-09-03 00:00:00","1391-06-13 00:00:00","14.0","34.8","0.0","10.8","7","290","24.4","-2.89703","17.875","1012.86","5.06878","866.0","863.3"
"40766","2012-09-04 00:00:00","1391-06-14 00:00:00","15.5","33.2","0.0","10.3","5","300","24.4","-2.62775","17.25","1012.51","5.10315","864.9","863.7"
"40766","2012-09-05 00:00:00","1391-06-15 00:00:00","16.0","34.6","0.0","9.9","7","130","25.3","-3.02114","16.25","1013.39","4.99875","866.2","863.9"
"40766","2012-09-06 00:00:00","1391-06-16 00:00:00","15.5","35.2","0.0","10.2","4","120","25.4","-2.93498","15.125","1014.47","4.99577","867.5","864.9"
"40766","2012-09-07 00:00:00","1391-06-17 00:00:00","14.6","35.8","0.0","10.5","7","290","25.2","-5.5799","12.125","1014.0","4.05144","867.2","864.0"
"40766","2012-09-08 00:00:00","1391-06-18 00:00:00","16.0","36.6","0.0","9.5","8","280","26.3","-5.89765","12.5","1013.25","3.99759","866.0","863.5"
"40766","2012-09-09 00:00:00","1391-06-19 00:00:00","13.5","36.2","0.0","10.8","11","180","24.9","-8.49755","11.875","1013.6","3.3346","866.6","863.7"
"40766","2012-09-10 00:00:00","1391-06-20 00:00:00","12.6","34.8","0.0","10.4","7","240","23.7","-9.67377","11.0","1014.44","3.08885","866.9","865.1"
"40766","2012-09-11 00:00:00","1391-06-21 00:00:00","14.0","33.8","0.0","10.6","8","120","23.9","-5.03426","14.125","1015.18","4.35132","867.6","865.5"
"40766","2012-09-12 00:00:00","1391-06-22 00:00:00","13.5","32.5","0.0","10.4","6","300","23.0","-2.31799","19.0","1015.69","5.19747","868.2","865.7"
"40766","2012-09-13 00:00:00","1391-06-23 00:00:00","12.8","32.3","0.0","10.0","7","280","22.5","-3.08103","17.75","1016.13","4.90867","868.7","866.3"
"40766","2012-09-14 00:00:00","1391-06-24 00:00:00","12.1","33.6","0.0","9.6","8","290","22.8","-6.14919","14.875","1015.27","3.99142","868.3","865.4"
"40766","2012-09-15 00:00:00","1391-06-25 00:00:00","11.3","34.8","0.0","10.1","7","280","23.0","-7.21599","12.0","1013.35","3.60327","866.0","863.3"
"40766","2012-09-16 00:00:00","1391-06-26 00:00:00","13.8","34.7","0.0","9.9","7","100","24.3","-4.26756","15.25","1014.63","4.56705","867.3","865.1"
"40766","2012-09-17 00:00:00","1391-06-27 00:00:00","13.6","35.1","0.0","10.2","7","280","24.3","-2.89178","16.125","1015.52","4.99951","868.0","865.9"
"40766","2012-09-18 00:00:00","1391-06-28 00:00:00","13.4","35.5","0.0","10.4","6","190","24.5","-6.99275","12.875","1015.69","3.70573","868.4","866.0"
"40766","2012-09-19 00:00:00","1391-06-29 00:00:00","11.8","34.2","0.0","10.2","8","270","23.0","-8.33417","12.5","1016.74","3.32274","868.9","866.9"
"40766","2012-09-20 00:00:00","1391-06-30 00:00:00","10.8","34.4","0.0","10.2","8","240","22.6","-9.97441","11.375","1017.55","2.96169","869.6","867.3"
"40766","2012-09-21 00:00:00","1391-06-31 00:00:00","10.1","31.8","0.0","10.2","8","290","21.0","-5.27462","17.125","1018.88","4.17458","871.0","869.1"
"40766","2012-09-22 00:00:00","1391-07-01 00:00:00","10.6","32.6","0.0","10.1","8","310","21.6","-4.06917","18.375","1019.02","4.5728","871.1","868.9"
"40766","2012-09-23 00:00:00","1391-07-02 00:00:00","12.4","34.6","0.0","9.8","6","260","23.5","-3.01571","18.625","1017.31","4.9273","871.0","866.4"
"40766","2012-09-24 00:00:00","1391-07-03 00:00:00","12.4","32.4","0.0","10.2","6","290","22.4","-5.19573","17.25","1015.98","4.36483","867.9","866.3"
"40766","2012-09-25 00:00:00","1391-07-04 00:00:00","11.5","32.4","0.0","9.8","5","290","22.0","-7.31752","13.75","1016.76","3.56962","869.5","866.6"
"40766","2012-09-26 00:00:00","1391-07-05 00:00:00","10.0","32.6","0.0","10.4","7","180","21.3","-10.501","12.375","1018.95","2.93493","871.1","868.5"
"40766","2012-09-27 00:00:00","1391-07-06 00:00:00","8.2","30.2","0.0","10.6","6","300","19.2","-7.17127","16.25","1021.39","3.61555","873.3","871.0"
"40766","2012-09-28 00:00:00","1391-07-07 00:00:00","10.0","30.8","0.0","10.1","7","290","20.4","-3.92915","19.25","1022.19","4.58824","874.2","871.2"
"40766","2012-09-29 00:00:00","1391-07-08 00:00:00","11.2","29.2","0.0","10.2","7","100","20.2","0.239541","26.75","1022.95","6.27645","875.4","872.1"
"40766","2012-09-30 00:00:00","1391-07-09 00:00:00","13.2","31.2","0.0","9.9","6","110","22.2","-0.183747","25.875","1023.01","6.06794","875.4","872.5"
"40766","2012-10-01 00:00:00","1391-07-10 00:00:00","10.4","31.4","0.0","10.1","5","240","20.9","-1.87325","23.375","1023.64","5.5419","875.6","873.1"
"40766","2012-10-02 00:00:00","1391-07-11 00:00:00","11.6","31.4","0.0","10.3","7","100","21.5","-4.50581","17.75","1023.84","4.42153","875.9","873.0"
"40766","2012-10-03 00:00:00","1391-07-12 00:00:00","10.4","31.0","0.0","8.3","5","340","20.7","-5.75326","17.75","1021.73","3.9913","874.7","870.2"
"40766","2012-10-04 00:00:00","1391-07-13 00:00:00","10.2","31.0","0.0","10.0","5","270","20.6","-4.29548","19.75","1018.72","4.57291","871.2","868.7"
"40766","2012-10-05 00:00:00","1391-07-14 00:00:00","10.2","30.6","0.0","9.2","7","300","20.4","-2.2637","21.75","1019.81","5.39879","871.8","869.2"
"40766","2012-10-06 00:00:00","1391-07-15 00:00:00","10.0","30.0","0.2","2.9","5","240","20.0","1.41948","30.625","1022.22","6.88673","873.7","871.5"
"40766","2012-10-07 00:00:00","1391-07-16 00:00:00","10.2","29.2","0.0","5.8","8","310","19.7","1.64991","31.0","1023.55","6.90529","874.8","873.4"
"40766","2012-10-08 00:00:00","1391-07-17 00:00:00","11.2","30.0","0.0","4.6","5","280","20.6","0.500309","26.375","1021.22","6.39508","874.0","870.1"
"40766","2012-10-09 00:00:00","1391-07-18 00:00:00","18.2","27.8","0.0","1.9","10","180","23.0","0.587257","25.5","1019.52","6.42237","871.8","869.1"
"40766","2012-10-10 00:00:00","1391-07-19 00:00:00","10.8","29.6","0.0","8.2","9","250","20.2","0.96693","30.875","1020.44","6.61391","872.6","870.4"
"40766","2012-10-11 00:00:00","1391-07-20 00:00:00","11.0","29.6","0.0","4.2","7","200","20.3","1.90807","31.625","1021.65","7.11069","874.2","871.1"
"40766","2012-10-12 00:00:00","1391-07-21 00:00:00","15.2","31.0","0.0","5.5","16","260","23.1","-0.712502","21.0","1019.83","5.83396","871.3","869.5"
"40766","2012-10-13 00:00:00","1391-07-22 00:00:00","11.0","27.0","0.0","10.0","5","290","19.0","0.743497","34.125","1020.67","6.62102","872.7","870.5"
"40766","2012-10-14 00:00:00","1391-07-23 00:00:00","7.4","28.0","0.0","10.1","6","280","17.7","-3.98066","23.0","1020.97","4.57695","873.0","870.8"
"40766","2012-10-15 00:00:00","1391-07-24 00:00:00","6.8","28.2","0.0","10.1","7","280","17.5","-5.44414","23.125","1022.41","4.2754","874.6","872.1"
"40766","2012-10-16 00:00:00","1391-07-25 00:00:00","7.4","28.0","0.0","10.0","5","290","17.7","-6.90455","19.125","1022.66","3.65791","874.5","872.2"
"40766","2012-10-17 00:00:00","1391-07-26 00:00:00","7.8","28.6","0.0","10.0","5","280","18.2","-5.58393","21.0","1021.73","4.07731","874.0","870.9"
"40766","2012-10-18 00:00:00","1391-07-27 00:00:00","7.6","26.2","0.0","9.9","5","290","16.9","-4.7155","24.25","1021.01","4.38085","872.7","870.7"
"40766","2012-10-19 00:00:00","1391-07-28 00:00:00","10.8","23.8","2.0","4.2","8","360","17.3","3.36232","43.25","1022.98","8.09993","874.3","872.4"
"40766","2012-10-20 00:00:00","1391-07-29 00:00:00","9.2","23.8","0.0","8.5","6","70","16.5","1.79273","40.75","1023.74","7.02671","875.2","873.1"
"40766","2012-10-21 00:00:00","1391-07-30 00:00:00","8.6","25.2","0.2","4.6","7","360","16.9","5.26301","50.375","1024.48","8.98174","875.6","873.5"
"40766","2012-10-22 00:00:00","1391-08-01 00:00:00","12.0","28.0","3.0","0.6","8","300","20.0","7.8554","57.0","1024.12","10.6392","876.1","873.0"
"40766","2012-10-23 00:00:00","1391-08-02 00:00:00","11.4","25.2","0.01","5.5","13","180","18.3","4.5114","42.25","1022.1","8.61554","873.8","871.8"
"40766","2012-10-24 00:00:00","1391-08-03 00:00:00","7.2","24.8","0.0","9.0","6","300","16.0","1.91516","41.25","1022.74","7.04394","874.4","872.2"
"40766","2012-10-25 00:00:00","1391-08-04 00:00:00","9.6","17.8","7.41","0.5","5","120","13.7","8.53493","72.25","1020.92","11.5542","873.0","870.2"
"40766","2012-10-26 00:00:00","1391-08-05 00:00:00","10.6","20.6","0.41","3.1","7","250","15.6","8.56607","62.875","1019.15","11.1862","870.8","869.2"
"40766","2012-10-27 00:00:00","1391-08-06 00:00:00","10.2","15.8","23.2","5.1","7","340","13.0","8.141","78.5","1019.22","10.866","871.0","868.8"
"40766","2012-10-28 00:00:00","1391-08-07 00:00:00","7.2","19.4","0.0","7.9","6","280","13.3","6.69358","68.625","1021.92","9.82817","873.8","871.4"
"40766","2012-10-29 00:00:00","1391-08-08 00:00:00","5.0","19.6","0.0","9.6","3","180","12.3","5.39649","68.875","1020.99","9.03855","873.0","870.4"
"40766","2012-10-30 00:00:00","1391-08-09 00:00:00","4.2","20.6","0.0","9.8","5","270","12.4","4.04041","59.375","1020.67","8.18703","872.9","870.6"
"40766","2012-10-31 00:00:00","1391-08-10 00:00:00","5.0","20.8","0.0","10.0","4","310","12.9","1.14771","50.5","1021.7","6.72282","873.4","871.4"
"40766","2012-11-01 00:00:00","1391-08-11 00:00:00","4.6","22.0","0.0","8.5","3","280","13.3","2.54214","54.0","1022.43","7.3711","874.3","871.9"
"40766","2012-11-02 00:00:00","1391-08-12 00:00:00","5.2","23.2","0.0","9.5","12","290","14.2","3.19967","52.25","1021.83","7.70898","874.0","871.5"
"40766","2012-11-03 00:00:00","1391-08-13 00:00:00","4.4","21.6","0.01","5.3","5","290","13.0","4.66933","53.75","1021.78","8.57673","873.1","871.8"
"40766","2012-11-04 00:00:00","1391-08-14 00:00:00","11.0","22.8","0.01","3.4","4","340","16.9","5.19664","49.5","1022.7","8.90265","873.8","872.6"
"40766","2012-11-05 00:00:00","1391-08-15 00:00:00","12.6","22.6","0.01","5.3","9","320","17.6","5.54347","51.5","1022.17","9.11215","873.7","872.2"
"40766","2012-11-06 00:00:00","1391-08-16 00:00:00","5.6","21.6","0.0","9.0","5","280","13.6","2.97816","51.75","1021.85","7.6393","873.3","871.5"
"40766","2012-11-07 00:00:00","1391-08-17 00:00:00","5.7","22.0","0.0","9.5","9","290","13.9","1.4231","44.0","1021.76","6.77738","874.2","870.8"
"40766","2012-11-08 00:00:00","1391-08-18 00:00:00","5.4","22.5","0.0","9.3","6","300","13.9","1.95964","46.5","1020.92","7.07019","872.7","870.5"
"40766","2012-11-09 00:00:00","1391-08-19 00:00:00","5.2","24.6","0.0","8.0","5","20","14.9","0.533646","43.0","1022.26","6.37706","874.1","871.6"
"40766","2012-11-10 00:00:00","1391-08-20 00:00:00","10.0","24.6","2.0","4.9","11","160","17.3","3.5574","48.0","1022.46","8.13488","874.7","871.3"
"40766","2012-11-11 00:00:00","1391-08-21 00:00:00","12.0","20.8","4.0","7.7","6","110","16.4","8.69852","68.0","1023.04","11.2808","874.4","872.6"
"40766","2012-11-12 00:00:00","1391-08-22 00:00:00","10.4","16.4","18.0","0.0","8","80","13.4","8.09959","79.25","1020.03","10.8554","872.3","869.5"
"40766","2012-11-13 00:00:00","1391-08-23 00:00:00","7.2","16.0","41.3","1.0","8","110","11.6","6.14674","75.25","1017.07","9.47249","869.2","867.1"
"40766","2012-11-14 00:00:00","1391-08-24 00:00:00","4.8","11.2","6.0","0.6","6","330","8.0","5.36151","84.625","1018.04","8.96561","870.8","868.2"
"40766","2012-11-15 00:00:00","1391-08-25 00:00:00","2.4","13.8","0.0","7.6","2","60","8.1","4.68612","81.875","1022.1","8.55477","873.5","871.0"
"40766","2012-11-16 00:00:00","1391-08-26 00:00:00","2.0","15.2","0.0","9.4","5","90","8.6","2.87451","70.25","1024.92","7.52633","876.1","873.6"
"40766","2012-11-17 00:00:00","1391-08-27 00:00:00","0.9","16.0","0.0","8.3","4","90","8.4","2.77839","70.75","1025.8","7.5011","877.3","875.1"
"40766","2012-11-18 00:00:00","1391-08-28 00:00:00","3.0","15.0","0.3","3.7","3","230","9.0","4.1344","72.0","1023.74","8.24258","875.7","872.5"
"40766","2012-11-19 00:00:00","1391-08-29 00:00:00","3.6","11.0","7.9","0.0","8","90","7.3","7.21688","89.625","1019.97","10.1732","872.1","869.3"
"40766","2012-11-20 00:00:00","1391-08-30 00:00:00","7.6","12.2","2.2","1.0","6","90","9.9","5.16722","76.625","1019.76","8.84885","871.4","870.1"
"40766","2012-11-21 00:00:00","1391-09-01 00:00:00","7.0","12.1","0.0","1.0","5","100","9.6","4.43203","71.375","1020.78","8.38602","872.7","870.9"
"40766","2012-11-22 00:00:00","1391-09-02 00:00:00","4.5","14.8","0.0","9.0","6","100","9.6","3.97527","69.25","1021.06","8.12982","872.7","871.2"
"40766","2012-11-23 00:00:00","1391-09-03 00:00:00","5.4","11.0","8.0","0.0","7","110","8.2","5.56845","84.0","1020.62","9.1228","872.7","870.6"
"40766","2012-11-24 00:00:00","1391-09-04 00:00:00","5.8","8.8","16.0","0.0","5","120","7.3","6.07674","91.625","1018.68","9.41067","870.1","869.0"
"40766","2012-11-25 00:00:00","1391-09-05 00:00:00","6.2","13.8","0.01","3.5","7","100","10.0","5.35991","75.75","1018.29","8.97311","870.6","868.6"
"40766","2012-11-26 00:00:00","1391-09-06 00:00:00","7.0","11.2","2.2","0.3","7","290","9.1","4.13203","80.5","1017.41","8.22315","869.8","867.8"
"40766","2012-11-27 00:00:00","1391-09-07 00:00:00","1.5","12.0","0.0","5.4","4","280","6.8","3.0325","81.5","1018.61","7.61145","872.0","868.2"
"40766","2012-11-28 00:00:00","1391-09-08 00:00:00","0.3","12.6","0.0","8.7","4","280","6.5","1.07333","74.875","1023.32","6.61932","874.5","872.3"
"40766","2012-11-29 00:00:00","1391-09-09 00:00:00","-0.8","13.5","0.0","8.5","3","80","6.3","0.912005","74.375","1024.32","6.53964","875.5","874.1"
"40766","2012-11-30 00:00:00","1391-09-10 00:00:00","-0.9","14.2","0.0","8.3","3","90","6.7","-0.10346","72.625","1025.33","6.10126","876.4","875.0"
"40766","2012-12-01 00:00:00","1391-09-11 00:00:00","-1.3","13.2","0.0","7.5","3","90","5.9","-0.974462","71.75","1024.36","5.69528","876.2","873.4"
"40766","2012-12-02 00:00:00","1391-09-12 00:00:00","-1.5","13.8","0.0","8.4","3","130","6.2","-1.28625","67.625","1022.27","5.57058","873.8","872.0"
"40766","2012-12-03 00:00:00","1391-09-13 00:00:00","-2.4","15.3","0.0","8.2","3","130","6.4","-2.01514","64.125","1021.08","5.27915","873.6","870.2"
"40766","2012-12-04 00:00:00","1391-09-14 00:00:00","-1.4","13.9","0.0","0.9","6","130","6.3","-1.16384","54.375","1017.01","5.61932","870.2","866.3"
"40766","2012-12-05 00:00:00","1391-09-15 00:00:00","-2.0","11.2","4.2","0.6","6","100","4.6","1.93919","62.375","1014.73","7.16042","867.3","865.6"
"40766","2012-12-06 00:00:00","1391-09-16 00:00:00","6.2","11.4","0.0","1.4","8","280","8.8","2.4009","68.125","1016.97","7.29462","871.0","866.0"
"40766","2012-12-07 00:00:00","1391-09-17 00:00:00","-0.3","13.4","0.0","5.2","5","100","6.5","0.408182","68.75","1021.93","6.31103","873.6","872.0"
"40766","2012-12-08 00:00:00","1391-09-18 00:00:00","3.6","9.2","9.4","0.1","6","120","6.4","3.54122","81.875","1021.02","7.8937","873.0","871.0"
"40766","2012-12-09 00:00:00","1391-09-19 00:00:00","3.6","9.8","0.4","0.1","3","110","6.7","4.54916","88.625","1022.63","8.45994","875.0","871.8"
"40766","2012-12-10 00:00:00","1391-09-20 00:00:00","2.4","14.4","1.0","5.3","6","120","8.4","2.30259","68.5","1017.94","7.27269","871.3","866.7"
"40766","2012-12-11 00:00:00","1391-09-21 00:00:00","2.1","12.0","4.7","0.6","8","300","7.1","3.7327","76.5","1014.37","8.05072","867.4","864.8"
"40766","2012-12-12 00:00:00","1391-09-22 00:00:00","2.5","10.4","0.0","7.5","5","270","6.4","1.34686","76.625","1020.14","6.73784","872.0","868.3"
"40766","2012-12-13 00:00:00","1391-09-23 00:00:00","-0.7","11.6","0.0","5.7","4","120","5.5","-0.0926509","73.875","1018.39","6.07829","871.4","868.0"
"40766","2012-12-14 00:00:00","1391-09-24 00:00:00","-1.6","10.6","0.0","7.6","3","110","4.5","-1.27395","73.125","1017.97","5.5918","870.2","868.2"
"40766","2012-12-15 00:00:00","1391-09-25 00:00:00","-1.7","9.7","0.0","6.2","3","240","4.0","-1.75709","71.625","1018.95","5.38552","871.4","869.1"
"40766","2012-12-16 00:00:00","1391-09-26 00:00:00","-2.4","8.4","0.0","5.3","7","230","3.0","-7.4496","53.75","1018.34","3.67626","870.9","868.7"
"40766","2012-12-17 00:00:00","1391-09-27 00:00:00","-2.1","8.0","0.0","7.2","6","220","3.0","-5.71305","57.75","1022.81","4.00197","875.0","871.6"
"40766","2012-12-18 00:00:00","1391-09-28 00:00:00","-4.4","10.2","0.0","4.0","3","150","2.9","-6.07776","62.125","1025.94","3.94332","876.9","875.2"
"40766","2012-12-19 00:00:00","1391-09-29 00:00:00","-5.6","14.7","0.0","5.0","5","120","4.6","-5.98119","48.5","1025.09","3.96278","877.4","873.0"
"40766","2012-12-20 00:00:00","1391-09-30 00:00:00","-5.9","14.6","0.0","1.6","10","100","4.4","1.97622","50.375","1019.0","7.20199","873.0","867.6"
"40766","2012-12-21 00:00:00","1391-10-01 00:00:00","8.8","14.6","19.0","2.8","12","180","11.7","4.72813","69.125","1013.52","8.69877","868.1","862.9"
"40766","2012-12-22 00:00:00","1391-10-02 00:00:00","2.2","11.1","0.0","8.5","6","300","6.7","-0.974979","65.0","1020.35","5.70257","873.6","868.9"
"40766","2012-12-23 00:00:00","1391-10-03 00:00:00","-1.5","11.6","0.0","8.4","3","100","5.1","-0.290273","76.375","1024.08","5.99804","875.9","873.6"
"40766","2012-12-24 00:00:00","1391-10-04 00:00:00","-2.5","13.7","0.0","6.9","3","50","5.6","0.523335","71.625","1022.78","6.38441","874.9","872.0"
"40766","2012-12-25 00:00:00","1391-10-05 00:00:00","-2.6","8.4","10.2","0.0","4","110","2.9","5.64212","90.625","1018.86","9.1407","872.0","867.4"
"40766","2012-12-26 00:00:00","1391-10-06 00:00:00","5.0","9.5","21.0","0.0","5","360","7.3","1.44777","76.0","1019.46","6.97126","875.0","867.3"
"40766","2012-12-27 00:00:00","1391-10-07 00:00:00","-1.8","9.1","0.0","9.5","6","110","3.7","-6.99943","52.5","1025.85","3.63168","877.5","875.4"
"40766","2012-12-28 00:00:00","1391-10-08 00:00:00","-4.2","8.7","0.0","9.3","6","120","2.3","-7.106","54.625","1025.29","3.60941","876.8","874.4"
"40766","2012-12-29 00:00:00","1391-10-09 00:00:00","-4.2","10.9","0.0","8.7","4","120","3.3","-4.61081","62.5","1022.77","4.35478","875.0","871.9"
"40766","2012-12-30 00:00:00","1391-10-10 00:00:00","-5.1","11.8","0.0","5.8","4","260","3.4","-4.30119","58.875","1021.19","4.46101","873.4","871.1"
"40766","2012-12-31 00:00:00","1391-10-11 00:00:00","-4.6","10.6","0.0","9.1","6","270","3.0","-4.42908","54.0","1022.0","4.41104","873.8","871.8"
"40766","2013-01-01 00:00:00","1391-10-12 00:00:00","-4.6","12.0","0.0","7.2","3","130","3.7","-5.28206","59.25","1022.88","4.12944","874.1","872.5"
"40766","2013-01-02 00:00:00","1391-10-13 00:00:00","-4.0","12.4","0.0","5.4","2","110","4.2","-3.99321","60.5","1023.54","4.55664","875.2","873.0"
"40766","2013-01-03 00:00:00","1391-10-14 00:00:00","-3.0","11.8","0.0","7.5","3","300","4.4","-4.65047","61.375","1023.72","4.34305","875.5","873.4"
"40766","2013-01-04 00:00:00","1391-10-15 00:00:00","-4.7","11.5","0.0","9.0","3","300","3.4","-5.92667","55.125","1020.99","3.94931","873.6","869.7"
"40766","2013-01-05 00:00:00","1391-10-16 00:00:00","-5.0","10.1","0.0","4.9","5","270","2.6","-4.47878","59.875","1015.29","4.45455","868.8","865.0"
"40766","2013-01-06 00:00:00","1391-10-17 00:00:00","1.9","10.8","0.9","3.3","8","150","6.3","-2.64171","55.5","1014.07","5.07552","866.3","864.7"
"40766","2013-01-07 00:00:00","1391-10-18 00:00:00","3.4","10.6","0.1","3.5","6","160","7.0","-2.31787","56.375","1013.19","5.23352","865.8","863.7"
"40766","2013-01-08 00:00:00","1391-10-19 00:00:00","3.9","9.6","0.7","0.0","7","200","6.8","-2.60455","57.25","1015.05","5.11918","867.7","865.1"
"40766","2013-01-09 00:00:00","1391-10-20 00:00:00","3.0","5.6","10.0","0.0","9","90","4.3","-0.830694","70.5","1012.78","5.83643","867.3","861.0"
"40766","2013-01-10 00:00:00","1391-10-21 00:00:00","1.8","4.0","9.0","3.4","10","240","2.9","-5.04346","69.75","1011.31","4.34157","868.5","859.7"
"40766","2013-01-11 00:00:00","1391-10-22 00:00:00","-7.5","0.7","2.0","7.9","6","270","-3.4","-9.23248","65.375","1024.13","3.04017","877.6","870.0"
"40766","2013-01-12 00:00:00","1391-10-23 00:00:00","-9.5","2.2","0.0","8.0","3","140","-3.7","-8.79658","68.75","1027.53","3.16876","879.1","876.4"
"40766","2013-01-13 00:00:00","1391-10-24 00:00:00","-5.7","5.4","0.0","7.0","4","270","-0.1","-6.98303","64.125","1023.72","3.63977","876.2","872.6"
"40766","2013-01-14 00:00:00","1391-10-25 00:00:00","-6.6","6.5","0.0","8.0","5","270","0.0","-5.71128","67.5","1022.37","4.00533","874.3","872.0"
"40766","2013-01-15 00:00:00","1391-10-26 00:00:00","-6.6","6.7","0.0","8.0","4","20","0.0","-10.0846","54.625","1024.43","2.95066","878.0","872.4"
"40766","2013-01-16 00:00:00","1391-10-27 00:00:00","-6.6","5.7","0.0","9.5","7","120","-0.5","-11.5391","45.75","1028.08","2.53512","879.6","877.2"
"40766","2013-01-17 00:00:00","1391-10-28 00:00:00","-8.7","8.0","0.0","6.4","5","290","-0.3","-10.0353","52.25","1026.24","2.87284","878.3","875.0"
"40766","2013-01-18 00:00:00","1391-10-29 00:00:00","-7.4","10.8","0.0","8.2","2","40","1.7","-11.3245","49.25","1024.25","2.62234","875.7","873.2"
"40766","2013-01-19 00:00:00","1391-10-30 00:00:00","-7.6","12.7","0.0","8.8","3","100","2.5","-10.4119","43.25","1023.76","2.81371","875.3","873.1"
"40766","2013-01-20 00:00:00","1391-11-01 00:00:00","-1.2","15.4","0.0","5.7","6","220","7.1","-7.88204","40.5","1021.49","3.45139","873.2","870.2"
"40766","2013-01-21 00:00:00","1391-11-02 00:00:00","-2.8","13.4","0.0","9.2","5","270","5.3","-6.69094","47.25","1023.47","3.71832","875.0","873.2"
"40766","2013-01-22 00:00:00","1391-11-03 00:00:00","-4.5","14.8","0.0","8.8","5","130","5.2","-5.74585","51.125","1024.25","3.99158","875.7","873.6"
"40766","2013-01-23 00:00:00","1391-11-04 00:00:00","-4.0","16.4","0.0","7.6","4","200","6.2","-5.03039","45.625","1022.56","4.22486","874.9","871.4"
"40766","2013-01-24 00:00:00","1391-11-05 00:00:00","4.5","16.1","0.0","6.4","5","180","10.3","-2.6509","43.5","1020.85","5.04033","872.2","870.7"
"40766","2013-01-25 00:00:00","1391-11-06 00:00:00","-0.7","16.9","0.1","4.5","5","160","8.1","-1.06537","57.5","1021.35","5.89539","872.8","871.5"
"40766","2013-01-26 00:00:00","1391-11-07 00:00:00","5.4","13.6","0.2","1.8","4","220","9.5","4.09337","72.75","1022.73","8.20632","874.7","872.4"
"40766","2013-01-27 00:00:00","1391-11-08 00:00:00","2.6","15.0","2.0","3.0","6","160","8.8","3.94987","72.625","1022.33","8.16192","875.0","871.5"
"40766","2013-01-28 00:00:00","1391-11-09 00:00:00","6.6","13.0","5.0","0.0","9","170","9.8","5.94023","75.0","1017.91","9.31803","871.3","865.7"
"40766","2013-01-29 00:00:00","1391-11-10 00:00:00","7.7","9.3","45.0","0.0","11","90","8.5","2.58647","85.875","1008.9","7.00202","864.4","857.9"
"40766","2013-01-30 00:00:00","1391-11-11 00:00:00","0.7","9.4","0.0","2.8","4","110","5.0","-1.56589","60.125","1015.61","5.50377","868.1","865.6"
"40766","2013-01-31 00:00:00","1391-11-12 00:00:00","2.0","9.0","6.1","0.0","11","150","5.5","-1.36596","67.25","1010.06","5.65457","866.0","859.1"
"40766","2013-02-01 00:00:00","1391-11-13 00:00:00","0.0","6.0","2.0","0.0","5","110","3.0","-0.369747","76.625","1013.33","5.94752","866.6","861.2"
"40766","2013-02-02 00:00:00","1391-11-14 00:00:00","1.6","6.2","1.4","0.0","6","280","3.9","-0.151015","71.75","1016.7","6.04759","870.8","866.0"
"40766","2013-02-03 00:00:00","1391-11-15 00:00:00","0.0","8.7","0.4","10.1","9","290","4.3","-8.00648","52.75","1024.5","3.63679","876.7","871.4"
"40766","2013-02-04 00:00:00","1391-11-16 00:00:00","-5.9","11.2","0.0","10.1","3","110","2.6","-5.86341","58.375","1026.55","3.97505","878.0","875.8"
"40766","2013-02-05 00:00:00","1391-11-17 00:00:00","-4.0","14.6","0.0","8.1","3","290","5.3","-1.53565","68.125","1025.24","5.53506","876.4","873.8"
"40766","2013-02-06 00:00:00","1391-11-18 00:00:00","-2.2","17.0","0.0","1.4","6","140","7.4","-5.92776","51.375","1024.06","4.31783","876.5","872.0"
"40766","2013-02-07 00:00:00","1391-11-19 00:00:00","0.7","14.6","0.01","6.3","12","100","7.7","-2.13903","49.25","1023.11","5.26062","874.4","872.0"
"40766","2013-02-08 00:00:00","1391-11-20 00:00:00","-3.4","16.7","0.0","10.0","3","120","6.7","-5.70586","48.75","1024.09","4.04131","875.8","873.4"
"40766","2013-02-09 00:00:00","1391-11-21 00:00:00","-2.8","17.8","0.0","7.6","3","110","7.5","-2.95636","49.125","1022.93","4.99353","875.1","871.8"
"40766","2013-02-10 00:00:00","1391-11-22 00:00:00","4.1","19.2","0.0","9.6","5","190","11.7","1.0103","55.375","1020.06","6.58492","872.8","869.6"
"40766","2013-02-11 00:00:00","1391-11-23 00:00:00","0.6","18.3","0.0","8.1","7","170","9.4","-1.13264","50.625","1016.55","5.67061","869.6","866.0"
"40766","2013-02-12 00:00:00","1391-11-24 00:00:00","7.6","16.5","0.0","6.1","9","250","12.1","-1.69535","44.0","1015.25","5.49189","868.7","865.1"
"40766","2013-02-13 00:00:00","1391-11-25 00:00:00","0.3","12.2","0.0","10.1","7","280","6.3","-3.0539","57.875","1020.23","4.91236","872.8","869.0"
"40766","2013-02-14 00:00:00","1391-11-26 00:00:00","-3.1","13.3","0.0","7.1","5","110","5.1","-4.45153","48.875","1023.49","4.39645","875.3","873.0"
"40766","2013-02-15 00:00:00","1391-11-27 00:00:00","1.5","16.7","0.0","1.4","5","100","9.1","-7.58647","33.875","1020.72","3.6814","873.2","868.9"
"40766","2013-02-16 00:00:00","1391-11-28 00:00:00","7.0","17.4","0.0","8.6","11","170","12.2","-8.51181","26.875","1015.44","3.43105","868.9","864.1"
"40766","2013-02-17 00:00:00","1391-11-29 00:00:00","-0.9","13.4","0.0","10.0","7","290","6.3","-4.62994","51.875","1016.06","4.45776","869.1","866.1"
"40766","2013-02-18 00:00:00","1391-11-30 00:00:00","-1.4","12.2","0.0","10.0","3","250","5.4","-4.75907","50.5","1016.06","4.33738","868.1","866.4"
"40766","2013-02-19 00:00:00","1391-12-01 00:00:00","-3.4","13.3","0.0","9.2","7","300","4.9","-5.13182","50.125","1017.31","4.18598","869.8","867.2"
"40766","2013-02-20 00:00:00","1391-12-02 00:00:00","0.1","13.4","0.0","9.6","7","280","6.8","-5.50655","46.375","1018.79","4.10879","870.7","869.0"
"40766","2013-02-21 00:00:00","1391-12-03 00:00:00","0.9","11.8","0.01","6.8","8","280","6.3","-0.613421","67.25","1020.91","5.85989","872.8","870.5"
"40766","2013-02-22 00:00:00","1391-12-04 00:00:00","-0.8","15.2","0.0","7.8","3","100","7.2","-3.48194","54.25","1021.68","4.79189","874.3","870.9"
"40766","2013-02-23 00:00:00","1391-12-05 00:00:00","2.6","11.0","12.0","0.0","8","120","6.8","0.641228","75.0","1019.81","6.49769","871.9","869.4"
"40766","2013-02-24 00:00:00","1391-12-06 00:00:00","2.8","9.7","5.11","3.2","6","130","6.3","3.34114","85.375","1019.1","7.77724","872.2","869.0"
"40766","2013-02-25 00:00:00","1391-12-07 00:00:00","-0.1","12.8","0.0","8.9","3","170","6.3","-0.200326","69.0","1024.62","6.06993","876.1","872.6"
"40766","2013-02-26 00:00:00","1391-12-08 00:00:00","-0.7","15.0","0.0","9.3","6","130","7.2","-3.21581","53.75","1024.97","4.84658","877.5","873.3"
"40766","2013-02-27 00:00:00","1391-12-09 00:00:00","-0.8","16.8","0.0","9.9","4","190","8.0","-4.0758","50.25","1021.08","4.59453","873.3","870.3"
"40766","2013-02-28 00:00:00","1391-12-10 00:00:00","-1.0","18.3","0.0","8.0","8","170","8.6","-6.39525","34.75","1018.32","3.82007","871.1","867.4"
"40766","2013-03-01 00:00:00","1391-12-11 00:00:00","7.8","17.2","0.0","3.4","11","170","12.5","-5.43372","26.875","1017.03","4.13534","868.8","867.7"
"40766","2013-03-02 00:00:00","1391-12-12 00:00:00","9.7","16.3","0.0","4.4","10","250","13.0","-1.26765","41.75","1019.02","5.64181","872.8","868.8"
"40766","2013-03-03 00:00:00","1391-12-13 00:00:00","0.6","18.0","0.0","9.0","6","220","9.3","-4.37299","40.375","1023.84","4.52071","875.7","873.3"
"40766","2013-03-04 00:00:00","1391-12-14 00:00:00","7.4","19.0","0.11","0.7","7","120","13.2","3.09553","54.25","1019.13","8.02224","872.2","867.6"
"40766","2013-03-05 00:00:00","1391-12-15 00:00:00","10.3","17.7","5.0","0.0","10","320","14.0","3.8896","54.875","1012.68","8.14349","866.4","862.7"
"40766","2013-03-06 00:00:00","1391-12-16 00:00:00","2.7","13.0","0.0","7.8","8","250","7.8","-2.13836","57.25","1014.94","5.3414","867.6","864.5"
"40766","2013-03-07 00:00:00","1391-12-17 00:00:00","-0.2","5.1","2.0","2.0","8","260","2.5","-3.07623","73.75","1019.15","4.89204","873.3","866.9"
"40766","2013-03-08 00:00:00","1391-12-18 00:00:00","-5.3","9.2","0.0","7.6","8","130","1.9","-5.69382","59.875","1023.18","4.01055","875.1","872.7"
"40766","2013-03-09 00:00:00","1391-12-19 00:00:00","0.6","11.6","0.41","0.0","10","100","6.1","-0.16678","62.875","1018.63","6.09115","872.5","866.6"
"40766","2013-03-10 00:00:00","1391-12-20 00:00:00","3.8","14.7","0.0","1.5","9","350","9.3","2.09688","62.625","1013.22","7.13282","866.4","863.2"
"40766","2013-03-11 00:00:00","1391-12-21 00:00:00","2.4","15.3","0.01","7.8","9","290","8.9","0.560515","60.625","1015.25","6.41841","869.4","864.9"
"40766","2013-03-12 00:00:00","1391-12-22 00:00:00","1.1","16.4","0.0","7.2","8","300","8.8","0.297381","53.375","1020.03","6.26978","872.0","869.6"
"40766","2013-03-13 00:00:00","1391-12-23 00:00:00","3.3","21.6","0.0","6.0","10","260","12.4","0.489412","51.0","1021.05","6.39571","873.5","870.0"
"40766","2013-03-14 00:00:00","1391-12-24 00:00:00","6.0","24.2","0.0","5.8","11","230","15.1","-1.93209","34.25","1020.31","5.39018","872.6","869.9"
"40766","2013-03-15 00:00:00","1391-12-25 00:00:00","3.6","25.2","0.0","9.4","5","310","14.4","-2.15843","34.25","1023.49","5.23892","875.5","872.9"
"40766","2013-03-16 00:00:00","1391-12-26 00:00:00","4.4","25.4","0.0","5.4","7","150","14.9","-3.39796","30.75","1021.22","4.85855","873.9","869.7"
"40766","2013-03-17 00:00:00","1391-12-27 00:00:00","14.4","22.2","0.0","2.8","10","150","18.3","-4.00719","23.375","1015.01","4.60146","868.5","864.5"
"40766","2013-03-18 00:00:00","1391-12-28 00:00:00","7.2","16.4","0.0","3.8","8","300","11.8","-3.76096","38.375","1014.24","4.64472","867.0","864.8"
"40766","2013-03-19 00:00:00","1391-12-29 00:00:00","0.2","14.3","0.0","10.5","5","280","7.3","-8.13858","39.125","1016.72","3.54275","868.8","866.8"
"40766","2013-03-20 00:00:00","1391-12-30 00:00:00","-1.5","18.0","0.0","7.0","8","180","8.3","-12.0973","24.875","1017.43","2.51333","869.6","867.2"
"40766","2013-03-21 00:00:00","1392-01-01 00:00:00","-0.9","17.0","0.0","11.0","8","290","8.1","-9.04666","29.25","1018.15","3.12833","870.6","868.0"
"40766","2013-03-22 00:00:00","1392-01-02 00:00:00","-1.0","19.4","0.0","10.9","5","170","9.2","-8.36464","30.75","1017.16","3.29175","870.2","866.3"
"40766","2013-03-23 00:00:00","1392-01-03 00:00:00","3.6","19.7","0.01","5.5","8","150","11.7","-3.70151","32.25","1013.38","4.72319","867.2","863.1"
"40766","2013-03-24 00:00:00","1392-01-04 00:00:00","9.4","17.6","0.0","4.1","9","260","13.5","-2.83167","41.0","1013.59","5.08398","868.5","863.3"
"40766","2013-03-25 00:00:00","1392-01-05 00:00:00","-0.5","16.6","0.0","10.4","6","290","8.1","-6.99852","38.5","1019.7","3.70425","872.3","869.3"
"40766","2013-03-26 00:00:00","1392-01-06 00:00:00","-2.3","19.8","0.0","7.2","4","130","8.8","-8.19044","32.125","1019.08","3.34854","871.9","868.9"
"40766","2013-03-27 00:00:00","1392-01-07 00:00:00","0.0","22.9","0.0","8.4","7","180","11.4","-9.04557","25.875","1016.64","3.15767","869.3","866.0"
"40766","2013-03-28 00:00:00","1392-01-08 00:00:00","5.4","22.6","0.0","9.6","7","300","14.0","-5.91205","26.875","1017.06","3.9601","869.1","866.9"
"40766","2013-03-29 00:00:00","1392-01-09 00:00:00","4.3","18.7","0.0","6.8","9","310","11.5","-1.08958","42.875","1019.42","5.665","871.1","869.1"
"40766","2013-03-30 00:00:00","1392-01-10 00:00:00","0.7","20.0","0.0","10.0","6","290","10.4","-2.45052","43.875","1020.81","5.16962","873.2","870.5"
"40766","2013-03-31 00:00:00","1392-01-11 00:00:00","0.2","21.8","0.0","8.6","5","100","11.0","-6.17772","34.125","1020.95","3.93655","872.9","870.6"
"40766","2013-04-01 00:00:00","1392-01-12 00:00:00","1.6","23.6","0.0","10.4","6","290","12.6","-8.16105","28.875","1019.83","3.62671","872.5","869.2"
"40766","2013-04-02 00:00:00","1392-01-13 00:00:00","3.0","24.5","0.0","10.1","6","310","13.8","-4.55169","30.25","1017.7","4.40754","870.1","867.7"
"40766","2013-04-03 00:00:00","1392-01-14 00:00:00","4.1","24.1","0.0","3.5","7","200","14.1","1.45116","49.0","1018.79","7.05056","871.3","868.2"
"40766","2013-04-04 00:00:00","1392-01-15 00:00:00","6.9","24.8","0.0","5.5","8","170","15.8","3.07493","46.25","1016.08","7.74671","870.1","865.0"
"40766","2013-04-05 00:00:00","1392-01-16 00:00:00","11.6","20.5","7.2","0.0","11","200","16.0","5.12213","59.125","1010.65","8.8236","863.5","861.0"
"40766","2013-04-06 00:00:00","1392-01-17 00:00:00","7.7","18.6","2.9","5.4","6","120","13.1","5.11721","64.5","1012.75","8.83409","865.5","862.8"
"40766","2013-04-07 00:00:00","1392-01-18 00:00:00","3.4","23.7","0.0","10.2","6","120","13.6","3.72696","54.75","1014.46","7.98336","867.2","865.0"
"40766","2013-04-08 00:00:00","1392-01-19 00:00:00","5.0","26.6","0.0","11.0","5","230","15.8","2.57262","43.625","1015.55","7.39726","868.3","865.9"
"40766","2013-04-09 00:00:00","1392-01-20 00:00:00","8.0","25.6","0.0","9.5","8","160","16.8","1.93012","39.125","1014.16","7.12573","866.9","864.6"
"40766","2013-04-10 00:00:00","1392-01-21 00:00:00","9.5","23.4","0.0","1.6","9","210","16.5","-0.935607","37.5","1013.75","5.89695","867.1","864.3"
"40766","2013-04-11 00:00:00","1392-01-22 00:00:00","4.8","20.0","0.0","9.0","5","210","12.4","-0.565664","41.125","1017.36","5.90638","869.5","867.5"
"40766","2013-04-12 00:00:00","1392-01-23 00:00:00","4.9","22.8","0.01","6.8","9","240","13.8","-0.894519","39.625","1019.46","5.95055","872.5","868.9"
"40766","2013-04-13 00:00:00","1392-01-24 00:00:00","9.2","16.7","1.7","0.3","6","90","13.0","7.19234","72.25","1021.05","10.1646","872.2","871.2"
"40766","2013-04-14 00:00:00","1392-01-25 00:00:00","4.1","22.8","1.0","9.4","8","280","13.4","2.87154","52.75","1019.3","7.70593","871.8","868.1"
"40766","2013-04-15 00:00:00","1392-01-26 00:00:00","3.7","23.8","0.0","11.3","8","300","13.8","-2.05848","34.5","1018.34","5.29914","870.6","868.3"
"40766","2013-04-16 00:00:00","1392-01-27 00:00:00","4.8","22.9","0.0","3.8","8","110","13.9","-0.0387092","37.25","1015.24","6.12384","868.7","864.6"
"40766","2013-04-17 00:00:00","1392-01-28 00:00:00","13.6","25.0","0.0","4.1","8","240","19.3","-3.21751","24.625","1011.88","4.93525","864.1","862.9"
"40766","2013-04-18 00:00:00","1392-01-29 00:00:00","7.9","22.2","0.0","6.7","9","240","15.1","-2.12046","33.375","1013.72","5.26708","866.3","864.1"
"40766","2013-04-19 00:00:00","1392-01-30 00:00:00","4.3","22.9","0.0","7.4","6","230","13.6","-2.64667","35.0","1014.1","5.0735","867.0","864.6"
"40766","2013-04-20 00:00:00","1392-01-31 00:00:00","4.9","22.9","0.0","7.5","9","260","13.9","-3.409","33.0","1011.71","4.98919","864.3","862.0"
"40766","2013-04-21 00:00:00","1392-02-01 00:00:00","4.0","16.5","0.0","2.4","9","240","10.3","-0.987467","49.875","1010.05","5.72713","863.5","860.4"
"40766","2013-04-22 00:00:00","1392-02-02 00:00:00","0.8","17.7","0.1","3.9","7","300","9.3","0.197416","55.875","1013.09","6.23252","867.2","863.4"
"40766","2013-04-23 00:00:00","1392-02-03 00:00:00","3.1","15.3","4.1","5.5","6","320","9.2","2.47207","64.25","1017.57","7.33412","870.4","866.8"
"40766","2013-04-24 00:00:00","1392-02-04 00:00:00","1.1","18.8","0.0","10.8","8","300","9.9","-0.574631","52.5","1019.35","5.9268","871.1","869.5"
"40766","2013-04-25 00:00:00","1392-02-05 00:00:00","0.4","20.2","0.0","10.8","5","300","10.3","-5.44892","36.625","1018.46","4.15191","870.8","868.1"
"40766","2013-04-26 00:00:00","1392-02-06 00:00:00","1.1","22.6","0.0","11.8","5","290","11.9","-6.35911","29.375","1018.81","3.87896","871.5","868.0"
"40766","2013-04-27 00:00:00","1392-02-07 00:00:00","3.7","24.6","0.0","11.8","5","230","14.2","-5.30016","27.875","1020.14","4.1702","872.0","869.8"
"40766","2013-04-28 00:00:00","1392-02-08 00:00:00","5.4","25.6","0.0","6.0","8","80","15.5","-3.31196","30.25","1021.25","4.8131","872.9","871.4"
"40766","2013-04-29 00:00:00","1392-02-09 00:00:00","5.4","27.8","0.0","8.2","10","150","16.6","-1.88166","33.5","1020.91","5.37341","873.1","870.4"
"40766","2013-04-30 00:00:00","1392-02-10 00:00:00","4.9","27.7","0.0","7.3","7","90","16.3","-3.45439","27.875","1019.94","4.84779","872.7","869.2"
"40766","2013-05-01 00:00:00","1392-02-11 00:00:00","6.0","27.6","0.0","5.2","12","90","16.8","-5.80242","21.125","1017.92","4.10382","870.9","867.1"
"40766","2013-05-02 00:00:00","1392-02-12 00:00:00","13.0","23.4","0.2","0.0","10","100","18.2","1.09014","34.75","1014.13","6.95033","868.0","864.4"
"40766","2013-05-03 00:00:00","1392-02-13 00:00:00","12.2","21.9","2.6","0.0","8","160","17.0","8.6137","64.0","1014.73","11.24","867.2","865.4"
"40766","2013-05-04 00:00:00","1392-02-14 00:00:00","12.6","16.2","18.3","0.0","8","140","14.4","9.93657","82.25","1016.84","12.2601","869.4","866.7"
"40766","2013-05-05 00:00:00","1392-02-15 00:00:00","11.6","22.2","14.0","2.0","9","120","16.9","9.61268","69.0","1016.49","11.9999","868.7","867.4"
"40766","2013-05-06 00:00:00","1392-02-16 00:00:00","10.5","22.7","2.0","5.5","8","80","16.6","8.90271","65.625","1016.06","11.4423","868.0","866.3"
"40766","2013-05-07 00:00:00","1392-02-17 00:00:00","9.2","22.5","2.5","5.5","6","80","15.9","9.91098","73.75","1016.02","12.2233","868.5","866.3"
"40766","2013-05-08 00:00:00","1392-02-18 00:00:00","10.3","21.5","9.4","0.3","9","80","15.9","10.0255","77.125","1016.77","12.3482","869.1","866.5"
"40766","2013-05-09 00:00:00","1392-02-19 00:00:00","7.2","24.4","0.0","8.0","6","290","15.8","9.00362","67.25","1017.94","11.5372","870.3","868.0"
"40766","2013-05-10 00:00:00","1392-02-20 00:00:00","8.3","26.6","0.0","10.7","8","310","17.5","7.97882","56.875","1018.88","10.7463","870.2","868.9"
"40766","2013-05-11 00:00:00","1392-02-21 00:00:00","11.0","28.9","0.0","7.0","10","220","20.0","7.38014","44.375","1016.7","10.3077","869.9","865.8"
"40766","2013-05-12 00:00:00","1392-02-22 00:00:00","15.9","26.5","0.8","8.5","10","290","21.2","7.02213","46.375","1016.12","10.2118","868.8","866.4"
"40766","2013-05-13 00:00:00","1392-02-23 00:00:00","12.4","24.1","2.2","0.0","16","210","18.3","8.87924","63.125","1014.68","11.4825","867.4","864.5"
"40766","2013-05-14 00:00:00","1392-02-24 00:00:00","9.9","24.6","0.0","6.3","10","290","17.3","5.72787","55.125","1014.98","9.34064","867.8","865.1"
"40766","2013-05-15 00:00:00","1392-02-25 00:00:00","9.4","23.3","1.0","2.0","11","260","16.3","6.98382","63.625","1016.28","10.0455","868.5","866.2"
"40766","2013-05-16 00:00:00","1392-02-26 00:00:00","9.1","21.6","4.0","4.0","7","100","15.4","8.04189","71.25","1015.42","10.8093","867.6","865.4"
"40766","2013-05-17 00:00:00","1392-02-27 00:00:00","5.9","22.0","0.0","11.0","8","310","13.9","5.78766","58.375","1017.54","9.27324","869.9","867.2"
"40766","2013-05-18 00:00:00","1392-02-28 00:00:00","7.3","25.6","0.0","11.5","7","300","16.5","5.22522","47.5","1017.7","8.86982","869.9","867.9"
"40766","2013-05-19 00:00:00","1392-02-29 00:00:00","8.6","26.6","0.0","10.1","8","280","17.6","3.87054","41.75","1015.61","8.10757","868.1","866.0"
"40766","2013-05-20 00:00:00","1392-02-30 00:00:00","8.9","22.5","0.6","0.5","5","260","15.7","6.86518","59.125","1016.2","10.1567","868.6","866.4"
"40766","2013-05-21 00:00:00","1392-02-31 00:00:00","10.9","19.4","4.0","1.7","6","110","15.1","11.4186","78.75","1016.4","13.5352","869.6","866.5"
"40766","2013-05-22 00:00:00","1392-03-01 00:00:00","10.4","25.9","1.0","10.3","8","300","18.1","8.65192","58.125","1016.1","11.3444","869.5","866.5"
"40766","2013-05-23 00:00:00","1392-03-02 00:00:00","9.0","26.8","0.0","12.5","7","290","17.9","6.33474","47.0","1018.88","9.67513","870.9","869.1"
"40766","2013-05-24 00:00:00","1392-03-03 00:00:00","9.0","28.3","0.0","11.8","6","360","18.6","0.660289","33.25","1018.54","6.73063","871.0","868.3"
"40766","2013-05-25 00:00:00","1392-03-04 00:00:00","8.7","30.6","0.0","10.0","3","300","19.6","0.662583","31.625","1017.13","6.4992","869.4","867.0"
"40766","2013-05-26 00:00:00","1392-03-05 00:00:00","11.2","34.2","0.0","10.4","10","210","22.7","2.9495","31.125","1015.82","7.82953","868.4","865.6"
"40766","2013-05-27 00:00:00","1392-03-06 00:00:00","16.0","32.1","0.2","7.2","9","240","24.0","0.743414","22.5","1013.7","6.84603","866.1","864.5"
"40766","2013-05-28 00:00:00","1392-03-07 00:00:00","10.6","28.3","0.0","9.6","6","300","19.5","-1.36113","24.125","1015.85","5.56293","868.0","866.1"
"40766","2013-05-29 00:00:00","1392-03-08 00:00:00","9.1","27.9","0.0","8.6","6","250","18.5","-1.69097","25.375","1017.13","5.45009","869.0","867.7"
"40766","2013-05-30 00:00:00","1392-03-09 00:00:00","9.4","27.9","0.0","10.0","7","310","18.6","-1.37035","26.875","1016.15","5.56999","868.6","866.0"
"40766","2013-05-31 00:00:00","1392-03-10 00:00:00","9.8","30.5","0.0","7.8","4","300","20.1","-2.17129","23.875","1013.77","6.10632","867.3","863.7"
"40766","2013-06-01 00:00:00","1392-03-11 00:00:00","11.4","31.7","0.0","9.8","7","290","21.5","-0.350023","22.875","1012.58","6.02278","865.5","863.4"
"40766","2013-06-02 00:00:00","1392-03-12 00:00:00","16.9","29.6","0.0","0.0","8","290","23.3","-1.53934","20.375","1012.99","5.5425","865.5","863.9"
"40766","2013-06-03 00:00:00","1392-03-13 00:00:00","13.3","33.0","0.0","4.3","10","290","23.1","-1.15896","22.625","1013.94","5.71898","866.4","864.9"
"40766","2013-06-04 00:00:00","1392-03-14 00:00:00","14.2","34.8","0.0","9.2","7","270","24.5","-2.84309","18.0","1013.89","5.11105","867.3","864.3"
"40766","2013-06-05 00:00:00","1392-03-15 00:00:00","13.0","32.7","0.0","10.6","6","280","22.9","-4.64182","17.625","1017.77","4.45231","870.5","867.0"
"40766","2013-06-06 00:00:00","1392-03-16 00:00:00","9.8","34.4","0.0","12.2","7","280","22.1","-8.79189","15.0","1017.91","3.37292","870.0","868.1"
"40766","2013-06-07 00:00:00","1392-03-17 00:00:00","12.7","29.6","0.0","10.1","10","290","21.1","-4.87185","17.0","1015.92","4.28156","868.0","866.0"
"40766","2013-06-08 00:00:00","1392-03-18 00:00:00","14.1","29.6","0.0","8.3","8","290","21.9","-5.66867","17.875","1014.29","4.19929","867.5","863.9"
"40766","2013-06-09 00:00:00","1392-03-19 00:00:00","10.2","31.0","0.0","11.9","8","290","20.6","-3.26748","20.125","1013.72","4.85535","866.6","864.2"
"40766","2013-06-10 00:00:00","1392-03-20 00:00:00","13.1","34.3","0.0","0.0","8","120","23.7","-5.03245","17.5","1011.53","4.50558","865.4","861.0"
"40766","2013-06-11 00:00:00","1392-03-21 00:00:00","13.3","31.0","0.0","2.5","7","300","22.1","-2.21744","22.25","1011.26","5.32413","863.7","862.3"
"40766","2013-06-12 00:00:00","1392-03-22 00:00:00","9.8","33.2","0.0","12.3","7","300","21.5","-2.01935","20.625","1010.42","5.28116","863.8","860.8"
"40766","2013-06-13 00:00:00","1392-03-23 00:00:00","12.5","36.0","0.0","10.7","6","280","24.3","-3.97614","17.0","1009.84","4.85796","863.4","860.9"
"40766","2013-06-14 00:00:00","1392-03-24 00:00:00","12.8","38.9","0.0","12.2","7","330","25.9","-2.87342","16.5","1010.86","5.20323","864.3","861.5"
"40766","2013-06-15 00:00:00","1392-03-25 00:00:00","14.2","39.5","0.0","11.1","6","280","26.9","-4.17571","14.375","1010.69","4.72045","863.7","861.4"
"40766","2013-06-16 00:00:00","1392-03-26 00:00:00","15.4","40.7","0.0","12.2","8","300","28.0","-3.11271","14.375","1009.21","5.01276","862.7","860.0"
"40766","2013-06-17 00:00:00","1392-03-27 00:00:00","15.0","36.6","0.0","12.0","8","300","25.8","-6.4159","13.875","1008.09","4.08954","861.9","859.2"
"40766","2013-06-18 00:00:00","1392-03-28 00:00:00","12.9","33.6","0.0","11.8","8","280","23.3","-1.20878","19.75","1007.31","5.77414","860.8","858.0"
"40766","2013-06-19 00:00:00","1392-03-29 00:00:00","15.7","33.2","0.0","10.6","8","240","24.5","1.23845","22.625","1008.12","6.82189","862.3","859.6"
"40766","2013-06-20 00:00:00","1392-03-30 00:00:00","15.0","31.3","0.0","8.8","5","290","23.1","3.53447","27.25","1011.14","7.90031","863.8","862.1"
"40766","2013-06-21 00:00:00","1392-03-31 00:00:00","15.3","34.1","0.0","10.6","8","280","24.7","2.13341","21.875","1012.03","7.19866","864.8","862.7"
"40766","2013-06-22 00:00:00","1392-04-01 00:00:00","16.7","34.8","0.0","11.2","7","290","25.8","-6.60817","12.75","1013.11","3.96268","865.8","863.7"
"40766","2013-06-23 00:00:00","1392-04-02 00:00:00","13.1","36.6","0.0","9.7","8","290","24.8","-5.49249","13.25","1011.56","4.12896","864.2","862.0"
"40766","2013-06-24 00:00:00","1392-04-03 00:00:00","13.6","36.1","0.0","12.3","8","300","24.8","-7.49631","10.5","1011.12","3.51871","863.7","862.2"
"40766","2013-06-25 00:00:00","1392-04-04 00:00:00","9.2","35.2","0.0","12.4","6","290","22.2","-4.14333","14.25","1011.1","5.41254","863.9","862.2"
"40766","2013-06-26 00:00:00","1392-04-05 00:00:00","15.3","36.3","0.0","12.2","6","290","25.8","-1.94045","15.5","1010.8","5.31","863.7","861.6"
"40766","2013-06-27 00:00:00","1392-04-06 00:00:00","16.0","37.6","0.0","9.6","6","130","26.8","0.765528","17.125","1010.08","6.50415","863.6","860.9"
"40766","2013-06-28 00:00:00","1392-04-07 00:00:00","19.6","36.2","0.0","10.6","7","120","27.9","5.22353","23.125","1008.7","8.88711","862.6","859.0"
"40766","2013-06-29 00:00:00","1392-04-08 00:00:00","20.1","35.9","0.0","11.8","6","110","28.0","4.81366","22.75","1008.19","7.89505","861.8","858.9"
"40766","2013-06-30 00:00:00","1392-04-09 00:00:00","18.0","37.5","0.0","12.4","7","130","27.8","2.43056","21.125","1009.79","7.48134","863.3","860.9"
"40766","2013-07-01 00:00:00","1392-04-10 00:00:00","16.0","39.3","0.0","12.5","6","280","27.6","-3.44386","13.625","1010.16","4.82585","863.7","860.8"
"40766","2013-07-02 00:00:00","1392-04-11 00:00:00","16.0","38.5","0.0","12.1","8","300","27.3","-6.08188","12.75","1009.62","4.21249","863.6","859.5"
"40766","2013-07-03 00:00:00","1392-04-12 00:00:00","15.9","35.5","0.0","11.8","6","300","25.7","-1.01753","18.25","1009.32","5.79635","862.4","860.6"
"40766","2013-07-04 00:00:00","1392-04-13 00:00:00","15.2","37.4","0.0","11.8","6","280","26.3","-3.1934","16.0","1010.45","5.01872","863.4","861.1"
"40766","2013-07-05 00:00:00","1392-04-14 00:00:00","15.1","38.8","0.0","12.1","9","290","27.0","-5.07611","13.125","1010.29","4.35869","863.4","860.7"
"40766","2013-07-06 00:00:00","1392-04-15 00:00:00","15.2","40.7","0.0","11.0","7","300","28.0","-8.29661","10.25","1011.73","3.57001","864.7","862.7"
"40766","2013-07-07 00:00:00","1392-04-16 00:00:00","16.2","40.9","0.0","12.0","8","290","28.6","-10.2644","7.875","1014.43","2.9351","867.3","864.8"
"40766","2013-07-08 00:00:00","1392-04-17 00:00:00","15.9","41.6","0.0","12.5","9","290","28.8","-10.3497","7.875","1012.95","2.8067","866.6","862.4"
"40766","2013-07-09 00:00:00","1392-04-18 00:00:00","16.4","42.2","0.0","11.9","5","280","29.3","-4.63788","10.5","1007.99","4.50296","862.6","858.2"
"40766","2013-07-10 00:00:00","1392-04-19 00:00:00","19.0","42.0","0.0","11.8","6","140","30.5","-1.95557","13.25","1006.41","5.52455","860.0","857.7"
"40766","2013-07-11 00:00:00","1392-04-20 00:00:00","18.0","40.5","0.0","11.8","8","220","29.3","-2.39241","14.25","1008.07","5.56961","862.7","858.9"
"40766","2013-07-12 00:00:00","1392-04-21 00:00:00","19.2","38.9","0.0","9.5","8","240","29.1","1.63035","17.75","1010.29","6.9388","863.1","861.3"
"40766","2013-07-13 00:00:00","1392-04-22 00:00:00","17.6","38.9","0.0","9.6","8","300","28.3","-0.21338","16.0","1009.5","6.04599","863.0","860.3"
"40766","2013-07-14 00:00:00","1392-04-23 00:00:00","18.0","39.5","0.0","11.4","5","110","28.8","-0.309586","15.5","1009.42","6.04888","862.5","860.6"
"40766","2013-07-15 00:00:00","1392-04-24 00:00:00","19.1","41.7","0.0","11.8","6","290","30.4","-1.18916","13.5","1010.48","5.64001","863.8","861.4"
"40766","2013-07-16 00:00:00","1392-04-25 00:00:00","17.9","42.1","0.0","11.8","8","280","30.0","-4.27093","10.5","1011.7","4.5544","864.6","861.7"
"40766","2013-07-17 00:00:00","1392-04-26 00:00:00","16.9","41.4","0.0","12.1","9","280","29.2","-7.38566","9.625","1011.8","3.73276","864.4","862.8"
"40766","2013-07-18 00:00:00","1392-04-27 00:00:00","17.0","40.8","0.0","11.8","8","280","28.9","-6.25136","10.0","1012.15","3.93038","865.4","862.6"
"40766","2013-07-19 00:00:00","1392-04-28 00:00:00","17.2","40.1","0.0","12.6","8","280","28.6","-5.22659","10.25","1010.22","4.29899","863.6","860.9"
"40766","2013-07-20 00:00:00","1392-04-29 00:00:00","16.5","42.6","0.0","12.0","7","210","29.5","-2.60719","14.75","1006.98","5.17349","860.9","857.6"
"40766","2013-07-21 00:00:00","1392-04-30 00:00:00","16.2","41.5","0.0","12.1","8","290","28.9","-3.32247","15.125","1006.41","5.38966","859.7","857.8"
"40766","2013-07-22 00:00:00","1392-04-31 00:00:00","16.0","40.6","0.0","11.6","9","210","28.3","-3.20761","14.625","1006.74","5.09378","859.9","858.0"
"40766","2013-07-23 00:00:00","1392-05-01 00:00:00","16.4","41.2","0.0","9.8","7","200","28.8","-0.483706","17.125","1008.66","6.2356","862.0","859.5"
"40766","2013-07-24 00:00:00","1392-05-02 00:00:00","17.2","42.7","0.0","11.4","7","290","30.0","-0.986436","16.375","1010.21","6.13809","863.5","861.0"
"40766","2013-07-25 00:00:00","1392-05-03 00:00:00","18.1","42.7","0.0","11.2","8","170","30.4","-2.34612","12.5","1008.14","5.19699","862.0","858.7"
"40766","2013-07-26 00:00:00","1392-05-04 00:00:00","17.6","42.5","0.0","12.0","8","290","30.0","-5.7586","11.5","1004.38","4.22028","858.5","855.7"
"40766","2013-07-27 00:00:00","1392-05-05 00:00:00","16.6","41.0","0.0","11.5","7","210","28.8","-4.89719","13.75","1004.97","5.02335","859.6","856.6"
"40766","2013-07-28 00:00:00","1392-05-06 00:00:00","16.7","37.5","0.0","11.2","9","290","27.1","-3.36584","14.25","1009.65","4.88841","863.6","859.6"
"40766","2013-07-29 00:00:00","1392-05-07 00:00:00","14.6","36.4","0.0","11.4","9","290","25.5","-3.03568","16.125","1010.31","4.99674","864.0","860.5"
"40766","2013-07-30 00:00:00","1392-05-08 00:00:00","13.0","37.2","0.0","12.0","7","280","25.1","-6.09008","13.5","1007.48","4.06273","861.2","858.0"
"40766","2013-07-31 00:00:00","1392-05-09 00:00:00","15.3","37.8","0.0","11.9","6","290","26.5","-4.82722","13.0","1007.06","4.32019","862.8","858.0"
"40766","2013-08-01 00:00:00","1392-05-10 00:00:00","16.2","38.0","0.0","11.5","8","300","27.1","-6.6408","11.5","1007.73","3.86829","862.0","855.6"
"40766","2013-08-02 00:00:00","1392-05-11 00:00:00","14.2","37.2","0.0","11.5","6","290","25.7","-5.82548","11.0","1008.96","3.97001","861.6","860.2"
"40766","2013-08-03 00:00:00","1392-05-12 00:00:00","17.0","39.2","0.0","11.7","8","280","28.1","0.472393","16.25","1008.37","6.54923","861.9","859.2"
"40766","2013-08-04 00:00:00","1392-05-13 00:00:00","17.5","39.8","0.0","11.0","6","300","28.6","-3.08121","13.75","1008.29","5.00706","861.4","859.5"
"40766","2013-08-05 00:00:00","1392-05-14 00:00:00","17.9","37.9","0.0","6.5","6","230","27.9","-7.78208","11.75","1009.52","3.81537","863.1","860.3"
"40766","2013-08-06 00:00:00","1392-05-15 00:00:00","13.7","37.4","0.0","11.1","5","50","25.6","-7.78636","11.875","1010.31","3.51682","863.5","860.8"
"40766","2013-08-07 00:00:00","1392-05-16 00:00:00","15.0","37.8","0.0","11.2","6","290","26.4","-3.4436","13.25","1010.62","4.81323","863.3","861.7"
"40766","2013-08-08 00:00:00","1392-05-17 00:00:00","15.5","38.6","0.0","11.4","7","300","27.0","-4.70388","13.125","1010.79","4.40014","864.4","861.4"
"40766","2013-08-09 00:00:00","1392-05-18 00:00:00","15.2","37.1","0.0","11.5","6","250","26.1","-3.62667","14.625","1009.75","4.77772","863.1","860.1"
"40766","2013-08-10 00:00:00","1392-05-19 00:00:00","15.7","35.9","0.0","8.8","6","280","25.8","-1.80141","16.625","1009.03","5.60036","862.0","860.0"
"40766","2013-08-11 00:00:00","1392-05-20 00:00:00","15.8","36.4","0.0","11.5","6","280","26.1","0.803436","18.125","1010.6","6.55576","863.5","861.7"
"40766","2013-08-12 00:00:00","1392-05-21 00:00:00","17.7","38.1","0.0","10.8","6","280","27.9","2.58956","19.5","1012.74","7.43969","865.7","863.5"
"40766","2013-08-13 00:00:00","1392-05-22 00:00:00","21.0","39.7","0.0","7.7","6","290","30.4","2.16684","16.875","1012.32","7.18203","865.6","862.4"
"40766","2013-08-14 00:00:00","1392-05-23 00:00:00","19.4","41.0","0.0","9.2","8","200","30.2","-2.67856","13.125","1011.07","5.14359","864.3","861.4"
"40766","2013-08-15 00:00:00","1392-05-24 00:00:00","18.4","40.4","0.0","11.5","6","270","29.4","-2.45709","12.25","1011.6","5.11127","864.7","862.5"
"40766","2013-08-16 00:00:00","1392-05-25 00:00:00","18.4","40.9","0.0","11.3","7","280","29.7","-3.14029","12.625","1011.85","4.88719","865.4","862.1"
"40766","2013-08-17 00:00:00","1392-05-26 00:00:00","16.6","39.3","0.0","11.4","7","290","28.0","-6.20964","10.125","1012.21","3.9457","865.1","863.0"
"40766","2013-08-18 00:00:00","1392-05-27 00:00:00","18.7","39.3","0.0","11.0","8","280","29.0","-2.6535","13.25","1011.22","5.28992","864.5","861.1"
"40766","2013-08-19 00:00:00","1392-05-28 00:00:00","17.3","39.2","0.0","11.2","8","290","28.3","-3.4522","12.5","1011.66","4.86098","864.6","862.1"
"40766","2013-08-20 00:00:00","1392-05-29 00:00:00","17.1","37.6","0.0","11.6","6","300","27.3","-4.52655","13.125","1013.19","4.43989","866.0","864.0"
"40766","2013-08-21 00:00:00","1392-05-30 00:00:00","13.8","38.0","0.0","9.1","7","300","25.9","-3.68624","13.25","1012.62","4.66748","865.8","862.9"
"40766","2013-08-22 00:00:00","1392-05-31 00:00:00","16.6","36.0","0.0","9.0","6","280","26.3","-2.64197","14.625","1012.07","5.09093","865.1","863.2"
"40766","2013-08-23 00:00:00","1392-06-01 00:00:00","16.2","36.9","0.0","11.4","5","260","26.6","1.18605","19.125","1013.73","6.79206","866.3","864.3"
"40766","2013-08-24 00:00:00","1392-06-02 00:00:00","17.0","38.4","0.0","11.3","6","290","27.7","0.907851","17.375","1012.94","6.55883","866.0","863.2"
"40766","2013-08-25 00:00:00","1392-06-03 00:00:00","17.5","39.8","0.0","10.6","7","290","28.6","-2.69015","15.125","1013.21","5.11194","866.0","863.6"
"40766","2013-08-26 00:00:00","1392-06-04 00:00:00","14.9","37.3","0.0","11.0","6","280","26.1","-7.77165","16.5714","1013.02","4.43148","865.6","863.3"
"40766","2013-08-27 00:00:00","1392-06-05 00:00:00","13.2","37.8","0.0","12.0","8","290","25.5","-5.41363","15.375","1011.97","4.57029","865.1","862.5"
"40766","2013-08-28 00:00:00","1392-06-06 00:00:00","15.4","38.3","0.0","11.2","6","210","26.8","-4.68082","14.875","1011.93","4.46015","865.0","862.4"
"40766","2013-08-29 00:00:00","1392-06-07 00:00:00","15.0","38.2","0.0","7.9","6","190","26.6","-8.79255","10.625","1013.92","3.33085","866.4","864.5"
"40766","2013-08-30 00:00:00","1392-06-08 00:00:00","14.1","33.8","0.0","7.4","8","290","24.0","-2.60083","15.75","1015.12","5.15099","867.2","865.4"
"40766","2013-08-31 00:00:00","1392-06-09 00:00:00","15.8","35.4","0.0","9.2","7","310","25.6","-1.66437","16.625","1015.35","5.46033","867.9","865.5"
"40766","2013-09-01 00:00:00","1392-06-10 00:00:00","14.4","36.9","0.0","9.6","6","290","25.7","-5.22918","13.0","1015.79","4.15292","868.4","866.1"
"40766","2013-09-02 00:00:00","1392-06-11 00:00:00","16.3","37.6","0.0","9.0","5","170","26.9","-7.28221","10.25","1017.85","3.63071","870.1","867.8"
"40766","2013-09-03 00:00:00","1392-06-12 00:00:00","15.3","38.0","0.0","9.1","5","170","26.6","-6.0143","11.375","1016.94","4.05152","869.7","866.6"
"40766","2013-09-04 00:00:00","1392-06-13 00:00:00","16.7","37.1","0.0","9.5","6","260","26.9","-4.95339","12.625","1014.58","4.2601","868.1","864.1"
"40766","2013-09-05 00:00:00","1392-06-14 00:00:00","15.0","37.1","0.0","10.5","9","260","26.0","-5.34065","12.375","1012.59","4.16185","865.4","863.5"
"40766","2013-09-06 00:00:00","1392-06-15 00:00:00","13.1","35.0","0.0","9.6","6","220","24.0","-7.10257","14.25","1014.63","4.04304","867.7","864.5"
"40766","2013-09-07 00:00:00","1392-06-16 00:00:00","10.7","34.6","0.0","11.0","8","280","22.6","-16.35","8.0","1016.94","1.91975","869.6","866.7"
"40766","2013-09-08 00:00:00","1392-06-17 00:00:00","10.4","35.9","0.0","10.7","8","290","23.2","-18.4159","5.25","1015.48","1.46148","868.3","865.3"
"40766","2013-09-09 00:00:00","1392-06-18 00:00:00","10.5","35.9","0.0","10.9","7","290","23.2","-14.1461","8.25","1016.59","2.14786","868.9","866.6"
"40766","2013-09-10 00:00:00","1392-06-19 00:00:00","10.5","33.9","0.0","10.8","7","300","22.2","-5.6463","15.625","1018.28","4.13068","871.2","868.0"
"40766","2013-09-11 00:00:00","1392-06-20 00:00:00","11.2","33.6","0.0","10.6","6","270","22.4","-9.52464","13.125","1016.53","3.24341","869.1","866.2"
"40766","2013-09-12 00:00:00","1392-06-21 00:00:00","10.0","35.2","0.0","10.6","6","200","22.6","-12.7507","9.125","1016.76","2.40232","869.5","866.7"
"40766","2013-09-13 00:00:00","1392-06-22 00:00:00","10.9","33.9","0.0","10.6","7","290","22.4","-11.8717","9.625","1019.59","2.51151","871.5","869.5"
"40766","2013-09-14 00:00:00","1392-06-23 00:00:00","10.0","34.2","0.0","10.7","5","290","22.1","-12.627","10.0","1018.98","2.4111","871.8","868.0"
"40766","2013-09-15 00:00:00","1392-06-24 00:00:00","9.5","34.6","0.0","10.3","8","280","22.0","-14.9461","8.125","1015.82","2.04979","868.9","865.5"
"40766","2013-09-16 00:00:00","1392-06-25 00:00:00","12.6","34.6","0.0","10.2","11","290","23.6","-6.32242","14.625","1014.64","3.8566","867.2","865.1"
"40766","2013-09-17 00:00:00","1392-06-26 00:00:00","11.8","33.5","0.0","10.7","9","230","22.6","-7.38713","14.75","1013.92","3.65217","866.3","864.5"
"40766","2013-09-18 00:00:00","1392-06-27 00:00:00","11.0","31.7","0.0","10.6","5","280","21.4","-5.27875","18.625","1015.11","4.21126","868.0","865.6"
"40766","2013-09-19 00:00:00","1392-06-28 00:00:00","9.9","32.6","0.0","10.5","7","230","21.3","-3.28836","19.75","1016.23","4.92556","868.4","866.5"
"40766","2013-09-20 00:00:00","1392-06-29 00:00:00","12.4","32.1","0.0","8.5","7","280","22.3","-0.455885","24.125","1016.99","5.98767","869.5","866.9"
"40766","2013-09-21 00:00:00","1392-06-30 00:00:00","11.3","31.3","0.0","10.4","5","290","21.3","-0.585184","23.625","1016.13","5.88414","868.7","866.1"
"40766","2013-09-22 00:00:00","1392-06-31 00:00:00","11.4","32.4","0.0","8.9","7","290","21.9","0.00968772","23.625","1012.95","6.1852","866.0","862.9"
"40766","2013-09-23 00:00:00","1392-07-01 00:00:00","13.0","31.2","0.0","9.5","8","280","22.1","2.9683","30.0","1012.78","7.59088","865.4","863.1"
"40766","2013-09-24 00:00:00","1392-07-02 00:00:00","11.6","28.4","0.0","10.4","8","250","20.0","3.13998","34.375","1014.26","7.67778","866.5","865.0"
"40766","2013-09-25 00:00:00","1392-07-03 00:00:00","12.4","25.7","0.0","10.3","8","290","19.0","2.75493","36.625","1016.63","7.49554","869.2","866.5"
"40766","2013-09-26 00:00:00","1392-07-04 00:00:00","7.6","27.5","0.0","10.0","3","60","17.5","-1.27735","30.375","1018.54","5.67308","871.0","868.4"
"40766","2013-09-27 00:00:00","1392-07-05 00:00:00","8.4","32.0","0.0","10.3","6","170","20.2","-9.31925","16.25","1016.52","3.154","869.1","866.1"
"40766","2013-09-28 00:00:00","1392-07-06 00:00:00","8.0","31.1","0.0","10.4","6","260","19.5","-12.8783","12.25","1016.23","2.37925","868.5","866.4"
"40766","2013-09-29 00:00:00","1392-07-07 00:00:00","6.6","29.2","0.0","10.4","6","300","17.9","-7.05149","17.375","1017.24","3.75503","869.9","867.1"
"40766","2013-09-30 00:00:00","1392-07-08 00:00:00","7.7","29.8","0.0","10.0","5","290","18.8","-7.76539","18.375","1016.18","3.48265","868.6","866.0"
"40766","2013-10-01 00:00:00","1392-07-09 00:00:00","8.0","32.2","0.0","10.3","6","200","20.1","-11.4414","14.125","1016.72","2.68128","868.9","866.4"
"40766","2013-10-02 00:00:00","1392-07-10 00:00:00","7.0","29.6","0.0","9.5","6","240","18.3","-10.8574","12.75","1018.39","2.76816","870.2","868.7"
"40766","2013-10-03 00:00:00","1392-07-11 00:00:00","13.3","32.2","0.0","9.6","8","240","22.8","-5.40028","15.0","1018.82","4.10109","870.9","869.0"
"40766","2013-10-04 00:00:00","1392-07-12 00:00:00","12.5","32.0","0.0","9.8","9","220","22.3","-4.44528","18.125","1017.54","4.46636","870.1","867.4"
"40766","2013-10-05 00:00:00","1392-07-13 00:00:00","10.6","30.8","0.0","9.8","9","240","20.7","-4.12873","21.125","1015.91","4.62513","867.9","866.2"
"40766","2013-10-06 00:00:00","1392-07-14 00:00:00","7.6","28.5","0.0","9.8","9","260","18.0","0.152159","30.625","1016.33","6.28057","868.7","867.0"
"40766","2013-10-07 00:00:00","1392-07-15 00:00:00","9.2","29.0","0.0","10.1","8","230","19.1","-7.10524","22.25","1017.38","4.24698","869.7","867.3"
"40766","2013-10-08 00:00:00","1392-07-16 00:00:00","5.5","26.8","0.0","10.2","6","290","16.1","-15.8121","12.375","1019.57","1.86913","872.0","869.2"
"40766","2013-10-09 00:00:00","1392-07-17 00:00:00","1.2","25.4","0.0","10.0","5","120","13.3","-12.6492","16.375","1020.23","2.48864","872.5","869.5"
"40766","2013-10-10 00:00:00","1392-07-18 00:00:00","5.0","26.2","0.0","10.0","8","100","15.6","-6.30081","24.375","1021.33","3.9026","873.5","870.8"
"40766","2013-10-11 00:00:00","1392-07-19 00:00:00","5.6","27.3","0.0","9.8","5","130","16.4","-7.86155","20.125","1021.22","3.44492","874.2","870.7"
"40766","2013-10-12 00:00:00","1392-07-20 00:00:00","5.5","27.5","0.0","9.5","6","120","16.5","-9.1031","17.75","1017.9","3.17757","871.1","867.2"
"40766","2013-10-13 00:00:00","1392-07-21 00:00:00","5.1","26.9","0.0","9.9","6","200","16.0","-15.9531","12.125","1016.03","2.05729","868.1","865.9"
"40766","2013-10-14 00:00:00","1392-07-22 00:00:00","3.8","26.3","0.0","10.0","8","160","15.0","-16.9972","12.5","1018.44","1.88262","871.1","868.3"
"40766","2013-10-15 00:00:00","1392-07-23 00:00:00","4.2","25.4","0.0","9.7","7","340","14.8","-10.689","17.0","1021.45","2.74183","873.5","871.0"
"40766","2013-10-16 00:00:00","1392-07-24 00:00:00","5.0","24.8","0.0","9.5","4","290","14.9","-9.60254","18.875","1022.09","3.04005","874.5","871.4"
"40766","2013-10-17 00:00:00","1392-07-25 00:00:00","3.6","25.0","0.0","9.4","3","300","14.3","-13.2646","14.25","1021.99","2.21016","874.1","871.2"
"40766","2013-10-18 00:00:00","1392-07-26 00:00:00","4.0","29.3","0.0","8.2","7","160","16.6","-13.0229","10.875","1021.72","2.30847","874.4","870.8"
"40766","2013-10-19 00:00:00","1392-07-27 00:00:00","16.5","28.8","0.0","4.4","9","240","22.6","-6.70271","13.875","1020.88","3.76413","872.8","870.4"
"40766","2013-10-20 00:00:00","1392-07-28 00:00:00","11.6","24.2","0.0","10.0","7","270","17.9","-3.82247","28.125","1021.46","4.84072","873.1","871.3"
"40766","2013-10-21 00:00:00","1392-07-29 00:00:00","4.6","20.7","0.0","10.0","5","340","12.7","-2.78707","35.375","1022.4","5.05549","873.8","872.1"
"40766","2013-10-22 00:00:00","1392-07-30 00:00:00","3.8","22.4","0.0","10.3","6","120","13.1","-9.90049","23.75","1021.83","3.01253","874.9","870.7"
"40766","2013-10-23 00:00:00","1392-08-01 00:00:00","0.3","25.0","0.0","9.9","3","140","12.6","-16.161","14.0","1020.06","1.78201","872.7","869.4"
"40766","2013-10-24 00:00:00","1392-08-02 00:00:00","1.2","24.5","0.0","9.8","3","210","12.9","-23.2584","11.8571","1021.05","1.17639","872.7","870.7"
"40766","2013-10-25 00:00:00","1392-08-03 00:00:00","1.6","23.8","0.0","8.4","6","110","12.7","-13.432","15.125","1021.62","2.32775","874.7","870.5"
"40766","2013-10-26 00:00:00","1392-08-04 00:00:00","9.8","25.7","0.0","1.2","10","170","17.8","-3.54315","28.5","1018.54","5.13614","870.7","867.8"
"40766","2013-10-27 00:00:00","1392-08-05 00:00:00","8.7","22.8","0.01","8.1","6","130","15.8","1.37807","40.625","1018.27","7.01996","870.1","868.5"
"40766","2013-10-28 00:00:00","1392-08-06 00:00:00","4.4","19.2","0.0","8.3","7","290","11.8","-5.93022","31.75","1019.81","3.97903","871.8","869.6"
"40766","2013-10-29 00:00:00","1392-08-07 00:00:00","-0.6","19.0","0.0","9.5","4","140","9.2","-7.52126","31.625","1021.53","3.50992","873.2","871.5"
"40766","2013-10-30 00:00:00","1392-08-08 00:00:00","-0.2","20.5","0.0","7.7","5","120","10.1","-10.101","23.875","1022.49","2.90056","874.0","871.9"
"40766","2013-10-31 00:00:00","1392-08-09 00:00:00","2.0","22.1","0.0","9.2","3","190","12.1","-9.33401","21.75","1023.69","3.05124","875.8","872.8"
"40766","2013-11-01 00:00:00","1392-08-10 00:00:00","7.0","20.2","0.1","2.4","5","120","13.6","2.46601","50.125","1023.69","7.67156","875.8","873.1"
"40766","2013-11-02 00:00:00","1392-08-11 00:00:00","9.9","13.4","36.0","0.6","6","260","11.6","8.44899","90.375","1021.93","11.0794","873.0","871.3"
"40766","2013-11-03 00:00:00","1392-08-12 00:00:00","8.8","16.1","7.0","2.2","8","220","12.5","8.28948","86.625","1021.75","10.9439","873.4","871.2"
"40766","2013-11-04 00:00:00","1392-08-13 00:00:00","6.2","16.5","0.0","9.0","4","280","11.4","6.19925","77.625","1024.29","9.50204","875.6","873.2"
"40766","2013-11-05 00:00:00","1392-08-14 00:00:00","2.8","18.2","0.0","9.6","3","150","10.5","3.30637","66.75","1025.78","7.79413","877.3","875.0"
"40766","2013-11-06 00:00:00","1392-08-15 00:00:00","2.4","19.8","0.0","9.4","3","320","11.1","1.86636","61.625","1024.48","7.09012","876.2","873.7"
"40766","2013-11-07 00:00:00","1392-08-16 00:00:00","2.2","20.6","0.0","7.0","3","160","11.4","2.66277","58.75","1023.45","7.48584","875.2","872.9"
"40766","2013-11-08 00:00:00","1392-08-17 00:00:00","10.4","14.8","13.0","0.1","6","120","12.6","9.69625","84.75","1022.71","12.0974","874.9","871.7"
"40766","2013-11-09 00:00:00","1392-08-18 00:00:00","10.4","17.2","4.9","1.1","6","110","13.8","7.51948","70.25","1022.59","10.4753","875.1","872.4"
"40766","2013-11-10 00:00:00","1392-08-19 00:00:00","11.3","18.0","0.21","0.2","7","90","14.6","5.76747","53.625","1022.63","9.22544","873.5","872.6"
"40766","2013-11-11 00:00:00","1392-08-20 00:00:00","11.0","16.2","16.11","1.0","5","110","13.6","8.82045","83.125","1023.85","11.349","875.1","873.2"
"40766","2013-11-12 00:00:00","1392-08-21 00:00:00","7.0","18.0","0.0","7.8","4","310","12.5","8.10549","81.625","1021.78","10.8253","874.2","871.1"
"40766","2013-11-13 00:00:00","1392-08-22 00:00:00","6.8","11.1","5.3","0.8","4","300","9.0","6.86697","90.25","1018.9","9.95485","870.3","869.4"
"40766","2013-11-14 00:00:00","1392-08-23 00:00:00","3.0","14.5","0.0","6.2","3","150","8.8","5.17208","82.125","1019.15","8.84587","870.8","869.4"
"40766","2013-11-15 00:00:00","1392-08-24 00:00:00","2.0","16.5","0.0","8.4","3","240","9.3","3.98388","74.25","1019.8","8.1533","871.7","869.9"
"40766","2013-11-16 00:00:00","1392-08-25 00:00:00","3.3","15.8","0.1","5.5","6","350","9.6","2.95585","70.125","1020.13","7.57756","872.0","870.3"
"40766","2013-11-17 00:00:00","1392-08-26 00:00:00","3.1","15.6","0.0","6.8","3","220","9.4","2.48494","69.375","1020.35","7.34467","872.3","870.2"
"40766","2013-11-18 00:00:00","1392-08-27 00:00:00","1.0","15.3","0.01","3.3","5","90","8.1","3.16232","67.625","1021.29","7.70305","872.9","870.9"
"40766","2013-11-19 00:00:00","1392-08-28 00:00:00","7.5","15.9","1.3","1.2","8","110","11.7","5.6933","65.75","1021.75","9.17785","873.8","871.7"
"40766","2013-11-20 00:00:00","1392-08-29 00:00:00","9.6","13.2","19.8","0.0","8","100","11.4","7.40812","87.625","1019.74","10.3093","871.2","869.4"
"40766","2013-11-21 00:00:00","1392-08-30 00:00:00","6.9","9.2","0.8","0.0","5","100","8.1","5.2738","86.75","1016.15","8.89432","869.7","865.9"
"40766","2013-11-22 00:00:00","1392-09-01 00:00:00","4.7","12.0","0.0","3.9","4","100","8.4","3.62452","73.875","1016.25","7.92805","868.5","866.6"
"40766","2013-11-23 00:00:00","1392-09-02 00:00:00","3.8","12.4","0.0","0.0","4","270","8.1","3.51171","76.0","1018.09","7.86626","869.8","868.3"
"40766","2013-11-24 00:00:00","1392-09-03 00:00:00","2.0","14.4","0.0","9.0","5","320","8.2","1.94515","70.125","1020.94","7.0559","872.5","870.5"
"40766","2013-11-25 00:00:00","1392-09-04 00:00:00","0.2","16.0","0.0","8.0","3","280","8.1","2.41559","69.5","1022.23","7.31688","874.4","871.5"
"40766","2013-11-26 00:00:00","1392-09-05 00:00:00","1.6","16.2","0.0","6.5","4","300","8.9","2.46742","67.0","1022.49","7.32779","873.8","872.2"
"40766","2013-11-27 00:00:00","1392-09-06 00:00:00","1.4","18.0","0.0","8.5","5","270","9.7","1.67671","65.125","1024.36","6.94977","875.9","873.8"
"40766","2013-11-28 00:00:00","1392-09-07 00:00:00","2.4","19.4","0.4","2.7","8","290","10.9","2.87331","61.125","1023.62","7.60504","875.5","872.5"
"40766","2013-11-29 00:00:00","1392-09-08 00:00:00","8.2","17.4","2.31","1.7","7","150","12.8","3.05078","52.5","1022.81","7.77165","874.8","872.1"
"40766","2013-11-30 00:00:00","1392-09-09 00:00:00","11.5","18.4","0.0","1.0","6","100","14.9","1.00521","44.5","1023.11","6.65346","877.0","871.6"
"40766","2013-12-01 00:00:00","1392-09-10 00:00:00","2.4","17.4","0.0","8.8","3","100","9.9","1.89124","66.375","1028.37","7.08576","879.8","877.5"
"40766","2013-12-02 00:00:00","1392-09-11 00:00:00","0.3","14.8","0.0","3.6","2","120","7.6","1.44587","69.5","1025.27","6.81179","878.2","872.5"
"40766","2013-12-03 00:00:00","1392-09-12 00:00:00","1.6","18.6","0.0","8.2","6","290","10.1","0.224672","55.75","1018.66","6.331","871.8","867.7"
"40766","2013-12-04 00:00:00","1392-09-13 00:00:00","6.8","12.0","10.0","0.0","5","100","9.4","6.16755","86.125","1018.09","9.47592","869.8","868.5"
"40766","2013-12-05 00:00:00","1392-09-14 00:00:00","7.8","12.1","12.0","0.0","8","110","10.0","6.19181","77.875","1014.91","9.48239","868.6","863.3"
"40766","2013-12-06 00:00:00","1392-09-15 00:00:00","5.0","11.3","9.7","3.6","6","320","8.1","3.72842","81.375","1016.33","7.9917","870.8","864.7"
"40766","2013-12-07 00:00:00","1392-09-16 00:00:00","0.2","12.3","0.0","8.0","5","290","6.3","-0.388516","67.5","1020.58","6.00719","872.4","870.4"
"40766","2013-12-08 00:00:00","1392-09-17 00:00:00","1.3","11.6","0.0","1.6","4","200","6.5","0.42439","65.125","1020.04","6.30388","872.2","869.8"
"40766","2013-12-09 00:00:00","1392-09-18 00:00:00","4.4","10.5","0.7","2.0","8","290","7.4","0.261283","67.125","1016.22","6.361","869.4","865.7"
"40766","2013-12-10 00:00:00","1392-09-19 00:00:00","-6.0","5.4","0.0","8.9","6","270","-0.3","-9.2269","54.75","1016.59","3.09654","869.0","867.0"
"40766","2013-12-11 00:00:00","1392-09-20 00:00:00","-6.5","8.4","0.0","5.5","7","100","0.9","-10.0174","45.375","1014.71","3.03222","867.9","864.9"
"40766","2013-12-12 00:00:00","1392-09-21 00:00:00","1.4","10.6","7.1","0.0","9","100","6.0","1.9878","71.0","1012.25","7.06511","866.9","862.0"
"40766","2013-12-13 00:00:00","1392-09-22 00:00:00","4.6","8.4","8.1","0.0","10","190","6.5","3.67138","79.75","1015.37","7.96551","868.4","865.6"
"40766","2013-12-14 00:00:00","1392-09-23 00:00:00","5.1","9.7","1.4","2.2","7","230","7.4","-3.9166","56.5","1017.72","4.72555","871.7","866.2"
"40766","2013-12-15 00:00:00","1392-09-24 00:00:00","-5.5","5.1","0.4","8.0","5","290","-0.2","-5.70105","68.25","1022.64","4.00327","875.0","871.7"
"40766","2013-12-16 00:00:00","1392-09-25 00:00:00","-6.3","6.6","0.4","7.8","7","120","0.1","-5.19511","68.75","1025.36","4.16246","876.6","875.1"
"40766","2013-12-17 00:00:00","1392-09-26 00:00:00","-4.4","7.2","0.0","9.2","7","120","1.4","-5.78792","63.0","1024.57","3.97774","876.2","873.6"
"40766","2013-12-18 00:00:00","1392-09-27 00:00:00","-6.4","8.4","0.0","7.8","8","120","1.0","-5.85762","61.75","1024.35","3.95138","876.5","873.4"
"40766","2013-12-19 00:00:00","1392-09-28 00:00:00","-1.2","2.2","5.0","0.0","4","110","0.5","-0.584937","92.0","1022.3","5.88476","873.9","871.8"
"40766","2013-12-20 00:00:00","1392-09-29 00:00:00","-0.2","6.2","0.4","5.3","5","110","3.0","-2.01078","78.75","1025.94","5.33235","877.7","873.9"
"40766","2013-12-21 00:00:00","1392-09-30 00:00:00","-5.8","6.5","0.0","9.0","8","90","0.3","-6.38023","63.0","1025.92","3.80419","877.5","874.8"
"40766","2013-12-22 00:00:00","1392-10-01 00:00:00","-4.8","7.2","0.0","9.1","7","100","1.2","-6.13964","58.125","1025.43","3.86534","876.7","874.7"
"40766","2013-12-23 00:00:00","1392-10-02 00:00:00","-4.7","7.3","0.0","9.0","7","110","1.3","-7.89567","55.75","1028.98","3.38286","880.0","877.4"
"40766","2013-12-24 00:00:00","1392-10-03 00:00:00","-7.0","7.2","0.0","9.0","5","90","0.1","-8.00746","63.0","1031.47","3.35279","881.8","880.0"
"40766","2013-12-25 00:00:00","1392-10-04 00:00:00","-7.2","7.9","0.0","8.6","4","110","0.4","-7.69662","61.125","1031.3","3.43495","882.3","879.5"
"40766","2013-12-26 00:00:00","1392-10-05 00:00:00","-7.7","9.0","0.0","9.1","4","110","0.7","-9.82838","51.375","1029.18","2.91321","880.8","877.6"
"40766","2013-12-27 00:00:00","1392-10-06 00:00:00","-6.6","8.7","0.0","6.3","3","90","1.0","-8.32577","54.375","1027.49","3.27483","878.9","876.2"
"40766","2013-12-28 00:00:00","1392-10-07 00:00:00","-6.5","10.6","0.0","8.7","3","180","2.1","-8.18824","54.875","1026.76","3.31327","877.8","876.0"
"40766","2013-12-29 00:00:00","1392-10-08 00:00:00","-4.6","11.1","0.0","9.2","7","110","3.3","-10.4842","43.25","1025.34","2.76834","877.4","873.8"
"40766","2013-12-30 00:00:00","1392-10-09 00:00:00","-3.3","10.0","0.0","3.5","7","120","3.3","-8.10594","44.625","1022.61","3.32843","875.0","871.3"
"40766","2013-12-31 00:00:00","1392-10-10 00:00:00","-1.6","9.5","7.01","0.2","7","130","4.0","-0.803321","72.375","1019.9","5.94753","871.6","869.4"
"40766","2014-01-01 00:00:00","1392-10-11 00:00:00","0.2","5.0","15.8","0.0","6","130","2.6","1.175","92.75","1019.35","6.66123","873.3","867.9"
"40766","2014-01-02 00:00:00","1392-10-12 00:00:00","0.4","5.2","3.0","0.4","4","110","2.8","-0.9875","79.125","1024.08","5.70575","875.5","873.3"
"40766","2014-01-03 00:00:00","1392-10-13 00:00:00","-3.0","6.1","0.0","4.6","5","90","1.5","-3.4125","75.125","1024.99","4.75655","876.6","874.6"
"40766","2014-01-04 00:00:00","1392-10-14 00:00:00","-2.6","3.8","0.0","8.4","8","120","0.6","-4.4625","73.375","1024.42","4.39758","875.7","874.0"
"40766","2014-01-05 00:00:00","1392-10-15 00:00:00","-3.4","1.4","1.01","0.0","6","120","-1.0","-4.475","77.125","1022.29","4.32948","874.3","871.6"
"40766","2014-01-06 00:00:00","1392-10-16 00:00:00","-1.6","4.8","0.3","3.8","6","100","1.6","-3.6375","75.375","1018.38","4.67493","870.9","868.3"
"40766","2014-01-07 00:00:00","1392-10-17 00:00:00","-3.3","5.9","0.0","9.1","7","110","1.3","-5.35","66.875","1020.16","4.11254","872.5","868.8"
"40766","2014-01-08 00:00:00","1392-10-18 00:00:00","-6.6","7.3","0.0","9.0","5","110","0.4","-6.875","67.125","1022.81","3.66993","874.8","872.0"
"40766","2014-01-09 00:00:00","1392-10-19 00:00:00","-5.8","6.3","0.0","9.4","7","110","0.3","-9.5375","54.625","1025.19","2.97558","877.3","874.4"
"40766","2014-01-10 00:00:00","1392-10-20 00:00:00","-5.8","8.0","0.0","6.2","9","150","1.1","-9.525","47.0","1022.29","2.96376","875.1","870.6"
"40766","2014-01-11 00:00:00","1392-10-21 00:00:00","-5.6","3.1","7.5","0.0","7","110","-1.3","-1.5375","91.75","1019.39","7.44712","871.2","869.5"
"40766","2014-01-12 00:00:00","1392-10-22 00:00:00","-1.3","3.4","0.0","0.0","3","270","1.1","-2.125","86.25","1024.05","5.24199","875.5","872.1"
"40766","2014-01-13 00:00:00","1392-10-23 00:00:00","-4.9","3.8","0.0","2.6","4","270","-0.6","-3.1","83.7143","1024.8","4.78648","876.5","874.3"
"40766","2014-01-14 00:00:00","1392-10-24 00:00:00","-3.7","8.5","0.0","1.2","2","270","2.4","-0.6875","80.5","1023.3","5.74514","874.5","872.9"
"40766","2014-01-15 00:00:00","1392-10-25 00:00:00","-1.1","8.6","0.0","0.7","4","140","3.8","0.1","82.875","1023.81","6.16136","875.9","872.9"
"40766","2014-01-16 00:00:00","1392-10-26 00:00:00","-3.2","9.4","0.0","8.4","8","110","3.1","-2.1625","76.25","1027.09","5.237","878.4","876.0"
"40766","2014-01-17 00:00:00","1392-10-27 00:00:00","-5.1","9.2","1.0","5.3","8","120","2.0","-2.7125","74.5","1022.14","5.07107","875.7","869.8"
"40766","2014-01-18 00:00:00","1392-10-28 00:00:00","0.2","6.4","8.0","2.1","8","90","3.3","-0.5","83.0","1017.63","5.90863","870.9","866.5"
"40766","2014-01-19 00:00:00","1392-10-29 00:00:00","-3.7","8.4","0.0","8.4","4","130","2.3","-2.125","77.875","1023.18","5.22542","874.5","871.8"
"40766","2014-01-20 00:00:00","1392-10-30 00:00:00","-2.0","11.5","0.0","9.2","4","80","4.8","-1.575","74.0","1023.57","5.47943","875.0","872.6"
"40766","2014-01-21 00:00:00","1392-11-01 00:00:00","-3.9","13.8","0.0","8.0","3","140","4.9","-1.85","71.625","1023.52","5.38155","874.9","873.2"
"40766","2014-01-22 00:00:00","1392-11-02 00:00:00","-3.3","14.8","0.0","7.4","4","180","5.8","-2.925","64.25","1022.26","4.95184","874.2","871.3"
"40766","2014-01-23 00:00:00","1392-11-03 00:00:00","-5.1","14.7","0.0","8.9","6","200","4.8","-8.475","45.375","1019.39","3.31668","871.9","868.9"
"40766","2014-01-24 00:00:00","1392-11-04 00:00:00","-1.3","13.6","0.0","9.0","7","220","6.2","-3.3625","53.5","1018.76","4.79938","870.7","868.6"
"40766","2014-01-25 00:00:00","1392-11-05 00:00:00","1.4","13.2","0.0","6.1","4","220","7.3","-0.4625","62.125","1020.72","5.9461","872.5","870.1"
"40766","2014-01-26 00:00:00","1392-11-06 00:00:00","0.0","14.2","0.0","6.5","5","100","7.1","-1.575","62.0","1021.15","5.47348","873.0","870.7"
"40766","2014-01-27 00:00:00","1392-11-07 00:00:00","-2.1","9.9","14.0","1.0","7","110","3.9","-0.9125","60.125","1020.33","5.98728","873.1","868.9"
"40766","2014-01-28 00:00:00","1392-11-08 00:00:00","4.8","11.4","13.7","0.2","15","100","8.1","2.4","73.0","1016.76","7.33494","869.5","865.1"
"40766","2014-01-29 00:00:00","1392-11-09 00:00:00","5.9","13.8","7.0","5.6","3","270","9.9","3.8625","78.125","1020.57","8.09807","873.0","869.1"
"40766","2014-01-30 00:00:00","1392-11-10 00:00:00","0.0","15.1","0.0","8.6","4","80","7.6","2.2375","71.8571","1020.92","7.31162","873.2","870.3"
"40766","2014-01-31 00:00:00","1392-11-11 00:00:00","1.9","12.1","0.0","9.5","5","280","7.0","-1.8625","61.125","1019.62","5.38197","871.9","869.6"
"40766","2014-02-01 00:00:00","1392-11-12 00:00:00","-1.9","5.8","0.0","5.4","9","110","2.0","-7.1","52.875","1018.51","4.09956","870.3","868.5"
"40766","2014-02-02 00:00:00","1392-11-13 00:00:00","-3.6","2.4","0.0","7.1","10","100","-0.6","-11.4625","44.625","1018.44","2.60554","870.7","868.4"
"40766","2014-02-03 00:00:00","1392-11-14 00:00:00","-2.4","1.4","5.7","0.0","10","90","-0.5","-5.9625","75.5","1016.18","3.97161","868.6","865.8"
"40766","2014-02-04 00:00:00","1392-11-15 00:00:00","-4.0","-1.0","3.6","0.0","6","110","-2.5","-5.225","82.5","1014.88","4.14655","867.2","865.0"
"40766","2014-02-05 00:00:00","1392-11-16 00:00:00","-4.3","0.0","9.01","4.7","5","160","-2.2","-8.725","76.625","1015.05","3.28594","869.8","863.7"
"40766","2014-02-06 00:00:00","1392-11-17 00:00:00","-13.7","-2.2","0.0","9.4","5","110","-7.9","-12.8125","66.75","1018.86","2.42061","871.0","868.9"
"40766","2014-02-07 00:00:00","1392-11-18 00:00:00","-10.6","0.0","0.0","9.6","5","100","-5.3","-11.5","63.625","1020.54","2.57098","872.0","870.2"
"40766","2014-02-08 00:00:00","1392-11-19 00:00:00","-8.5","2.5","0.0","9.8","5","120","-3.0","-9.25","64.5","1021.31","3.08884","872.9","871.4"
"40766","2014-02-09 00:00:00","1392-11-20 00:00:00","-8.8","5.7","0.0","9.4","4","100","-1.6","-8.1375","65.75","1023.18","3.34947","874.9","872.5"
"40766","2014-02-10 00:00:00","1392-11-21 00:00:00","-7.9","9.3","0.0","9.5","3","140","0.7","-5.725","65.75","1021.28","4.09147","873.5","870.5"
"40766","2014-02-11 00:00:00","1392-11-22 00:00:00","-5.6","11.7","0.0","6.2","4","280","3.0","-5.8375","58.1429","1017.38","3.91393","870.7","866.6"
"40766","2014-02-12 00:00:00","1392-11-23 00:00:00","-2.9","11.0","0.0","10.0","6","90","4.1","-7.0375","47.625","1019.6","3.61287","872.1","868.4"
"40766","2014-02-13 00:00:00","1392-11-24 00:00:00","-4.3","12.0","0.0","10.4","5","120","3.8","-7.625","48.625","1022.54","3.51427","874.1","872.0"
"40766","2014-02-14 00:00:00","1392-11-25 00:00:00","-5.0","15.0","0.0","10.2","4","120","5.0","-6.6875","49.375","1022.83","3.7172","875.1","871.9"
"40766","2014-02-15 00:00:00","1392-11-26 00:00:00","-4.0","17.7","0.0","9.8","10","180","6.9","-7.425","43.625","1017.95","3.68427","871.5","866.1"
"40766","2014-02-16 00:00:00","1392-11-27 00:00:00","4.3","12.1","6.6","1.0","8","80","8.2","-0.425","69.0","1015.37","5.99029","867.3","866.3"
"40766","2014-02-17 00:00:00","1392-11-28 00:00:00","0.2","2.5","19.0","0.0","3","160","1.4","0.45","97.375","1017.37","6.31478","873.2","864.7"
"40766","2014-02-18 00:00:00","1392-11-29 00:00:00","0.6","6.4","0.0","1.5","3","280","3.5","1.3125","89.0","1024.23","6.71669","875.2","873.5"
"40766","2014-02-19 00:00:00","1392-11-30 00:00:00","1.6","8.0","0.0","3.2","3","260","4.8","1.2375","86.625","1024.43","6.6849","875.6","874.0"
"40766","2014-02-20 00:00:00","1392-12-01 00:00:00","-3.3","10.5","0.0","6.2","4","270","3.6","-1.075","80.375","1025.1","5.68888","876.5","874.6"
"40766","2014-02-21 00:00:00","1392-12-02 00:00:00","-4.0","15.4","0.0","9.3","6","290","5.7","-3.3","59.125","1023.17","6.74115","875.5","872.2"
"40766","2014-02-22 00:00:00","1392-12-03 00:00:00","-2.7","15.4","0.0","7.1","6","290","6.3","-4.0875","47.5","1020.35","4.53345","873.0","869.5"
"40766","2014-02-23 00:00:00","1392-12-04 00:00:00","-0.5","15.6","0.0","8.2","8","170","7.6","-2.2125","55.25","1019.32","5.19124","872.1","869.4"
"40766","2014-02-24 00:00:00","1392-12-05 00:00:00","-1.8","16.7","0.0","9.2","6","110","7.5","-3.2125","53.25","1022.17","4.85193","874.8","871.5"
"40766","2014-02-25 00:00:00","1392-12-06 00:00:00","-0.1","17.9","0.0","10.1","7","100","8.9","-4.425","44.75","1022.19","4.4297","874.5","871.6"
"40766","2014-02-26 00:00:00","1392-12-07 00:00:00","3.7","18.5","0.02","4.2","8","190","11.1","0.6375","48.75","1021.53","6.4644","873.3","871.4"
"40766","2014-02-27 00:00:00","1392-12-08 00:00:00","2.3","19.7","0.0","8.0","7","160","11.0","1.3","53.125","1019.47","6.7501","872.0","868.6"
"40766","2014-02-28 00:00:00","1392-12-09 00:00:00","2.4","15.3","0.0","9.2","9","280","8.9","-1.2625","53.375","1018.52","5.69958","870.4","868.9"
"40766","2014-03-01 00:00:00","1392-12-10 00:00:00","-1.8","13.4","0.0","10.6","6","320","5.8","-5.2","52.25","1019.52","4.29821","871.5","869.7"
"40766","2014-03-02 00:00:00","1392-12-11 00:00:00","-4.0","17.0","0.0","9.7","7","260","6.5","-5.0375","47.125","1019.96","4.256","872.3","869.8"
"40766","2014-03-03 00:00:00","1392-12-12 00:00:00","4.5","17.9","0.0","4.0","5","150","11.2","-0.6125","51.875","1018.34","5.88077","870.3","868.5"
"40766","2014-03-04 00:00:00","1392-12-13 00:00:00","1.2","16.1","2.0","3.3","6","100","8.7","3.5125","69.25","1017.55","8.002","869.7","868.0"
"40766","2014-03-05 00:00:00","1392-12-14 00:00:00","3.2","18.6","0.0","9.0","4","300","10.9","3.2625","55.375","1020.43","7.85662","872.3","870.3"
"40766","2014-03-06 00:00:00","1392-12-15 00:00:00","3.3","20.4","0.0","9.1","5","280","11.8","1.35","49.5","1020.72","6.76778","872.6","870.1"
"40766","2014-03-07 00:00:00","1392-12-16 00:00:00","4.1","21.1","0.0","9.0","8","270","12.6","-0.1125","46.375","1021.55","6.1465","873.2","871.0"
"40766","2014-03-08 00:00:00","1392-12-17 00:00:00","0.8","21.8","0.0","10.1","3","110","11.3","-5.075","40.25","1023.79","4.41022","875.6","873.4"
"40766","2014-03-09 00:00:00","1392-12-18 00:00:00","2.8","18.8","0.0","2.3","9","170","10.8","-0.375","46.875","1022.8","6.08796","874.4","872.0"
"40766","2014-03-10 00:00:00","1392-12-19 00:00:00","5.7","15.8","8.0","0.0","7","130","10.8","7.025","75.5","1018.45","10.1743","871.6","867.4"
"40766","2014-03-11 00:00:00","1392-12-20 00:00:00","9.1","17.4","11.0","6.8","7","260","13.3","4.65","66.0","1015.58","8.86647","868.5","865.7"
"40766","2014-03-12 00:00:00","1392-12-21 00:00:00","4.1","11.3","20.0","0.1","7","290","7.7","3.4875","83.125","1008.63","7.89375","864.3","857.9"
"40766","2014-03-13 00:00:00","1392-12-22 00:00:00","4.4","10.6","0.71","2.0","7","220","7.5","1.025","74.125","1013.39","6.58062","868.8","860.6"
"40766","2014-03-14 00:00:00","1392-12-23 00:00:00","0.5","11.6","3.0","8.5","4","300","6.1","0.4875","71.875","1016.28","6.3491","869.4","866.1"
"40766","2014-03-15 00:00:00","1392-12-24 00:00:00","1.7","8.8","3.0","0.0","7","110","5.3","1.8625","79.375","1012.96","7.02175","866.6","863.8"
"40766","2014-03-16 00:00:00","1392-12-25 00:00:00","1.9","13.6","0.2","9.6","9","290","7.8","1.64286","72.8571","1019.26","6.92552","872.9","866.7"
"40766","2014-03-17 00:00:00","1392-12-26 00:00:00","4.3","15.2","0.0","4.7","8","230","9.8","2.1875","60.625","1022.43","7.13187","873.8","872.3"
"40766","2014-03-18 00:00:00","1392-12-27 00:00:00","5.6","19.0","0.0","5.4","6","170","12.3","-3.2875","39.375","1020.04","5.11946","873.2","868.1"
"40766","2014-03-19 00:00:00","1392-12-28 00:00:00","9.9","14.0","0.6","0.0","7","150","11.9","2.2375","54.75","1019.32","7.38447","870.8","869.5"
"40766","2014-03-20 00:00:00","1392-12-29 00:00:00","5.2","18.0","0.0","9.9","6","290","11.6","2.5875","58.5","1018.51","7.41481","870.9","868.4"
"40766","2014-03-21 00:00:00","1393-01-01 00:00:00","1.0","18.4","0.0","","6","290","9.7","-0.1","56.4286","1016.83","6.15667","869.7","866.3"
"40766","2014-03-22 00:00:00","1393-01-02 00:00:00","1.7","17.3","0.0","11.1","7","10","9.5","-4.9","41.75","1017.16","4.51331","869.8","867.6"
"40766","2014-03-23 00:00:00","1393-01-03 00:00:00","-0.2","16.5","0.0","11.3","6","120","8.1","-8.2375","33.125","1018.95","3.30472","872.1","868.3"
"40766","2014-03-24 00:00:00","1393-01-04 00:00:00","0.1","18.7","0.0","10.3","6","110","9.4","-8.775","32.375","1018.32","3.14415","870.8","868.2"
"40766","2014-03-25 00:00:00","1393-01-05 00:00:00","0.7","19.3","0.0","8.0","4","130","10.0","-4.075","38.0","1016.84","4.54431","869.6","866.5"
"40766","2014-03-26 00:00:00","1393-01-06 00:00:00","1.1","18.7","0.0","10.0","7","290","9.9","-2.525","42.75","1018.27","5.17346","870.8","868.3"
"40766","2014-03-27 00:00:00","1393-01-07 00:00:00","0.7","19.9","0.0","10.5","8","290","10.3","-1.9625","44.125","1018.41","5.33083","870.5","868.1"
"40766","2014-03-28 00:00:00","1393-01-08 00:00:00","2.1","19.6","0.0","11.2","8","290","10.9","-1.425","45.375","1018.15","5.6146","870.7","867.8"
"40766","2014-03-29 00:00:00","1393-01-09 00:00:00","1.6","20.3","0.0","10.0","7","220","10.9","-2.4","40.375","1016.09","5.21587","869.6","865.3"
"40766","2014-03-30 00:00:00","1393-01-10 00:00:00","9.7","13.6","4.8","0.3","9","140","11.6","4.325","70.125","1008.23","8.44934","863.8","858.1"
"40766","2014-03-31 00:00:00","1393-01-11 00:00:00","4.4","10.9","11.9","9.6","10","300","7.6","-4.975","50.0","1008.36","4.66206","865.3","857.8"
"40766","2014-04-01 00:00:00","1393-01-12 00:00:00","-4.8","15.2","0.0","8.3","5","210","5.2","-6.0625","48.375","1013.42","3.92659","866.8","863.8"
"40766","2014-04-02 00:00:00","1393-01-13 00:00:00","2.4","","4.0","3.7","8","190","","1.25","67.875","1010.7","6.88851","864.2","860.7"
"40766","2014-04-03 00:00:00","1393-01-14 00:00:00","5.9","14.8","2.0","6.0","8","220","10.4","3.45","70.875","1012.59","7.87208","867.8","861.5"
"40766","2014-04-04 00:00:00","1393-01-15 00:00:00","0.7","15.5","0.0","7.4","8","280","8.1","0.1375","59.375","1018.22","6.19157","871.2","868.0"
"40766","2014-04-05 00:00:00","1393-01-16 00:00:00","2.3","17.0","0.0","11.1","7","290","9.6","-1.2625","52.0","1021.75","5.65461","873.6","870.9"
"40766","2014-04-06 00:00:00","1393-01-17 00:00:00","1.1","19.5","0.0","10.8","6","290","10.3","-0.7875","49.5","1024.12","5.80312","875.9","873.0"
"40766","2014-04-07 00:00:00","1393-01-18 00:00:00","1.8","22.0","0.0","9.5","4","120","11.9","0.975","49.25","1024.38","6.58078","876.1","873.5"
"40766","2014-04-08 00:00:00","1393-01-19 00:00:00","10.0","18.9","0.01","0.0","9","100","14.4","3.9625","50.25","1021.32","9.86607","873.4","870.3"
"40766","2014-04-09 00:00:00","1393-01-20 00:00:00","11.4","22.6","0.7","8.7","13","260","17.0","1.9125","41.125","1017.65","7.14368","869.9","867.6"
"40766","2014-04-10 00:00:00","1393-01-21 00:00:00","2.8","20.9","0.0","1.4","8","170","11.8","1.475","46.375","1018.88","6.85282","871.3","868.5"
"40766","2014-04-11 00:00:00","1393-01-22 00:00:00","7.8","22.7","0.0","7.4","7","290","15.3","0.8625","42.875","1021.05","6.66341","873.2","870.3"
"40766","2014-04-12 00:00:00","1393-01-23 00:00:00","3.7","23.9","0.0","6.6","3","280","13.8","-0.5","43.125","1021.62","5.9372","873.7","870.9"
"40766","2014-04-13 00:00:00","1393-01-24 00:00:00","3.9","18.5","0.1","0.3","2","70","11.2","4.3625","64.875","1019.46","8.49124","870.6","869.8"
"40766","2014-04-14 00:00:00","1393-01-25 00:00:00","3.4","22.4","7.0","7.4","6","210","12.9","4.725","66.0","1019.22","8.77788","871.8","868.4"
"40766","2014-04-15 00:00:00","1393-01-26 00:00:00","4.6","20.9","0.0","8.2","6","300","12.8","3.2875","55.0","1020.04","7.79287","872.2","869.1"
"40766","2014-04-16 00:00:00","1393-01-27 00:00:00","4.2","22.7","0.0","10.9","4","300","13.5","1.475","47.875","1021.7","9.03471","873.1","871.2"
"40766","2014-04-17 00:00:00","1393-01-28 00:00:00","5.5","25.5","0.0","10.0","8","10","15.5","4.0","48.75","1020.55","8.172","873.1","869.5"
"40766","2014-04-18 00:00:00","1393-01-29 00:00:00","11.8","27.5","0.01","10.6","9","110","19.6","5.8625","41.375","1018.18","9.31056","870.4","868.0"
"40766","2014-04-19 00:00:00","1393-01-30 00:00:00","9.4","25.3","0.0","10.7","7","290","17.3","4.125","44.375","1019.96","8.35","871.7","869.8"
"40766","2014-04-20 00:00:00","1393-01-31 00:00:00","7.8","24.6","0.0","5.8","6","290","16.2","6.2375","51.625","1019.46","9.53514","871.7","869.1"
"40766","2014-04-21 00:00:00","1393-02-01 00:00:00","7.0","25.0","0.02","7.3","9","280","16.0","6.1","50.25","1017.94","9.48414","870.0","868.5"
"40766","2014-04-22 00:00:00","1393-02-02 00:00:00","12.2","24.5","1.0","7.5","10","100","18.4","8.2125","52.875","1018.51","10.9044","870.5","868.7"
"40766","2014-04-23 00:00:00","1393-02-03 00:00:00","11.7","25.3","0.0","11.4","10","260","18.5","-0.6625","34.5","1018.07","6.02254","869.9","867.9"
"40766","2014-04-24 00:00:00","1393-02-04 00:00:00","5.2","23.6","0.0","11.9","8","310","14.4","1.2125","41.5","1018.14","6.67682","869.9","868.1"
"40766","2014-04-25 00:00:00","1393-02-05 00:00:00","5.7","26.4","0.0","11.7","5","310","16.0","2.675","44.125","1019.76","7.46186","872.3","869.7"
"40766","2014-04-26 00:00:00","1393-02-06 00:00:00","10.0","27.0","0.8","6.8","5","120","18.5","6.875","52.5","1019.15","10.0247","871.5","868.9"
"40766","2014-04-27 00:00:00","1393-02-07 00:00:00","11.6","18.0","1.11","0.0","6","110","14.8","10.4375","78.625","1020.4","12.6761","872.5","869.1"
"40766","2014-04-28 00:00:00","1393-02-08 00:00:00","6.9","25.8","3.0","7.2","8","360","16.4","8.525","68.375","1020.79","8.94115","872.6","869.7"
"40766","2014-04-29 00:00:00","1393-02-09 00:00:00","11.8","25.3","5.01","8.3","8","100","18.5","10.6625","65.375","1019.53","12.8659","873.0","868.7"
"40766","2014-04-30 00:00:00","1393-02-10 00:00:00","9.4","26.8","0.0","7.3","6","240","18.1","7.1","54.875","1017.8","10.2878","869.9","868.2"
"40766","2014-05-01 00:00:00","1393-02-11 00:00:00","6.2","26.9","0.1","8.7","7","270","16.5","3.025","44.0","1018.18","7.6729","869.8","868.8"
"40766","2014-05-02 00:00:00","1393-02-12 00:00:00","7.6","26.7","0.0","11.7","7","290","17.1","1.8625","40.875","1017.65","7.16579","869.6","867.8"
"40766","2014-05-03 00:00:00","1393-02-13 00:00:00","7.1","27.7","0.0","12.0","8","260","17.4","-0.6625","33.375","1017.13","5.93496","869.8","866.9"
"40766","2014-05-04 00:00:00","1393-02-14 00:00:00","6.7","25.5","0.0","11.5","7","280","16.1","-1.975","34.0","1017.01","5.4512","869.1","867.1"
"40766","2014-05-05 00:00:00","1393-02-15 00:00:00","5.2","28.0","0.0","12.3","4","190","16.6","0.7625","36.375","1018.34","6.49449","870.2","868.5"
"40766","2014-05-06 00:00:00","1393-02-16 00:00:00","8.1","30.2","0.0","11.6","5","230","19.2","0.1","33.375","1018.38","6.25086","870.7","867.9"
"40766","2014-05-07 00:00:00","1393-02-17 00:00:00","7.9","30.7","0.0","10.6","4","230","19.3","0.7125","31.875","1017.23","6.54048","869.5","867.6"
"40766","2014-05-08 00:00:00","1393-02-18 00:00:00","10.3","31.2","0.0","7.2","4","140","20.8","3.3125","31.75","1018.61","7.78431","870.4","868.4"
"40766","2014-05-09 00:00:00","1393-02-19 00:00:00","11.2","30.0","0.9","4.2","6","120","20.6","6.925","41.625","1020.01","10.0257","871.1","870.3"
"40766","2014-05-10 00:00:00","1393-02-20 00:00:00","15.3","27.2","0.0","2.2","7","290","21.3","9.4375","52.25","1017.53","11.8263","869.6","867.5"
"40766","2014-05-11 00:00:00","1393-02-21 00:00:00","9.5","28.8","0.01","9.9","6","280","19.1","5.525","45.625","1016.2","9.33581","868.9","866.1"
"40766","2014-05-12 00:00:00","1393-02-22 00:00:00","8.7","30.0","0.0","8.6","7","290","19.4","2.7375","38.875","1016.8","7.62282","869.1","866.8"
"40766","2014-05-13 00:00:00","1393-02-23 00:00:00","13.4","29.4","0.1","6.3","8","170","21.4","2.1125","37.75","1014.87","7.28884","867.3","865.3"
"40766","2014-05-14 00:00:00","1393-02-24 00:00:00","6.2","24.8","0.0","11.7","6","290","15.5","2.1375","43.75","1014.33","7.24115","866.7","864.5"
"40766","2014-05-15 00:00:00","1393-02-25 00:00:00","7.3","25.5","0.0","12.1","6","20","16.4","1.55","39.0","1013.82","6.90988","866.6","864.3"
"40766","2014-05-16 00:00:00","1393-02-26 00:00:00","7.7","27.5","0.0","11.5","6","120","17.6","2.6125","39.25","1015.65","7.41187","868.0","865.7"
"40766","2014-05-17 00:00:00","1393-02-27 00:00:00","10.0","30.5","0.0","9.4","4","310","20.3","1.7","33.0","1017.18","7.05774","869.7","867.2"
"40766","2014-05-18 00:00:00","1393-02-28 00:00:00","9.3","29.5","0.0","12.0","9","230","19.4","1.0625","32.625","1017.8","6.87333","870.3","867.4"
"40766","2014-05-19 00:00:00","1393-02-29 00:00:00","8.0","28.9","0.0","4.1","9","250","18.5","-1.6625","24.875","1017.61","5.46293","869.6","866.8"
"40766","2014-05-20 00:00:00","1393-02-30 00:00:00","17.1","24.0","0.0","1.3","7","160","20.5","0.5","28.25","1015.66","6.40507","868.0","866.2"
"40766","2014-05-21 00:00:00","1393-02-31 00:00:00","13.2","25.7","0.0","1.9","5","240","19.5","-2.4375","25.625","1016.83","5.16635","869.5","867.0"
"40766","2014-05-22 00:00:00","1393-03-01 00:00:00","7.5","25.6","0.2","4.6","8","290","16.5","4.25","41.875","1019.4","8.47976","870.9","869.4"
"40766","2014-05-23 00:00:00","1393-03-02 00:00:00","11.4","28.9","0.0","4.4","5","90","20.1","6.35","40.5","1018.69","9.62634","871.0","869.0"
"40766","2014-05-24 00:00:00","1393-03-03 00:00:00","14.5","","3.2","6.5","7","140","","7.0","43.7143","1018.92","10.2435","870.5","869.2"
"40766","2014-05-25 00:00:00","1393-03-04 00:00:00","14.7","32.7","1.0","11.6","9","230","23.7","0.425","30.375","1018.25","6.61617","870.3","868.3"
"40766","2014-05-26 00:00:00","1393-03-05 00:00:00","8.6","31.6","0.0","12.9","8","260","20.1","-2.775","21.25","1018.49","5.05369","870.9","867.7"
"40766","2014-05-27 00:00:00","1393-03-06 00:00:00","11.3","31.4","3.1","7.8","7","160","21.4","3.4125","41.75","1015.74","8.19988","868.7","865.1"
"40766","2014-05-28 00:00:00","1393-03-07 00:00:00","11.2","28.6","0.0","12.6","7","260","19.9","2.875","33.25","1016.15","7.6583","868.6","866.4"
"40766","2014-05-29 00:00:00","1393-03-08 00:00:00","10.4","30.0","0.0","8.2","6","320","20.2","2.4875","35.0","1017.65","7.35685","869.4","868.2"
"40766","2014-05-30 00:00:00","1393-03-09 00:00:00","10.6","34.0","0.0","10.4","7","220","22.3","0.8125","26.25","1016.22","6.62662","868.7","866.4"
"40766","2014-05-31 00:00:00","1393-03-10 00:00:00","12.0","35.0","0.0","12.2","6","290","23.5","-1.4875","21.25","1015.27","5.59075","867.8","865.6"
"40766","2014-06-01 00:00:00","1393-03-11 00:00:00","11.8","34.9","0.0","10.6","8","290","23.4","-1.625","20.0","1015.14","5.5343","867.8","865.2"
"40766","2014-06-02 00:00:00","1393-03-12 00:00:00","16.2","32.2","0.0","5.9","7","250","24.2","1.4125","23.375","1015.59","6.83121","869.7","865.9"
"40766","2014-06-03 00:00:00","1393-03-13 00:00:00","16.1","31.2","0.0","9.2","8","310","23.7","-0.75","23.625","1014.07","6.02998","866.2","865.1"
"40766","2014-06-04 00:00:00","1393-03-14 00:00:00","12.3","26.7","0.0","11.3","6","290","19.5","0.8875","29.25","1015.18","7.747","867.2","866.1"
"40766","2014-06-05 00:00:00","1393-03-15 00:00:00","9.6","28.3","0.0","7.3","6","280","19.0","2.9625","32.75","1015.81","7.55776","868.6","866.0"
"40766","2014-06-06 00:00:00","1393-03-16 00:00:00","10.3","33.9","0.0","6.2","8","260","22.1","1.1625","26.25","1014.46","6.68037","866.6","865.4"
"40766","2014-06-07 00:00:00","1393-03-17 00:00:00","14.4","35.4","0.0","10.2","10","260","24.9","-0.7125","21.375","1014.91","5.9929","867.4","865.6"
"40766","2014-06-08 00:00:00","1393-03-18 00:00:00","15.8","35.5","0.01","4.2","9","270","25.6","-1.5125","18.625","1015.93","5.56459","868.0","866.6"
"40766","2014-06-09 00:00:00","1393-03-19 00:00:00","15.8","36.5","0.0","10.0","8","290","26.1","-1.1375","17.875","1016.72","5.64781","868.8","867.3"
"40766","2014-06-10 00:00:00","1393-03-20 00:00:00","15.7","36.7","0.0","7.7","7","270","26.2","-1.525","17.25","1016.25","5.2511","868.5","866.6"
"40766","2014-06-11 00:00:00","1393-03-21 00:00:00","15.1","36.7","0.0","6.7","8","280","25.9","-0.9125","18.875","1013.33","5.76564","867.3","863.0"
"40766","2014-06-12 00:00:00","1393-03-22 00:00:00","14.2","30.5","0.0","12.0","7","260","22.4","-0.142857","25.4286","1009.77","6.10784","863.3","860.3"
"40766","2014-06-13 00:00:00","1393-03-23 00:00:00","12.1","28.6","0.0","10.0","6","270","20.4","2.075","30.0","1010.08","7.13198","863.6","861.1"
"40766","2014-06-14 00:00:00","1393-03-24 00:00:00","11.7","30.3","0.0","12.3","6","290","21.0","-1.4375","21.125","1013.59","5.57306","866.4","864.0"
"40766","2014-06-15 00:00:00","1393-03-25 00:00:00","10.7","33.2","0.0","12.5","7","290","22.0","-1.425","20.625","1014.66","5.56314","867.4","864.7"
"40766","2014-06-16 00:00:00","1393-03-26 00:00:00","14.0","34.7","0.0","12.7","8","290","24.4","-6.15","15.25","1013.49","4.19989","866.2","864.1"
"40766","2014-06-17 00:00:00","1393-03-27 00:00:00","13.1","36.4","0.0","12.2","5","290","24.8","-4.8125","15.25","1012.34","4.45982","865.7","862.4"
"40766","2014-06-18 00:00:00","1393-03-28 00:00:00","13.7","36.6","0.0","12.0","5","200","25.1","-8.2375","12.5","1010.66","3.46438","863.9","861.3"
"40766","2014-06-19 00:00:00","1393-03-29 00:00:00","14.6","37.0","0.0","11.7","6","120","25.8","-3.2375","16.5","1009.54","4.8773","862.9","860.3"
"40766","2014-06-20 00:00:00","1393-03-30 00:00:00","15.8","38.9","0.0","10.8","4","190","27.4","-4.0875","12.875","1010.43","4.65382","863.5","861.5"
"40766","2014-06-21 00:00:00","1393-03-31 00:00:00","16.6","39.5","0.0","9.1","7","290","28.0","-3.0875","14.25","1012.14","7.08627","865.2","862.8"
"40766","2014-06-22 00:00:00","1393-04-01 00:00:00","15.4","39.5","0.0","","7","290","27.5","-5.6","12.875","1013.94","4.16236","866.1","864.7"
"40766","2014-06-23 00:00:00","1393-04-02 00:00:00","14.7","37.8","0.0","12.2","9","300","26.3","-10.4625","10.25","1013.42","2.94459","866.0","863.9"
"40766","2014-06-24 00:00:00","1393-04-03 00:00:00","13.2","38.2","0.0","12.8","8","300","25.7","-8.3","11.25","1011.2","3.37254","864.4","861.6"
"40766","2014-06-25 00:00:00","1393-04-04 00:00:00","14.3","36.9","0.0","12.4","8","290","25.6","-4.48571","14.7143","1010.06","4.4937","863.1","861.2"
"40766","2014-06-26 00:00:00","1393-04-05 00:00:00","15.3","35.9","0.0","12.1","7","300","25.6","-6.7","11.875","1011.95","3.7904","865.8","862.7"
"40766","2014-06-27 00:00:00","1393-04-06 00:00:00","14.9","37.4","0.0","12.6","5","110","26.2","-4.1","13.25","1013.99","4.57437","866.4","864.6"
"40766","2014-06-28 00:00:00","1393-04-07 00:00:00","15.6","39.1","0.0","8.8","6","200","27.3","-5.0125","11.375","1014.84","4.28348","867.8","865.1"
"40766","2014-06-29 00:00:00","1393-04-08 00:00:00","19.6","39.0","0.0","9.5","6","210","29.3","-4.275","12.0","1013.66","4.5464","866.1","864.0"
"40766","2014-06-30 00:00:00","1393-04-09 00:00:00","17.6","39.8","0.0","9.7","7","290","28.7","-4.0625","12.25","1013.9","4.53455","866.4","864.2"
"40766","2014-07-01 00:00:00","1393-04-10 00:00:00","18.3","39.6","0.0","11.7","8","290","28.9","-0.5875","15.875","1013.94","6.23071","866.6","864.0"
"40766","2014-07-02 00:00:00","1393-04-11 00:00:00","19.7","41.0","0.0","10.7","6","220","30.4","6.525","23.625","1012.41","10.2367","865.8","862.7"
"40766","2014-07-03 00:00:00","1393-04-12 00:00:00","20.5","40.5","0.0","9.5","6","200","30.5","4.525","21.25","1009.71","8.72742","863.5","859.7"
"40766","2014-07-04 00:00:00","1393-04-13 00:00:00","20.9","38.2","0.0","9.5","8","110","29.5","3.0625","24.75","1008.77","8.60323","861.9","859.5"
"40766","2014-07-05 00:00:00","1393-04-14 00:00:00","19.1","37.8","0.0","7.2","6","250","28.5","-0.0875","18.375","1012.12","6.52818","864.8","862.2"
"40766","2014-07-06 00:00:00","1393-04-15 00:00:00","19.6","37.7","0.0","10.5","5","270","28.7","-2.125","14.25","1014.0","6.97842","866.3","864.8"
"40766","2014-07-07 00:00:00","1393-04-16 00:00:00","16.2","38.0","0.0","10.1","5","280","27.1","-2.8125","14.125","1013.38","4.98139","866.4","863.6"
"40766","2014-07-08 00:00:00","1393-04-17 00:00:00","17.0","36.5","0.0","12.3","7","300","26.8","-4.8625","13.0","1011.64","6.11185","864.4","862.3"
"40766","2014-07-09 00:00:00","1393-04-18 00:00:00","13.7","35.9","0.0","12.7","8","290","24.8","-2.2375","16.375","1011.02","6.13562","863.7","861.5"
"40766","2014-07-10 00:00:00","1393-04-19 00:00:00","14.4","36.3","0.0","12.3","6","310","25.3","-5.6625","15.375","1011.29","5.80857","864.6","862.1"
"40766","2014-07-11 00:00:00","1393-04-20 00:00:00","15.8","38.4","0.0","12.2","6","280","27.1","-4.3625","13.0","1011.93","6.31517","864.6","862.9"
"40766","2014-07-12 00:00:00","1393-04-21 00:00:00","18.1","41.5","0.0","11.3","7","90","29.8","-2.6375","12.5","1012.05","6.48425","865.1","862.4"
"40766","2014-07-13 00:00:00","1393-04-22 00:00:00","19.6","41.4","0.0","9.5","7","190","30.5","-1.8375","13.875","1010.72","7.32354","863.9","861.4"
"40766","2014-07-14 00:00:00","1393-04-23 00:00:00","18.8","41.3","0.0","10.2","8","170","30.0","-2.15","15.0","1009.58","7.00176","862.3","860.9"
"40766","2014-07-15 00:00:00","1393-04-24 00:00:00","17.1","40.9","0.0","10.9","6","290","29.0","0.125","18.625","1010.39","10.1402","863.3","861.6"
"40766","2014-07-16 00:00:00","1393-04-25 00:00:00","20.9","42.1","0.0","9.6","8","290","31.5","-0.5125","14.0","1011.73","5.99521","864.8","862.5"
"40766","2014-07-17 00:00:00","1393-04-26 00:00:00","20.8","41.7","0.0","11.5","7","290","31.3","-0.6125","13.75","1011.29","5.9359","864.4","862.2"
"40766","2014-07-18 00:00:00","1393-04-27 00:00:00","21.0","41.8","0.0","11.6","9","290","31.4","-2.7625","11.375","1010.01","7.03197","863.4","860.4"
"40766","2014-07-19 00:00:00","1393-04-28 00:00:00","19.1","41.2","0.0","12.0","5","280","30.2","-5.4375","11.125","1009.68","6.15179","863.4","860.5"
"40766","2014-07-20 00:00:00","1393-04-29 00:00:00","17.2","40.7","0.0","11.9","9","170","29.0","-4.8","12.125","1008.76","6.43857","862.5","859.8"
"40766","2014-07-21 00:00:00","1393-04-30 00:00:00","20.4","36.0","0.0","12.3","8","300","28.2","-1.675","16.5","1010.8","6.66721","863.5","862.1"
"40766","2014-07-22 00:00:00","1393-04-31 00:00:00","18.0","34.6","0.0","12.2","6","280","26.3","-0.925","18.625","1010.46","5.88874","863.7","862.2"
"40766","2014-07-23 00:00:00","1393-05-01 00:00:00","15.2","38.7","0.0","12.2","6","130","27.0","-1.4125","17.5","1010.19","5.64035","863.8","860.3"
"40766","2014-07-24 00:00:00","1393-05-02 00:00:00","16.7","41.5","0.0","12.0","6","210","29.1","-1.4","16.0","1009.68","5.71914","862.8","860.6"
"40766","2014-07-25 00:00:00","1393-05-03 00:00:00","17.6","42.2","0.0","11.2","7","290","29.9","0.325","16.0","1009.64","6.42347","862.4","860.6"
"40766","2014-07-26 00:00:00","1393-05-04 00:00:00","21.9","40.9","0.0","9.8","7","290","31.4","2.4125","16.75","1026.01","7.36933","864.5","862.2"
"40766","2014-07-27 00:00:00","1393-05-05 00:00:00","21.2","36.0","0.0","12.3","7","290","28.6","-2.975","14.5","1014.47","5.11971","866.9","864.8"
"40766","2014-07-28 00:00:00","1393-05-06 00:00:00","20.2","35.7","0.0","12.1","8","310","28.0","-1.575","15.8571","1011.71","5.48824","865.7","861.5"
"40766","2014-07-29 00:00:00","1393-05-07 00:00:00","15.6","37.1","0.0","12.2","5","290","26.3","1.1625","18.125","1008.78","6.71723","862.7","859.6"
"40766","2014-07-30 00:00:00","1393-05-08 00:00:00","17.8","38.0","0.0","","7","110","27.9","6.3125","26.625","1009.61","10.0511","863.0","860.8"
"40766","2014-07-31 00:00:00","1393-05-09 00:00:00","19.9","40.0","0.0","12.0","10","300","30.0","1.025","17.625","1009.79","8.2878","863.1","860.6"
"40766","2014-08-01 00:00:00","1393-05-10 00:00:00","18.4","39.8","0.0","11.9","8","210","29.1","0.3125","16.25","1010.6","6.311","863.5","861.5"
"40766","2014-08-02 00:00:00","1393-05-11 00:00:00","","40.5","0.0","12.2","5","210","","-1.7125","16.5714","1010.22","6.25855","863.1","861.2"
"40766","2014-08-03 00:00:00","1393-05-12 00:00:00","","40.1","0.0","12.0","8","290","","-0.9625","17.5","1009.14","6.05954","862.6","860.0"
"40766","2014-08-04 00:00:00","1393-05-13 00:00:00","16.9","38.1","0.0","12.0","7","290","27.5","-4.55","14.0","1007.95","4.91623","861.0","859.1"
"40766","2014-08-05 00:00:00","1393-05-14 00:00:00","15.3","38.0","0.0","12.0","6","290","26.6","-0.675","19.0","1008.13","5.98758","861.4","859.4"
"40766","2014-08-06 00:00:00","1393-05-15 00:00:00","15.8","37.5","0.0","12.3","7","300","26.6","0.5875","20.375","1009.48","6.65868","862.4","860.4"
"40766","2014-08-07 00:00:00","1393-05-16 00:00:00","15.7","37.4","0.0","12.1","7","290","26.6","1.1875","24.5","1010.85","7.81657","863.2","862.2"
"40766","2014-08-08 00:00:00","1393-05-17 00:00:00","15.3","38.7","0.0","","5","280","27.0","-2.625","16.125","1010.58","5.16727","864.2","860.8"
"40766","2014-08-09 00:00:00","1393-05-18 00:00:00","15.6","40.4","0.0","12.0","7","180","28.0","-3.4625","14.75","1010.48","5.01595","863.2","861.4"
"40766","2014-08-10 00:00:00","1393-05-19 00:00:00","15.5","41.3","0.0","11.8","7","220","28.4","-5.3","15.0","1012.62","4.65435","864.8","863.8"
"40766","2014-08-11 00:00:00","1393-05-20 00:00:00","16.6","41.3","0.0","11.4","7","300","29.0","-3.8375","14.5","1012.58","4.89466","868.2","863.1"
"40766","2014-08-12 00:00:00","1393-05-21 00:00:00","16.3","","0.0","11.5","7","170","","-6.0375","13.375","1011.56","4.3605","864.7","862.3"
"40766","2014-08-13 00:00:00","1393-05-22 00:00:00","16.4","41.1","0.0","11.5","6","250","28.8","-8.075","11.25","1012.82","3.64927","865.8","863.7"
"40766","2014-08-14 00:00:00","1393-05-23 00:00:00","16.5","41.3","0.0","11.4","5","280","28.9","-4.75","13.75","1014.58","5.82636","867.8","864.7"
"40766","2014-08-15 00:00:00","1393-05-24 00:00:00","19.8","40.0","0.0","11.1","7","110","29.9","2.9","20.875","1013.97","9.02791","868.1","863.5"
"40766","2014-08-16 00:00:00","1393-05-25 00:00:00","23.7","40.7","0.0","7.7","8","120","32.2","1.825","15.5","1010.46","7.02974","864.2","860.4"
"40766","2014-08-17 00:00:00","1393-05-26 00:00:00","24.2","38.5","0.0","6.7","7","110","31.4","4.6875","22.75","1012.91","8.67557","867.5","862.0"
"40766","2014-08-18 00:00:00","1393-05-27 00:00:00","16.2","37.5","0.0","10.6","6","290","26.9","3.7125","25.625","1016.22","8.1774","868.6","866.1"
"40766","2014-08-19 00:00:00","1393-05-28 00:00:00","18.1","38.3","0.0","9.9","7","280","28.2","1.675","20.5","1019.35","8.67213","872.5","868.5"
"40766","2014-08-20 00:00:00","1393-05-29 00:00:00","19.1","38.9","0.0","10.4","8","280","29.0","1.725","18.0","1019.87","6.9928","872.7","869.2"
"40766","2014-08-21 00:00:00","1393-05-30 00:00:00","17.5","38.7","0.0","11.1","9","290","28.1","-9.325","12.5","1016.76","3.9747","869.8","866.4"
"40766","2014-08-22 00:00:00","1393-05-31 00:00:00","15.5","37.6","0.0","11.4","7","290","26.5","-7.1125","11.875","1013.67","4.64451","866.0","863.6"
"40766","2014-08-23 00:00:00","1393-06-01 00:00:00","18.2","40.0","0.0","11.4","7","170","29.1","-6.0625","16.625","1013.48","5.91108","865.6","863.8"
"40766","2014-08-24 00:00:00","1393-06-02 00:00:00","15.0","36.8","0.0","11.5","8","250","25.9","-7.4375","11.5","1015.83","3.59327","868.7","866.4"
"40766","2014-08-25 00:00:00","1393-06-03 00:00:00","14.0","37.1","0.0","11.4","9","330","25.5","-6.275","13.25","1018.24","3.91021","870.2","868.4"
"40766","2014-08-26 00:00:00","1393-06-04 00:00:00","14.3","38.5","0.0","11.4","8","300","26.4","-8.9125","10.375","1017.36","3.29135","869.4","867.6"
"40766","2014-08-27 00:00:00","1393-06-05 00:00:00","16.5","39.0","0.0","10.2","5","300","27.8","-7.8","13.625","1016.5","5.33265","866.4","866.4"
"40766","2014-08-28 00:00:00","1393-06-06 00:00:00","20.1","38.5","0.0","10.4","5","280","29.3","-3.6125","19.5","1015.0","6.98458","866.2","865.6"
"40766","2014-08-29 00:00:00","1393-06-07 00:00:00","20.0","39.0","0.0","10.0","4","290","29.5","-3.4625","12.625","1014.91","4.7919","867.8","865.0"
"40766","2014-08-30 00:00:00","1393-06-08 00:00:00","16.0","39.0","0.0","10.4","7","250","27.5","-5.0","12.125","1014.68","4.27578","866.8","864.8"
"40766","2014-08-31 00:00:00","1393-06-09 00:00:00","16.2","38.3","0.0","10.4","6","230","27.3","1.175","20.875","1013.92","7.34997","866.9","864.2"
"40766","2014-09-01 00:00:00","1393-06-10 00:00:00","16.6","","0.0","9.5","5","260","","1.875","19.875","1013.19","7.03267","866.6","863.6"
"40766","2014-09-02 00:00:00","1393-06-11 00:00:00","17.7","39.1","0.0","8.4","7","110","28.4","-2.45","15.0","1014.17","5.30627","865.9","864.9"
"40766","2014-09-03 00:00:00","1393-06-12 00:00:00","16.9","38.4","0.0","10.8","7","290","27.7","-6.0125","11.375","1015.58","3.94922","868.3","865.5"
"40766","2014-09-04 00:00:00","1393-06-13 00:00:00","16.1","37.8","0.0","11.2","8","280","27.0","-9.6125","10.125","1014.71","3.13694","868.0","866.7"
"40766","2014-09-05 00:00:00","1393-06-14 00:00:00","12.0","34.1","0.0","11.1","6","290","23.0","-8.275","13.75","1011.71","3.82171","864.7","862.1"
"40766","2014-09-06 00:00:00","1393-06-15 00:00:00","14.2","34.6","0.0","11.0","6","270","24.4","-2.0625","18.875","1013.28","5.36553","866.4","863.7"
"40766","2014-09-07 00:00:00","1393-06-16 00:00:00","15.3","33.8","0.0","11.3","9","290","24.5","-2.65","16.875","1015.37","5.11095","867.6","865.9"
"40766","2014-09-08 00:00:00","1393-06-17 00:00:00","14.0","33.8","0.0","11.1","7","290","23.9","-2.12649","18.0","1016.63","5.26037","869.2","867.1"
"40766","2014-09-09 00:00:00","1393-06-18 00:00:00","11.9","33.1","0.0","11.2","8","290","22.5","-2.2","20.125","1016.22","5.26197","867.8","866.0"
"40766","2014-09-10 00:00:00","1393-06-19 00:00:00","11.2","33.1","0.0","11.0","7","290","22.1","-6.625","17.75","1016.03","4.22102","868.3","866.1"
"40766","2014-09-11 00:00:00","1393-06-20 00:00:00","10.5","34.7","0.0","11.2","7","280","22.6","-6.525","15.25","1015.98","3.8086","868.2","866.0"
"40766","2014-09-12 00:00:00","1393-06-21 00:00:00","12.5","36.4","0.0","10.8","7","190","24.5","-9.5875","12.75","1015.92","3.16809","868.5","865.8"
"40766","2014-09-13 00:00:00","1393-06-22 00:00:00","12.2","35.8","0.0","10.8","7","200","24.0","-10.0143","11.4286","1015.59","3.04014","868.4","865.6"
"40766","2014-09-14 00:00:00","1393-06-23 00:00:00","11.8","34.7","0.0","10.6","8","290","23.3","-5.7","15.0","1014.97","4.10164","867.3","865.5"
"40766","2014-09-15 00:00:00","1393-06-24 00:00:00","13.0","33.2","0.0","11.0","6","300","23.1","-5.0875","18.0","1014.74","4.41949","868.0","865.2"
"40766","2014-09-16 00:00:00","1393-06-25 00:00:00","11.5","32.3","0.0","10.8","6","280","21.9","-3.6125","18.375","1014.43","4.82926","867.2","864.7"
"40766","2014-09-17 00:00:00","1393-06-26 00:00:00","13.7","32.5","0.0","10.3","6","290","23.1","0.6625","23.875","1015.27","6.46815","867.6","865.3"
"40766","2014-09-18 00:00:00","1393-06-27 00:00:00","11.3","33.0","0.0","10.8","5","290","22.1","-3.3875","20.375","1017.82","4.97021","870.2","867.7"
"40766","2014-09-19 00:00:00","1393-06-28 00:00:00","11.4","33.6","0.0","10.5","6","320","22.5","-7.94286","14.1429","1019.5","3.51577","872.1","869.1"
"40766","2014-09-20 00:00:00","1393-06-29 00:00:00","10.7","33.4","0.0","10.8","5","250","22.1","-8.825","13.0","1016.79","3.20422","870.2","866.1"
"40766","2014-09-21 00:00:00","1393-06-30 00:00:00","11.7","33.7","0.0","10.5","8","230","22.7","-3.61429","17.4286","1015.23","4.81873","868.0","865.2"
"40766","2014-09-22 00:00:00","1393-06-31 00:00:00","13.8","30.3","0.0","10.5","6","290","22.0","-3.8125","20.5","1016.49","4.74178","868.7","867.1"
"40766","2014-09-23 00:00:00","1393-07-01 00:00:00","9.9","30.6","0.0","10.8","7","270","20.3","-2.175","22.125","1017.77","5.2399","870.1","868.0"
"40766","2014-09-24 00:00:00","1393-07-02 00:00:00","9.1","30.9","0.0","10.8","7","290","20.0","-0.8375","25.125","1018.04","5.83791","870.4","867.8"
"40766","2014-09-25 00:00:00","1393-07-03 00:00:00","14.0","29.9","0.0","9.7","7","290","22.0","2.4625","30.0","1016.94","7.33699","869.7","866.7"
"40766","2014-09-26 00:00:00","1393-07-04 00:00:00","12.6","30.3","0.0","9.0","7","250","21.5","4.18536","35.125","1016.33","8.31111","868.6","866.5"
"40766","2014-09-27 00:00:00","1393-07-05 00:00:00","11.3","30.7","0.0","10.0","7","240","21.0","2.9","33.5","1018.55","7.63197","870.5","868.8"
"40766","2014-09-28 00:00:00","1393-07-06 00:00:00","10.2","31.3","0.0","10.5","4","240","20.8","-0.1","26.875","1019.23","6.12158","872.0","870.5"
"40766","2014-09-29 00:00:00","1393-07-07 00:00:00","10.9","32.1","0.0","10.0","7","240","21.5","-1.525","20.625","1020.43","5.47323","872.6","870.7"
"40766","2014-09-30 00:00:00","1393-07-08 00:00:00","14.1","32.6","0.0","9.2","8","260","23.3","-1.2375","21.75","1019.89","5.62442","871.5","869.8"
"40766","2014-10-01 00:00:00","1393-07-09 00:00:00","11.5","31.9","0.0","9.2","7","290","21.7","-1.8375","23.875","1020.52","5.43479","872.5","870.7"
"40766","2014-10-02 00:00:00","1393-07-10 00:00:00","11.6","32.1","0.0","9.1","6","210","21.8","-4.97143","18.1429","1020.51","4.38931","872.6","870.0"
"40766","2014-10-03 00:00:00","1393-07-11 00:00:00","18.1","31.4","0.0","7.0","8","230","24.8","3.7125","29.0","1019.33","8.2361","871.3","868.7"
"40766","2014-10-04 00:00:00","1393-07-12 00:00:00","13.7","28.0","0.0","9.6","7","280","20.9","-1.125","28.0","1020.51","5.76997","872.4","870.1"
"40766","2014-10-05 00:00:00","1393-07-13 00:00:00","7.4","28.1","0.0","8.9","6","280","17.8","-2.15","25.75","1023.04","5.26901","874.6","872.4"
"40766","2014-10-06 00:00:00","1393-07-14 00:00:00","9.1","30.8","0.0","9.4","7","260","20.0","-1.6875","24.125","1023.42","5.43534","875.9","872.6"
"40766","2014-10-07 00:00:00","1393-07-15 00:00:00","9.2","28.7","0.0","10.6","7","290","19.0","-4.675","23.625","1021.49","4.29928","874.0","870.6"
"40766","2014-10-08 00:00:00","1393-07-16 00:00:00","6.9","27.8","0.0","10.2","7","120","17.4","-5.1875","23.5","1020.33","4.2741","872.8","869.8"
"40766","2014-10-09 00:00:00","1393-07-17 00:00:00","9.2","29.2","0.0","7.8","6","280","19.2","-3.7375","23.75","1020.89","4.74677","872.3","870.9"
"40766","2014-10-10 00:00:00","1393-07-18 00:00:00","7.8","27.2","0.0","7.7","5","290","17.5","-4.4","22.875","1022.91","4.45547","875.5","873.5"
"40766","2014-10-11 00:00:00","1393-07-19 00:00:00","7.1","28.1","0.0","7.8","5","290","17.6","-2.7875","25.75","1023.07","4.96487","875.3","872.3"
"40766","2014-10-12 00:00:00","1393-07-20 00:00:00","9.7","27.9","0.0","7.2","7","280","18.8","-0.8","25.625","1022.36","5.90559","873.9","872.0"
"40766","2014-10-13 00:00:00","1393-07-21 00:00:00","15.9","25.4","0.3","6.5","5","290","20.6","4.25","41.0","1021.69","8.58965","873.6","871.1"
"40766","2014-10-14 00:00:00","1393-07-22 00:00:00","5.8","26.7","0.0","7.9","5","290","16.3","0.4625","33.375","1021.55","6.39632","873.3","871.2"
"40766","2014-10-15 00:00:00","1393-07-23 00:00:00","14.4","23.5","4.0","2.4","10","180","19.0","10.0429","69.0","1024.2","12.319","875.2","873.4"
"40766","2014-10-16 00:00:00","1393-07-24 00:00:00","10.3","19.4","3.7","2.3","6","220","14.9","10.5","77.875","1023.76","12.8869","875.5","872.6"
"40766","2014-10-17 00:00:00","1393-07-25 00:00:00","11.9","17.7","16.6","3.2","12","300","14.8","9.2625","78.25","1020.4","11.7851","872.6","870.0"
"40766","2014-10-18 00:00:00","1393-07-26 00:00:00","6.3","17.2","0.01","3.2","4","290","11.8","7.225","72.25","1019.26","10.2136","870.9","869.3"
"40766","2014-10-19 00:00:00","1393-07-27 00:00:00","11.0","21.5","0.0","4.5","6","190","16.3","6.4375","54.125","1016.84","9.67668","869.3","866.9"
"40766","2014-10-20 00:00:00","1393-07-28 00:00:00","13.9","22.9","1.3","2.1","12","130","18.4","7.0625","51.25","1014.7","10.0929","866.5","865.4"
"40766","2014-10-21 00:00:00","1393-07-29 00:00:00","8.4","","33.0","5.8","7","100","","4.4125","66.0","1013.7","8.41473","871.7","867.5"
"40766","2014-10-22 00:00:00","1393-07-30 00:00:00","3.2","17.5","0.0","10.1","4","290","10.4","3.3375","65.875","1023.32","7.81237","875.1","872.2"
"40766","2014-10-23 00:00:00","1393-08-01 00:00:00","3.7","21.1","0.0","10.0","3","110","12.4","4.4","66.125","1023.51","8.37979","875.6","872.4"
"40766","2014-10-24 00:00:00","1393-08-02 00:00:00","4.8","23.5","0.0","10.0","4","310","14.1","3.6125","56.0","1021.65","8.00379","872.8","871.7"
"40766","2014-10-25 00:00:00","1393-08-03 00:00:00","4.1","22.8","0.0","10.1","4","330","13.4","0.94194","48.25","1020.4","6.64617","873.1","869.8"
"40766","2014-10-26 00:00:00","1393-08-04 00:00:00","4.0","23.6","0.0","10.1","3","270","13.8","0.125","47.125","1021.25","6.26963","873.0","870.4"
"40766","2014-10-27 00:00:00","1393-08-05 00:00:00","3.4","22.6","0.0","10.0","3","110","13.0","-2.9625","41.875","1023.18","5.12365","875.0","872.7"
"40766","2014-10-28 00:00:00","1393-08-06 00:00:00","5.2","22.5","1.0","7.4","5","140","13.9","3.5125","54.5","1022.83","8.00582","874.1","872.4"
"40766","2014-10-29 00:00:00","1393-08-07 00:00:00","6.2","18.6","0.11","3.4","5","150","12.4","5.6875","64.5","1022.32","9.36208","873.0","872.3"
"40766","2014-10-30 00:00:00","1393-08-08 00:00:00","5.8","19.3","0.0","4.7","6","150","12.5","4.8","62.5","1020.62","8.62164","873.2","869.5"
"40766","2014-10-31 00:00:00","1393-08-09 00:00:00","8.7","17.7","0.0","3.5","5","30","13.2","5.475","62.125","1016.72","9.04714","869.6","866.2"
"40766","2014-11-01 00:00:00","1393-08-10 00:00:00","9.9","15.8","5.0","2.0","5","290","12.9","7.0875","73.0","1015.85","10.1193","868.7","866.0"
"40766","2014-11-02 00:00:00","1393-08-11 00:00:00","7.8","16.3","4.1","6.5","7","250","12.0","4.8375","66.875","1017.95","9.21205","870.0","868.0"
"40766","2014-11-03 00:00:00","1393-08-12 00:00:00","8.4","15.0","5.9","1.9","6","230","11.7","6.7375","73.5","1017.82","9.85444","869.7","868.1"
"40766","2014-11-04 00:00:00","1393-08-13 00:00:00","8.6","15.3","9.1","4.2","10","280","12.0","3.5875","68.0","1015.92","8.05484","868.4","866.2"
"40766","2014-11-05 00:00:00","1393-08-14 00:00:00","-0.4","10.7","0.0","7.7","5","300","5.2","-3.4625","60.375","1021.52","4.63681","876.6","867.3"
"40766","2014-11-06 00:00:00","1393-08-15 00:00:00","-2.1","12.4","0.0","10.0","7","110","5.1","-6.2","51.0","1025.48","3.87964","877.0","874.0"
"40766","2014-11-07 00:00:00","1393-08-16 00:00:00","2.7","15.7","0.0","10.0","7","100","9.2","-8.2","33.25","1026.83","3.334","878.2","876.1"
"40766","2014-11-08 00:00:00","1393-08-17 00:00:00","-2.4","16.7","0.0","10.0","5","120","7.2","-5.7","45.125","1028.87","4.04716","879.9","878.1"
"40766","2014-11-09 00:00:00","1393-08-18 00:00:00","-1.5","17.2","0.0","9.7","3","300","7.9","-4.9375","49.875","1028.2","4.33042","879.2","877.2"
"40766","2014-11-10 00:00:00","1393-08-19 00:00:00","-1.4","16.8","0.0","9.8","2","110","7.7","-5.375","48.25","1026.37","4.16683","878.3","874.9"
"40766","2014-11-11 00:00:00","1393-08-20 00:00:00","-1.7","16.2","0.0","9.8","5","110","7.3","-8.175","38.875","1023.91","3.38155","876.3","872.8"
"40766","2014-11-12 00:00:00","1393-08-21 00:00:00","1.0","16.5","0.0","9.5","6","100","8.8","-8.0625","36.25","1022.6","3.40764","874.2","872.2"
"40766","2014-11-13 00:00:00","1393-08-22 00:00:00","-1.1","17.4","0.0","9.6","4","110","8.1","-7.125","39.75","1023.31","3.6214","874.8","872.6"
"40766","2014-11-14 00:00:00","1393-08-23 00:00:00","1.9","18.7","0.0","4.4","4","110","10.3","-7.875","32.0","1025.74","3.47443","877.6","875.0"
"40766","2014-11-15 00:00:00","1393-08-24 00:00:00","3.9","20.0","0.0","7.6","6","120","11.9","-6.5","31.25","1024.3","3.796","876.4","873.3"
"40766","2014-11-16 00:00:00","1393-08-25 00:00:00","1.0","20.3","0.0","8.5","6","180","10.6","-8.5625","29.375","1021.28","3.34206","873.7","870.7"
"40766","2014-11-17 00:00:00","1393-08-26 00:00:00","9.6","14.3","0.4","1.0","6","120","12.0","0.9","52.0","1021.12","6.65245","873.0","871.1"
"40766","2014-11-18 00:00:00","1393-08-27 00:00:00","7.0","13.2","7.1","4.2","4","140","10.1","4.3375","78.125","1023.08","8.3529","874.8","872.0"
"40766","2014-11-19 00:00:00","1393-08-28 00:00:00","1.1","14.3","0.0","7.7","3","100","7.7","2.7125","76.75","1025.8","7.46444","877.0","875.0"
"40766","2014-11-20 00:00:00","1393-08-29 00:00:00","0.4","15.5","0.0","7.8","4","110","7.9","0.8","67.5","1025.0","6.52513","876.7","874.2"
"40766","2014-11-21 00:00:00","1393-08-30 00:00:00","-1.4","15.5","2.0","4.5","7","110","7.1","1.375","68.125","1022.76","6.95184","875.0","871.2"
"40766","2014-11-22 00:00:00","1393-09-01 00:00:00","","15.2","7.0","0.6","7","180","","7.45","74.625","1017.23","10.3411","870.7","866.8"
"40766","2014-11-23 00:00:00","1393-09-02 00:00:00","9.1","13.5","2.4","2.0","7","280","11.3","3.62857","71.5714","1016.45","7.9331","868.5","866.5"
"40766","2014-11-24 00:00:00","1393-09-03 00:00:00","4.1","15.2","5.0","2.5","8","180","9.6","3.0375","71.75","1018.09","7.64431","870.3","868.3"
"40766","2014-11-25 00:00:00","1393-09-04 00:00:00","5.8","7.5","9.2","0.0","4","280","6.7","4.8875","90.75","1016.19","8.66637","868.6","866.5"
"40766","2014-11-26 00:00:00","1393-09-05 00:00:00","5.9","11.4","0.01","0.9","4","140","8.6","3.8875","75.25","1018.02","8.08609","869.7","867.4"
"40766","2014-11-27 00:00:00","1393-09-06 00:00:00","2.8","11.8","1.2","2.9","4","150","7.3","2.825","73.5","1019.25","7.55842","871.0","869.1"
"40766","2014-11-28 00:00:00","1393-09-07 00:00:00","4.6","11.7","10.0","4.8","5","280","8.1","1.525","71.625","1021.18","6.86968","872.7","871.0"
"40766","2014-11-29 00:00:00","1393-09-08 00:00:00","0.1","11.4","0.0","7.5","4","290","5.8","-0.15","73.25","1021.04","6.53806","872.8","870.6"
"40766","2014-11-30 00:00:00","1393-09-09 00:00:00","-1.5","11.3","0.0","7.8","2","260","4.9","-0.875","75.125","1020.81","5.75528","872.9","870.8"
"40766","2014-12-01 00:00:00","1393-09-10 00:00:00","-1.9","11.9","0.0","5.7","6","280","5.0","-1.175","65.875","1020.91","5.65361","872.4","870.6"
"40766","2014-12-02 00:00:00","1393-09-11 00:00:00","","8.0","0.1","0.0","5","290","","2.4875","72.125","1023.01","7.32272","874.8","871.6"
"40766","2014-12-03 00:00:00","1393-09-12 00:00:00","5.1","13.2","0.01","4.2","6","280","9.1","3.6125","70.25","1026.49","7.92326","877.3","875.8"
"40766","2014-12-04 00:00:00","1393-09-13 00:00:00","1.4","14.2","0.0","8.5","4","260","7.8","3.225","76.25","1027.05","7.71191","878.7","876.0"
"40766","2014-12-05 00:00:00","1393-09-14 00:00:00","-0.7","15.2","0.0","7.0","6","120","7.3","1.2375","73.5","1024.3","6.69083","876.8","873.4"
"40766","2014-12-06 00:00:00","1393-09-15 00:00:00","-0.6","15.1","0.0","7.7","3","110","7.3","0.8","71.75","1024.77","6.49722","876.0","873.5"
"40766","2014-12-07 00:00:00","1393-09-16 00:00:00","-1.2","14.2","0.0","8.7","7","100","6.5","-0.575","67.5","1026.56","5.88971","877.9","875.8"
"40766","2014-12-08 00:00:00","1393-09-17 00:00:00","-0.4","14.3","0.0","8.4","5","140","7.0","-1.6125","60.25","1027.06","5.44466","878.6","876.0"
"40766","2014-12-09 00:00:00","1393-09-18 00:00:00","-0.4","15.8","0.0","6.7","5","100","7.7","-0.5125","61.0","1026.17","5.90836","877.8","875.0"
"40766","2014-12-10 00:00:00","1393-09-19 00:00:00","0.4","14.2","0.3","0.0","6","120","7.3","1.6","73.25","1026.07","6.9655","877.4","875.6"
"40766","2014-12-11 00:00:00","1393-09-20 00:00:00","-1.4","13.8","0.0","7.5","5","300","6.2","1.0375","78.625","1025.83","6.63915","876.8","875.2"
"40766","2014-12-12 00:00:00","1393-09-21 00:00:00","-1.9","14.4","0.0","7.7","6","110","6.3","-1.2375","62.875","1026.1","5.59736","878.1","874.9"
"40766","2014-12-13 00:00:00","1393-09-22 00:00:00","-2.7","17.9","0.0","9.0","6","100","7.6","-4.1625","46.875","1024.38","4.57166","876.4","873.4"
"40766","2014-12-14 00:00:00","1393-09-23 00:00:00","","17.6","0.0","6.6","7","150","","-7.4875","26.875","1022.94","3.52208","874.3","872.6"
"40766","2014-12-15 00:00:00","1393-09-24 00:00:00","6.6","","0.5","0.1","9","100","","2.225","68.0","1023.62","7.21538","874.6","873.2"
"40766","2014-12-16 00:00:00","1393-09-25 00:00:00","","11.5","5.0","3.4","5","120","","3.775","80.625","1024.18","8.01407","875.5","873.4"
"40766","2014-12-17 00:00:00","1393-09-26 00:00:00","4.3","10.7","2.0","6.0","3","290","7.5","2.4875","80.625","1025.94","7.35415","877.2","875.2"
"40766","2014-12-18 00:00:00","1393-09-27 00:00:00","-1.8","11.2","0.0","5.5","4","100","4.7","-0.3375","76.75","1025.44","5.98205","877.2","874.4"
"40766","2014-12-19 00:00:00","1393-09-28 00:00:00","1.0","9.7","0.0","0.0","6","100","5.3","-1.5625","62.375","1024.01","5.64566","875.4","873.3"
"40766","2014-12-20 00:00:00","1393-09-29 00:00:00","","12.7","0.8","0.0","6","100","","1.975","64.5","1020.38","7.08888","873.8","869.2"
"40766","2014-12-21 00:00:00","1393-09-30 00:00:00","5.7","12.1","0.21","6.0","5","300","8.9","1.7625","73.0","1017.3","6.9899","869.5","867.5"
"40766","2014-12-22 00:00:00","1393-10-01 00:00:00","-3.0","10.9","0.0","8.0","3","320","3.9","-1.375","75.0","1018.09","5.57731","870.4","868.0"
"40766","2014-12-23 00:00:00","1393-10-02 00:00:00","-3.9","8.3","2.7","2.6","7","190","2.2","-1.2125","78.125","1016.96","5.6585","869.9","867.3"
"40766","2014-12-24 00:00:00","1393-10-03 00:00:00","1.7","8.1","0.0","6.8","3","290","4.9","-3.4","63.5","1024.02","4.7863","877.3","870.7"
"40766","2014-12-25 00:00:00","1393-10-04 00:00:00","-4.2","10.1","0.0","7.8","4","110","3.0","-3.0125","72.625","1027.33","4.90571","878.3","876.5"
"40766","2014-12-26 00:00:00","1393-10-05 00:00:00","-4.3","12.5","0.0","7.6","3","120","4.1","-3.05","71.25","1026.35","4.91832","878.3","875.3"
"40766","2014-12-27 00:00:00","1393-10-06 00:00:00","-2.2","7.2","1.5","0.0","4","70","2.5","1.8125","85.0","1024.42","6.99706","875.8","873.9"
"40766","2014-12-28 00:00:00","1393-10-07 00:00:00","","14.3","2.0","2.4","3","290","","1.85","67.5","1022.2","7.02112","874.1","871.5"
"40766","2014-12-29 00:00:00","1393-10-08 00:00:00","0.9","12.3","0.0","8.5","3","270","6.6","-0.7","67.25","1022.88","5.82673","874.7","872.7"
"40766","2014-12-30 00:00:00","1393-10-09 00:00:00","-3.0","11.8","0.0","8.0","4","270","4.4","-2.05","71.125","1020.92","5.27333","873.3","870.2"
"40766","2014-12-31 00:00:00","1393-10-10 00:00:00","-3.7","12.7","0.0","8.7","4","120","4.5","-3.8","67.25","1021.85","4.6388","873.5","871.2"
"40766","2015-01-01 00:00:00","1393-10-11 00:00:00","-5.2","10.3","0.0","3.9","6","290","2.6","-2.0875","70.375","1024.32","5.29476","875.6","873.7"
"40766","2015-01-02 00:00:00","1393-10-12 00:00:00","-3.6","15.4","0.01","5.2","4","100","5.9","-3.4125","52.5","1021.68","4.9365","874.2","870.9"
"40766","2015-01-03 00:00:00","1393-10-13 00:00:00","0.8","13.6","0.0","7.4","5","190","7.2","-1.8","60.125","1019.22","5.37831","871.9","868.7"
"40766","2015-01-04 00:00:00","1393-10-14 00:00:00","3.0","10.7","0.0","3.7","7","290","6.8","-1.925","61.875","1016.89","5.33799","869.5","867.0"
"40766","2015-01-05 00:00:00","1393-10-15 00:00:00","-2.6","11.9","0.0","8.5","5","180","4.6","-5.0375","58.0","1019.63","4.28753","871.5","869.7"
"40766","2015-01-06 00:00:00","1393-10-16 00:00:00","-0.2","14.5","0.0","5.0","8","150","7.2","-2.95","49.625","1020.17","4.94868","872.7","870.0"
"40766","2015-01-07 00:00:00","1393-10-17 00:00:00","1.8","15.1","0.0","4.7","9","170","8.4","-0.175","48.375","1014.84","6.15826","869.6","864.1"
"40766","2015-01-08 00:00:00","1393-10-18 00:00:00","0.6","9.7","0.9","3.1","8","230","5.2","-5.5125","63.375","1015.52","4.12327","870.3","864.6"
"40766","2015-01-09 00:00:00","1393-10-19 00:00:00","-6.0","3.7","0.0","6.2","4","270","-1.1","-7.5625","65.25","1018.0","3.47798","871.0","867.6"
"40766","2015-01-10 00:00:00","1393-10-20 00:00:00","-5.5","2.8","2.2","0.0","5","140","-1.4","-4.225","77.375","1016.47","4.50875","870.0","866.5"
"40766","2015-01-11 00:00:00","1393-10-21 00:00:00","-2.0","5.4","0.01","2.9","4","290","1.7","-5.5875","64.625","1021.38","4.0617","874.7","869.9"
"40766","2015-01-12 00:00:00","1393-10-22 00:00:00","-7.7","7.7","0.0","8.5","3","270","0.0","-8.0875","62.0","1027.43","3.34061","879.0","875.6"
"40766","2015-01-13 00:00:00","1393-10-23 00:00:00","-7.2","11.2","0.0","8.4","3","140","2.0","-7.5","57.625","1028.07","3.50225","879.1","876.8"
"40766","2015-01-14 00:00:00","1393-10-24 00:00:00","-6.6","13.4","0.0","8.6","4","100","3.4","-6.8","54.75","1026.19","3.70594","878.6","874.6"
"40766","2015-01-15 00:00:00","1393-10-25 00:00:00","-5.2","15.5","3.0","7.0","18","180","5.2","-6.7375","53.625","1024.65","4.08468","874.9","870.1"
"40766","2015-01-16 00:00:00","1393-10-26 00:00:00","-6.8","12.3","0.0","6.2","6","120","2.8","-1.625","60.125","1021.02","5.54809","872.4","871.1"
"40766","2015-01-17 00:00:00","1393-10-27 00:00:00","-2.7","10.5","0.0","4.0","5","280","3.9","-3.275","65.125","1019.6","4.85606","871.5","869.2"
"40766","2015-01-18 00:00:00","1393-10-28 00:00:00","-4.3","9.9","0.0","7.5","4","100","2.8","-4.6875","64.875","1020.2","4.36728","872.0","869.5"
"40766","2015-01-19 00:00:00","1393-10-29 00:00:00","-5.4","9.3","0.0","9.4","4","110","2.0","-7.3125","55.0","1021.11","3.56541","872.7","870.9"
"40766","2015-01-20 00:00:00","1393-10-30 00:00:00","-6.2","9.7","0.0","8.2","2","230","1.8","-8.4125","51.625","1021.78","3.26981","873.2","871.6"
"40766","2015-01-21 00:00:00","1393-11-01 00:00:00","-6.3","12.4","0.0","9.7","7","290","3.0","-8.925","49.125","1024.5","3.13612","875.8","873.8"
"40766","2015-01-22 00:00:00","1393-11-02 00:00:00","-4.3","16.2","0.0","8.3","7","270","6.0","-8.9375","40.25","1023.01","3.13556","875.7","871.8"
"40766","2015-01-23 00:00:00","1393-11-03 00:00:00","-5.1","13.2","0.0","9.5","4","300","4.1","-9.9875","41.75","1022.97","2.92401","874.9","872.1"
"40766","2015-01-24 00:00:00","1393-11-04 00:00:00","-6.0","12.6","0.0","9.5","5","110","3.3","-9.35","46.375","1024.62","3.03832","876.3","874.0"
"40766","2015-01-25 00:00:00","1393-11-05 00:00:00","-7.0","14.2","0.0","8.6","3","290","3.6","-10.375","42.75","1026.48","2.83259","877.9","875.6"
"40766","2015-01-26 00:00:00","1393-11-06 00:00:00","-2.7","15.7","0.0","5.4","4","280","6.5","-11.35","33.25","1023.91","2.69336","876.8","871.7"
"40766","2015-01-27 00:00:00","1393-11-07 00:00:00","-1.7","16.9","0.0","4.0","8","150","7.6","-9.675","24.25","1020.11","3.14096","871.7","869.8"
"40766","2015-01-28 00:00:00","1393-11-08 00:00:00","3.4","12.0","0.6","0.0","8","110","7.7","-3.6125","43.625","1018.68","4.88419","871.8","867.1"
"40766","2015-01-29 00:00:00","1393-11-09 00:00:00","5.2","12.6","0.2","0.0","8","130","8.9","-0.125","51.875","1017.64","6.20778","870.2","867.2"
"40766","2015-01-30 00:00:00","1393-11-10 00:00:00","7.2","12.7","0.41","0.7","8","280","9.9","3.85","69.375","1018.27","8.15195","870.6","868.1"
"40766","2015-01-31 00:00:00","1393-11-11 00:00:00","1.0","13.7","1.0","9.8","8","290","7.3","-3.225","51.875","1021.26","4.92259","873.0","869.6"
"40766","2015-02-01 00:00:00","1393-11-12 00:00:00","-3.7","13.7","0.0","8.4","6","290","5.0","-5.0375","56.25","1022.56","4.34525","874.3","872.0"
"40766","2015-02-02 00:00:00","1393-11-13 00:00:00","-3.4","16.5","0.0","9.4","3","270","6.6","-4.3875","53.875","1021.25","4.47486","874.0","870.4"
"40766","2015-02-03 00:00:00","1393-11-14 00:00:00","-2.3","18.7","0.0","8.5","6","170","8.2","-3.6375","47.0","1020.43","4.75773","872.6","869.9"
"40766","2015-02-04 00:00:00","1393-11-15 00:00:00","2.8","18.6","0.0","9.1","7","160","10.7","-5.1125","32.625","1020.54","4.21248","871.9","870.3"
"40766","2015-02-05 00:00:00","1393-11-16 00:00:00","4.0","14.3","0.0","9.5","5","300","9.1","-6.6375","41.5","1021.92","3.95192","873.4","871.9"
"40766","2015-02-06 00:00:00","1393-11-17 00:00:00","-5.0","15.5","0.0","10.0","4","300","5.3","-10.8125","39.125","1023.59","2.86321","873.9","871.6"
"40766","2015-02-07 00:00:00","1393-11-18 00:00:00","-5.3","17.0","0.0","4.0","5","70","5.8","-7.525","42.375","1019.2","3.59172","872.5","866.8"
"40766","2015-02-08 00:00:00","1393-11-19 00:00:00","-2.8","17.2","0.01","3.0","10","180","7.2","-5.525","27.5","1011.74","4.07629","864.8","861.2"
"40766","2015-02-09 00:00:00","1393-11-20 00:00:00","7.6","17.3","0.0","4.0","10","160","12.4","0.025","43.125","1013.06","6.15523","865.7","863.8"
"40766","2015-02-10 00:00:00","1393-11-21 00:00:00","11.0","17.6","0.0","3.2","10","170","14.3","3.6625","50.5","1012.82","7.97846","865.4","863.4"
"40766","2015-02-11 00:00:00","1393-11-22 00:00:00","12.8","18.4","0.1","4.5","11","160","15.6","3.3125","50.5","1013.75","7.82294","865.9","863.3"
"40766","2015-02-12 00:00:00","1393-11-23 00:00:00","8.8","18.7","0.0","6.5","13","190","13.8","-1.025","49.375","1014.33","5.81749","869.1","863.3"
"40766","2015-02-13 00:00:00","1393-11-24 00:00:00","-4.7","14.1","0.0","7.9","5","200","4.7","-8.4375","46.375","1018.19","3.3464","871.1","867.7"
"40766","2015-02-14 00:00:00","1393-11-25 00:00:00","-0.6","12.3","0.0","8.6","5","280","5.8","-10.05","35.125","1017.55","3.02219","870.1","867.6"
"40766","2015-02-15 00:00:00","1393-11-26 00:00:00","-1.3","11.5","0.0","7.2","5","280","5.1","-9.5625","39.25","1017.84","3.05897","870.1","867.6"
"40766","2015-02-16 00:00:00","1393-11-27 00:00:00","1.9","5.4","3.1","0.0","6","120","3.7","-0.7625","78.125","1017.4","5.92889","870.2","866.9"
"40766","2015-02-17 00:00:00","1393-11-28 00:00:00","-1.4","15.4","0.0","3.1","7","220","7.0","-2.6625","59.25","1017.21","5.0977","869.4","867.6"
"40766","2015-02-18 00:00:00","1393-11-29 00:00:00","-1.0","13.8","0.0","7.3","7","300","6.4","-0.3125","57.625","1017.14","5.99548","870.0","866.9"
"40766","2015-02-19 00:00:00","1393-11-30 00:00:00","1.8","13.4","0.0","5.7","6","270","7.6","-0.05","64.75","1012.95","6.09022","866.7","862.0"
"40766","2015-02-20 00:00:00","1393-12-01 00:00:00","2.8","12.4","6.4","3.3","13","150","7.6","-0.0375","77.375","1004.63","6.16944","861.9","854.2"
"40766","2015-02-21 00:00:00","1393-12-02 00:00:00","-4.4","1.8","2.7","1.5","7","120","-1.3","-3.775","83.625","1008.61","4.66622","863.8","857.7"
"40766","2015-02-22 00:00:00","1393-12-03 00:00:00","-2.2","5.8","1.0","6.5","7","360","1.8","-4.1125","72.875","1015.62","4.54646","869.8","863.8"
"40766","2015-02-23 00:00:00","1393-12-04 00:00:00","-5.8","7.0","0.0","10.4","6","80","0.6","-6.825","61.625","1022.22","3.77469","874.2","870.6"
"40766","2015-02-24 00:00:00","1393-12-05 00:00:00","-5.8","11.0","0.0","10.1","4","110","2.6","-9.55","47.125","1021.26","3.08772","874.0","870.0"
"40766","2015-02-25 00:00:00","1393-12-06 00:00:00","-0.6","6.6","1.1","0.2","5","280","3.0","-0.175","76.75","1018.98","6.14969","870.6","869.1"
"40766","2015-02-26 00:00:00","1393-12-07 00:00:00","-0.7","12.4","0.0","4.0","5","30","5.8","-0.55","69.625","1020.5","5.90417","872.4","870.3"
"40766","2015-02-27 00:00:00","1393-12-08 00:00:00","-1.6","14.5","0.0","10.4","7","100","6.4","-7.9375","38.25","1023.21","3.39496","875.2","872.6"
"40766","2015-02-28 00:00:00","1393-12-09 00:00:00","-1.9","17.6","0.0","10.5","3","300","7.9","-5.95","41.0","1019.6","3.98025","872.8","868.1"
"40766","2015-03-01 00:00:00","1393-12-10 00:00:00","0.1","15.9","0.0","6.7","9","280","8.0","-2.2375","50.375","1016.12","5.2174","868.6","866.0"
"40766","2015-03-02 00:00:00","1393-12-11 00:00:00","-2.3","14.9","0.0","8.9","8","280","6.3","-2.925","57.5","1015.79","5.06491","869.2","865.3"
"40766","2015-03-03 00:00:00","1393-12-12 00:00:00","-2.1","12.8","0.0","6.2","7","300","5.4","-1.1875","64.75","1017.87","5.65761","870.5","867.5"
"40766","2015-03-04 00:00:00","1393-12-13 00:00:00","2.8","10.6","0.4","3.1","8","300","6.7","1.15","72.125","1016.82","6.64689","868.6","867.2"
"40766","2015-03-05 00:00:00","1393-12-14 00:00:00","2.8","12.6","0.0","8.5","8","280","7.7","-1.5125","57.5","1018.99","5.49258","872.4","868.2"
"40766","2015-03-06 00:00:00","1393-12-15 00:00:00","-4.2","13.5","0.0","10.3","4","120","4.7","-11.85","38.5","1026.59","2.67262","878.4","873.7"
"40766","2015-03-07 00:00:00","1393-12-16 00:00:00","-4.8","18.8","0.0","10.9","5","280","7.0","-11.975","31.0","1025.16","2.50695","877.4","873.3"
"40766","2015-03-08 00:00:00","1393-12-17 00:00:00","-3.1","21.2","0.0","9.0","8","290","9.1","-10.25","29.0","1023.0","2.86976","875.3","872.3"
"40766","2015-03-09 00:00:00","1393-12-18 00:00:00","3.6","19.3","0.0","8.7","7","290","11.4","-6.2875","31.375","1021.79","3.86371","873.9","870.9"
"40766","2015-03-10 00:00:00","1393-12-19 00:00:00","2.0","14.3","0.0","10.7","9","350","8.1","-14.075","26.125","1023.48","2.8056","875.1","872.5"
"40766","2015-03-11 00:00:00","1393-12-20 00:00:00","-2.4","15.9","0.0","11.0","7","120","6.8","-23.15","9.375","1024.22","0.96","876.5","872.8"
"40766","2015-03-12 00:00:00","1393-12-21 00:00:00","-0.3","20.0","0.0","8.3","7","110","9.9","-15.6875","15.875","1021.68","1.86638","874.3","870.6"
"40766","2015-03-13 00:00:00","1393-12-22 00:00:00","6.7","16.9","0.8","4.2","5","140","11.8","0.4875","51.875","1020.41","6.38296","872.0","870.2"
"40766","2015-03-14 00:00:00","1393-12-23 00:00:00","0.4","20.5","0.0","9.4","4","180","10.4","-1.9125","46.5","1020.38","5.3579","872.8","869.7"
"40766","2015-03-15 00:00:00","1393-12-24 00:00:00","1.3","19.2","0.0","4.0","12","240","10.3","-1.325","51.125","1019.17","5.61159","871.4","868.5"
"40766","2015-03-16 00:00:00","1393-12-25 00:00:00","1.1","19.1","0.0","8.8","7","250","10.1","-3.95","40.75","1018.09","4.66828","871.1","867.2"
"40766","2015-03-17 00:00:00","1393-12-26 00:00:00","6.4","17.1","0.0","2.4","8","200","11.8","-4.7875","32.25","1019.17","4.33829","871.0","869.2"
"40766","2015-03-18 00:00:00","1393-12-27 00:00:00","5.7","19.6","0.01","6.3","6","300","12.6","-2.35","40.875","1019.54","5.52089","872.3","868.3"
"40766","2015-03-19 00:00:00","1393-12-28 00:00:00","-0.1","19.8","0.0","5.7","7","160","9.8","-2.6","37.875","1017.65","5.26221","871.2","866.2"
"40766","2015-03-20 00:00:00","1393-12-29 00:00:00","8.0","18.0","10.2","7.4","8","100","13.0","3.825","58.0","1015.45","8.08567","868.5","863.6"
"40766","2015-03-21 00:00:00","1394-01-01 00:00:00","3.0","17.3","0.0","10.3","6","260","10.1","-1.875","45.0","1017.64","5.42699","870.4","867.7"
"40766","2015-03-22 00:00:00","1394-01-02 00:00:00","9.0","15.6","2.0","4.0","11","310","12.3","0.7625","62.5","1013.7","6.7746","866.6","864.1"
"40766","2015-03-23 00:00:00","1394-01-03 00:00:00","-0.5","9.9","0.4","6.2","5","300","4.7","-2.3625","63.5","1018.98","5.1606","872.2","866.1"
"40766","2015-03-24 00:00:00","1394-01-04 00:00:00","-1.4","14.5","0.0","3.5","5","190","6.6","-4.4","48.25","1021.14","4.49837","873.5","870.5"
"40766","2015-03-25 00:00:00","1394-01-05 00:00:00","0.2","16.2","0.01","4.1","7","360","8.2","1.0","61.5","1020.24","6.62006","872.8","869.6"
"40766","2015-03-26 00:00:00","1394-01-06 00:00:00","4.8","11.6","7.8","1.8","7","270","8.2","3.47596","80.75","1019.86","7.78505","873.0","868.7"
"40766","2015-03-27 00:00:00","1394-01-07 00:00:00","-0.6","16.0","0.0","10.0","4","160","7.7","1.95","68.5","1022.84","7.04834","875.1","872.0"
"40766","2015-03-28 00:00:00","1394-01-08 00:00:00","1.6","19.0","0.0","6.2","4","130","10.3","0.4875","56.125","1021.8","6.38003","873.9","871.2"
"40766","2015-03-29 00:00:00","1394-01-09 00:00:00","4.5","14.7","5.7","0.0","7","120","9.6","5.8375","80.625","1019.7","9.3334","872.3","867.3"
"40766","2015-03-30 00:00:00","1394-01-10 00:00:00","7.4","20.6","18.0","5.6","8","120","14.0","7.5875","69.125","1012.92","10.4818","869.6","861.7"
"40766","2015-03-31 00:00:00","1394-01-11 00:00:00","5.4","16.3","0.0","11.0","8","290","10.8","1.95","59.375","1014.63","7.05798","867.0","864.6"
"40766","2015-04-01 00:00:00","1394-01-12 00:00:00","0.4","17.2","0.0","8.0","8","280","8.8","1.1","59.625","1012.64","6.64199","866.0","861.9"
"40766","2015-04-02 00:00:00","1394-01-13 00:00:00","1.6","18.7","0.0","11.1","8","290","10.2","0.9375","54.75","1013.69","6.55713","867.0","863.8"
"40766","2015-04-03 00:00:00","1394-01-14 00:00:00","4.5","20.1","0.0","10.3","6","290","12.3","-0.075","48.875","1012.94","6.20006","866.0","863.3"
"40766","2015-04-04 00:00:00","1394-01-15 00:00:00","2.9","21.3","0.0","10.5","7","280","12.1","0.2125","47.0","1012.88","6.27655","865.4","863.2"
"40766","2015-04-05 00:00:00","1394-01-16 00:00:00","6.8","22.4","0.0","11.2","7","280","14.6","-1.975","38.25","1017.47","5.61475","871.4","865.6"
"40766","2015-04-06 00:00:00","1394-01-17 00:00:00","2.1","24.0","0.0","11.6","4","350","13.1","-4.24286","30.4286","1019.37","4.58755","872.1","868.8"
"40766","2015-04-07 00:00:00","1394-01-18 00:00:00","2.5","24.8","0.0","11.5","8","280","13.6","-2.675","33.625","1017.07","5.08561","869.9","866.0"
"40766","2015-04-08 00:00:00","1394-01-19 00:00:00","3.3","24.1","0.0","11.5","7","310","13.7","-1.2375","35.875","1019.32","5.6137","871.3","868.9"
"40766","2015-04-09 00:00:00","1394-01-20 00:00:00","3.9","27.2","0.0","10.9","6","210","15.6","-1.7","33.75","1018.36","5.48742","871.7","867.5"
"40766","2015-04-10 00:00:00","1394-01-21 00:00:00","9.8","28.6","0.0","9.0","10","170","19.2","-0.7","21.25","1015.48","5.97169","868.2","865.4"
"40766","2015-04-11 00:00:00","1394-01-22 00:00:00","13.3","24.2","12.2","4.1","12","100","18.8","8.7875","56.0","1015.38","11.3707","868.9","864.9"
"40766","2015-04-12 00:00:00","1394-01-23 00:00:00","12.0","23.6","2.0","4.9","12","150","17.8","6.3875","51.5","1013.77","9.75904","867.3","862.7"
"40766","2015-04-13 00:00:00","1394-01-24 00:00:00","3.6","16.6","0.0","8.8","8","250","10.1","-4.45","41.25","1018.54","4.503","872.0","867.4"
"40766","2015-04-14 00:00:00","1394-01-25 00:00:00","1.6","15.9","0.0","10.2","7","260","8.8","-4.1375","42.875","1019.62","4.56507","872.1","869.0"
"40766","2015-04-15 00:00:00","1394-01-26 00:00:00","1.1","19.8","0.0","10.4","6","170","10.4","-6.625","31.75","1020.43","3.92439","872.7","870.1"
"40766","2015-04-16 00:00:00","1394-01-27 00:00:00","8.6","24.2","0.0","6.3","8","130","16.4","-2.025","29.125","1020.1","5.3328","872.6","869.4"
"40766","2015-04-17 00:00:00","1394-01-28 00:00:00","7.6","22.5","0.0","10.1","7","270","15.1","-5.55","26.125","1022.53","4.11037","874.7","871.8"
"40766","2015-04-18 00:00:00","1394-01-29 00:00:00","4.4","20.8","0.0","10.0","8","280","12.6","-2.7875","33.375","1018.95","5.00422","871.4","867.9"
"40766","2015-04-19 00:00:00","1394-01-30 00:00:00","5.5","23.2","0.0","11.8","8","300","14.4","-3.4625","32.875","1018.51","4.81453","870.8","868.0"
"40766","2015-04-20 00:00:00","1394-01-31 00:00:00","4.0","24.4","0.0","10.4","7","250","14.2","-5.5125","28.875","1018.66","4.12548","871.0","867.9"
"40766","2015-04-21 00:00:00","1394-02-01 00:00:00","6.6","26.4","0.0","10.6","10","220","16.5","-9.0625","17.875","1017.21","3.13702","869.7","867.3"
"40766","2015-04-22 00:00:00","1394-02-02 00:00:00","13.7","28.4","0.0","7.6","11","210","21.0","-8.2875","13.75","1014.0","3.32394","867.9","863.8"
"40766","2015-04-23 00:00:00","1394-02-03 00:00:00","7.4","26.7","0.0","8.5","13","190","17.1","-4.625","22.375","1014.73","4.41567","867.4","864.8"
"40766","2015-04-24 00:00:00","1394-02-04 00:00:00","15.3","24.0","0.0","10.1","14","220","19.6","-8.05","21.375","1016.43","3.50624","870.8","866.3"
"40766","2015-04-25 00:00:00","1394-02-05 00:00:00","1.6","18.7","0.0","11.6","8","270","10.2","-8.075","32.0","1021.42","3.44069","873.5","870.7"
"40766","2015-04-26 00:00:00","1394-02-06 00:00:00","0.7","24.7","0.0","11.8","6","100","12.7","-11.175","23.375","1021.51","2.77225","874.5","869.9"
"40766","2015-04-27 00:00:00","1394-02-07 00:00:00","2.2","27.7","0.0","11.8","7","240","15.0","-16.7875","15.75","1019.89","2.01889","872.3","868.5"
"40766","2015-04-28 00:00:00","1394-02-08 00:00:00","4.9","26.4","0.0","8.1","6","300","15.6","-8.5375","19.625","1020.88","3.29073","873.0","870.4"
"40766","2015-04-29 00:00:00","1394-02-09 00:00:00","5.8","27.9","0.0","11.3","8","290","16.9","-5.8","23.375","1021.01","4.05392","873.2","870.4"
"40766","2015-04-30 00:00:00","1394-02-10 00:00:00","7.6","32.1","0.0","10.8","7","270","19.8","-8.8625","18.5","1019.5","3.35289","872.4","868.4"
"40766","2015-05-01 00:00:00","1394-02-11 00:00:00","9.6","33.5","0.0","9.7","11","270","21.5","-9.2875","12.75","1017.63","3.06375","869.5","868.0"
"40766","2015-05-02 00:00:00","1394-02-12 00:00:00","15.3","30.9","0.0","11.5","10","250","23.1","-12.1875","11.75","1017.74","2.72552","869.9","867.2"
"40766","2015-05-03 00:00:00","1394-02-13 00:00:00","9.1","29.6","0.0","11.6","9","230","19.4","-13.75","14.625","1017.17","2.46444","869.1","867.3"
"40766","2015-05-04 00:00:00","1394-02-14 00:00:00","4.5","30.2","0.0","8.5","15","290","17.4","-7.1125","23.5","1015.18","4.29104","868.7","863.7"
"40766","2015-05-05 00:00:00","1394-02-15 00:00:00","11.2","27.8","3.0","8.2","10","230","19.5","5.0125","45.25","1012.75","8.92991","865.2","863.3"
"40766","2015-05-06 00:00:00","1394-02-16 00:00:00","8.4","26.5","0.0","1.8","9","260","17.5","-2.675","31.5","1013.49","5.41131","866.3","864.2"
"40766","2015-05-07 00:00:00","1394-02-17 00:00:00","8.6","23.7","0.0","3.0","6","10","16.2","1.125","35.875","1014.27","6.81258","867.0","864.5"
"40766","2015-05-08 00:00:00","1394-02-18 00:00:00","7.5","28.5","0.0","11.3","9","260","18.0","-4.7375","27.375","1015.27","4.6718","867.7","865.5"
"40766","2015-05-09 00:00:00","1394-02-19 00:00:00","8.8","24.2","0.1","2.2","5","290","16.5","-1.4","30.0","1013.8","5.58341","866.6","864.2"
"40766","2015-05-10 00:00:00","1394-02-20 00:00:00","7.7","23.9","4.0","4.2","9","90","15.8","5.4375","54.875","1013.48","9.23102","867.1","863.9"
"40766","2015-05-11 00:00:00","1394-02-21 00:00:00","11.5","29.4","0.4","7.5","7","130","20.5","4.91429","43.5714","1016.22","9.04727","869.0","865.7"
"40766","2015-05-12 00:00:00","1394-02-22 00:00:00","10.9","31.2","0.0","11.0","8","270","21.0","-2.5875","25.25","1019.46","5.43364","871.5","869.5"
"40766","2015-05-13 00:00:00","1394-02-23 00:00:00","10.8","33.3","0.0","11.8","11","240","22.0","-5.7125","18.375","1017.7","4.16641","869.6","867.9"
"40766","2015-05-14 00:00:00","1394-02-24 00:00:00","15.2","30.0","0.0","0.5","9","260","22.6","-0.4625","24.0","1017.01","6.03181","870.0","867.1"
"40766","2015-05-15 00:00:00","1394-02-25 00:00:00","16.3","25.9","0.0","9.7","9","250","21.1","-2.5625","24.75","1020.38","5.33831","872.7","869.3"
"40766","2015-05-16 00:00:00","1394-02-26 00:00:00","6.6","26.7","0.0","12.5","5","290","16.6","-4.55","25.625","1020.51","4.60056","872.9","869.7"
"40766","2015-05-17 00:00:00","1394-02-27 00:00:00","7.8","30.2","0.0","12.6","7","290","19.0","-5.9125","21.5","1017.7","4.13746","871.0","866.3"
"40766","2015-05-18 00:00:00","1394-02-28 00:00:00","9.1","32.2","0.0","12.5","6","280","20.7","-8.1","16.5","1017.0","3.67655","869.6","866.1"
"40766","2015-05-19 00:00:00","1394-02-29 00:00:00","10.5","33.2","0.0","10.6","4","200","21.9","-7.8625","16.0","1016.1","3.70422","869.1","865.7"
"40766","2015-05-20 00:00:00","1394-02-30 00:00:00","10.6","33.1","0.0","12.1","7","230","21.8","-4.9375","16.125","1016.79","4.28714","868.6","866.3"
"40766","2015-05-21 00:00:00","1394-02-31 00:00:00","12.6","33.4","0.0","12.0","7","270","23.0","-6.0125","15.5","1016.4","4.04979","868.9","866.7"
"40766","2015-05-22 00:00:00","1394-03-01 00:00:00","11.4","34.0","0.0","9.0","7","70","22.7","-6.55","14.125","1015.89","3.90981","869.2","865.0"
"40766","2015-05-23 00:00:00","1394-03-02 00:00:00","16.3","33.8","0.0","11.4","8","260","25.0","-7.6625","14.125","1014.33","3.82793","866.5","865.4"
"40766","2015-05-24 00:00:00","1394-03-03 00:00:00","14.7","32.0","0.0","11.6","7","270","23.4","-1.675","23.0","1016.03","5.75571","868.5","866.1"
"40766","2015-05-25 00:00:00","1394-03-04 00:00:00","13.2","29.8","0.0","12.0","8","280","21.5","2.125","27.5","1017.65","7.13953","870.0","867.6"
"40766","2015-05-26 00:00:00","1394-03-05 00:00:00","13.7","31.2","0.0","12.1","8","270","22.5","-1.1","21.875","1017.75","5.17578","870.2","867.8"
"40766","2015-05-27 00:00:00","1394-03-06 00:00:00","17.5","31.5","0.0","7.6","9","270","24.5","-4.45","15.875","1016.91","4.48585","869.1","867.3"
"40766","2015-05-28 00:00:00","1394-03-07 00:00:00","9.9","31.9","0.0","8.0","8","270","20.9","-4.7","16.125","1016.42","4.37998","869.4","866.1"
"40766","2015-05-29 00:00:00","1394-03-08 00:00:00","17.8","33.4","0.0","1.3","10","280","25.6","0.45","19.125","1015.25","6.3374","867.0","866.2"
"40766","2015-05-30 00:00:00","1394-03-09 00:00:00","18.0","32.9","3.0","3.3","10","110","25.5","3.1","27.375","1018.65","7.86306","871.2","867.1"
"40766","2015-05-31 00:00:00","1394-03-10 00:00:00","19.8","36.8","0.3","7.0","10","130","28.3","2.975","23.625","1019.87","7.81055","871.4","870.0"
"40766","2015-06-01 00:00:00","1394-03-11 00:00:00","18.2","35.7","0.0","7.4","6","280","27.0","4.325","25.125","1019.43","8.36541","872.5","867.9"
"40766","2015-06-02 00:00:00","1394-03-12 00:00:00","15.3","38.3","0.0","11.5","7","170","26.8","-2.875","19.625","1019.03","5.55737","871.5","868.3"
"40766","2015-06-03 00:00:00","1394-03-13 00:00:00","14.9","39.0","0.0","9.6","8","260","27.0","-6.0125","12.75","1017.84","4.20101","870.7","866.9"
"40766","2015-06-04 00:00:00","1394-03-14 00:00:00","19.3","36.7","0.0","11.6","7","290","28.0","-4.4","15.75","1016.56","4.84982","869.6","866.0"
"40766","2015-06-05 00:00:00","1394-03-15 00:00:00","14.9","38.8","0.0","11.7","8","220","26.8","-10.775","10.375","1015.55","3.03661","868.0","865.6"
"40766","2015-06-06 00:00:00","1394-03-16 00:00:00","15.7","38.5","0.0","10.6","7","230","27.1","-9.15","9.75","1018.18","3.23209","869.9","868.5"
"40766","2015-06-07 00:00:00","1394-03-17 00:00:00","15.1","38.3","0.0","11.9","8","290","26.7","-8.375","11.25","1017.55","3.5093","870.2","867.2"
"40766","2015-06-08 00:00:00","1394-03-18 00:00:00","13.0","35.8","0.0","12.3","7","290","24.4","-5.1625","12.5","1016.12","4.33647","868.9","865.3"
"40766","2015-06-09 00:00:00","1394-03-19 00:00:00","15.9","37.2","0.0","12.4","9","290","26.5","-3.3375","15.5","1015.96","5.02486","868.4","866.0"
"40766","2015-06-10 00:00:00","1394-03-20 00:00:00","13.4","37.4","0.0","12.4","8","290","25.4","-8.4625","12.25","1014.19","3.71152","867.7","863.8"
"40766","2015-06-11 00:00:00","1394-03-21 00:00:00","16.1","35.9","0.0","12.0","8","290","26.0","-6.5875","12.75","1013.65","3.93676","866.0","864.4"
"40766","2015-06-12 00:00:00","1394-03-22 00:00:00","12.9","35.0","0.0","12.2","8","290","24.0","-13.0875","10.875","1014.13","2.69902","867.2","864.2"
"40766","2015-06-13 00:00:00","1394-03-23 00:00:00","10.8","36.7","0.0","13.1","7","290","23.8","-14.775","9.125","1012.65","2.24964","865.9","862.4"
"40766","2015-06-14 00:00:00","1394-03-24 00:00:00","12.9","38.3","0.0","12.8","6","280","25.6","-10.45","9.25","1010.48","3.00677","864.3","860.2"
"40766","2015-06-15 00:00:00","1394-03-25 00:00:00","15.3","35.3","0.0","12.6","8","280","25.3","-9.225","10.375","1010.08","3.1861","862.8","861.3"
"40766","2015-06-16 00:00:00","1394-03-26 00:00:00","14.5","34.0","0.0","12.8","8","290","24.3","-6.0125","14.0","1009.99","4.07734","863.9","860.5"
"40766","2015-06-17 00:00:00","1394-03-27 00:00:00","16.8","33.3","0.0","12.4","7","300","25.0","-2.075","17.125","1009.79","5.34594","862.8","860.6"
"40766","2015-06-18 00:00:00","1394-03-28 00:00:00","14.6","32.7","0.0","12.0","10","280","23.7","-2.625","17.0","1011.14","5.0655","864.7","861.3"
"40766","2015-06-19 00:00:00","1394-03-29 00:00:00","14.4","34.4","0.0","12.8","9","280","24.4","-3.875","15.25","1012.0","4.63557","865.2","861.9"
"40766","2015-06-20 00:00:00","1394-03-30 00:00:00","14.2","36.0","0.0","12.5","8","300","25.1","-6.2375","12.75","1011.14","3.97191","864.6","861.7"
"40766","2015-06-21 00:00:00","1394-03-31 00:00:00","14.1","36.9","0.0","12.4","8","300","25.5","-6.0875","13.0","1009.98","3.96359","863.3","860.3"
"40766","2015-06-22 00:00:00","1394-04-01 00:00:00","13.6","37.3","0.0","12.5","9","280","25.5","-8.5","12.75","1009.79","3.66007","863.0","860.3"
"40766","2015-06-23 00:00:00","1394-04-02 00:00:00","13.5","39.3","0.0","12.9","10","290","26.4","-10.2625","11.5","1008.63","3.39516","861.9","859.6"
"40766","2015-06-24 00:00:00","1394-04-03 00:00:00","15.1","38.6","0.0","12.5","8","290","26.8","-2.3","15.625","1008.98","5.41993","862.6","859.7"
"40766","2015-06-25 00:00:00","1394-04-04 00:00:00","18.3","","0.0","8.8","10","290","","-1.05","18.0","1007.52","5.7172","860.9","857.8"
"40766","2015-06-26 00:00:00","1394-04-05 00:00:00","16.5","33.8","0.0","12.0","7","230","25.1","-3.2375","18.0","1008.13","5.08695","861.9","859.2"
"40766","2015-06-27 00:00:00","1394-04-06 00:00:00","17.0","32.6","0.0","11.6","7","290","24.8","1.0625","23.5","1010.56","6.78131","863.8","861.4"
"40766","2015-06-28 00:00:00","1394-04-07 00:00:00","15.7","35.1","0.0","12.7","8","290","25.4","-7.65","16.125","1012.32","4.48832","865.0","862.8"
"40766","2015-06-29 00:00:00","1394-04-08 00:00:00","14.2","37.9","0.0","12.1","9","290","26.1","-6.6375","11.625","1013.92","3.7769","866.4","864.5"
"40766","2015-06-30 00:00:00","1394-04-09 00:00:00","16.9","40.6","0.0","11.6","8","290","28.8","-4.4","12.25","1014.07","4.49183","866.7","864.3"
"40766","2015-07-01 00:00:00","1394-04-10 00:00:00","18.4","41.6","0.0","10.2","7","300","30.0","-3.3","12.125","1014.46","4.85678","867.2","864.3"
"40766","2015-07-02 00:00:00","1394-04-11 00:00:00","19.8","41.8","0.0","12.0","7","90","30.8","-6.4","9.875","1014.02","3.97998","867.0","863.7"
"40766","2015-07-03 00:00:00","1394-04-12 00:00:00","22.2","42.5","0.0","11.5","7","280","32.3","-7.6375","7.5","1013.38","3.60706","866.1","863.8"
"40766","2015-07-04 00:00:00","1394-04-13 00:00:00","26.4","41.2","0.0","9.7","9","280","33.8","-8.675","6.5","1013.87","3.25365","866.2","864.3"
"40766","2015-07-05 00:00:00","1394-04-14 00:00:00","21.7","41.5","0.0","8.6","8","280","31.6","-2.5375","11.375","1013.65","5.13895","866.8","863.6"
"40766","2015-07-06 00:00:00","1394-04-15 00:00:00","22.8","42.3","0.0","7.8","8","300","32.5","-1.1125","13.5","1011.5","5.73095","864.9","861.7"
"40766","2015-07-07 00:00:00","1394-04-16 00:00:00","23.8","40.5","0.0","7.7","8","280","32.2","-0.6625","13.5","1009.72","5.86789","862.6","860.1"
"40766","2015-07-08 00:00:00","1394-04-17 00:00:00","19.1","41.0","0.0","8.6","8","290","30.0","-2.3","12.625","1009.11","5.264","863.0","859.8"
"40766","2015-07-09 00:00:00","1394-04-18 00:00:00","20.1","41.9","0.0","8.2","9","290","31.0","-1.6625","13.75","1011.4","5.60478","864.4","861.8"
"40766","2015-07-10 00:00:00","1394-04-19 00:00:00","22.5","41.2","0.0","9.7","8","270","31.9","1.4625","15.625","1010.87","6.88577","865.0","860.9"
"40766","2015-07-11 00:00:00","1394-04-20 00:00:00","19.8","41.0","0.0","9.0","7","300","30.4","-4.05","9.875","1008.13","4.67031","862.2","858.4"
"40766","2015-07-12 00:00:00","1394-04-21 00:00:00","19.8","42.1","0.0","7.0","8","200","30.9","-5.6375","9.375","1008.1","4.06564","861.6","859.2"
"40766","2015-07-13 00:00:00","1394-04-22 00:00:00","21.9","39.6","0.0","10.1","8","300","30.8","-3.925","10.375","1010.76","4.67636","864.7","861.3"
"40766","2015-07-14 00:00:00","1394-04-23 00:00:00","17.7","39.3","0.0","10.7","7","290","28.5","-6.9375","9.75","1013.13","3.7021","866.6","863.0"
"40766","2015-07-15 00:00:00","1394-04-24 00:00:00","17.1","39.6","0.0","9.5","8","240","28.3","-6.9625","9.125","1012.71","3.65632","865.9","863.0"
"40766","2015-07-16 00:00:00","1394-04-25 00:00:00","19.2","40.8","0.0","6.6","7","150","30.0","-8.4125","8.0","1011.51","3.29367","865.1","861.5"
"40766","2015-07-17 00:00:00","1394-04-26 00:00:00","20.4","40.4","0.0","10.0","7","250","30.4","-5.1875","9.875","1009.17","4.34672","862.8","859.8"
"40766","2015-07-18 00:00:00","1394-04-27 00:00:00","19.5","39.7","0.0","11.6","8","190","29.6","-0.3125","16.25","1007.19","6.53168","861.5","857.8"
"40766","2015-07-19 00:00:00","1394-04-28 00:00:00","21.2","37.0","0.0","9.8","12","340","29.1","4.725","23.625","1006.72","8.72314","860.6","857.5"
"40766","2015-07-20 00:00:00","1394-04-29 00:00:00","21.4","35.1","0.0","11.2","8","110","28.3","6.0625","25.625","1009.32","9.43816","862.7","860.1"
"40766","2015-07-21 00:00:00","1394-04-30 00:00:00","19.2","36.0","0.0","12.0","9","110","27.6","2.0875","20.5","1010.08","7.38484","863.4","860.9"
"40766","2015-07-22 00:00:00","1394-04-31 00:00:00","21.8","35.8","0.01","3.7","12","260","28.8","5.1","28.25","1013.09","8.95584","867.1","862.4"
"40766","2015-07-23 00:00:00","1394-05-01 00:00:00","16.3","36.3","3.2","10.4","11","100","26.3","5.85","30.875","1013.67","9.34601","866.3","863.2"
"40766","2015-07-24 00:00:00","1394-05-02 00:00:00","17.2","37.0","0.0","10.1","9","70","27.1","1.75","21.5","1014.23","7.11136","866.5","864.6"
"40766","2015-07-25 00:00:00","1394-05-03 00:00:00","20.1","38.1","0.0","12.5","7","120","29.1","-1.1625","15.375","1014.0","5.77446","867.9","863.8"
"40766","2015-07-26 00:00:00","1394-05-04 00:00:00","18.5","38.6","0.0","12.2","6","230","28.5","-5.6125","11.0","1010.97","4.12468","865.4","861.0"
"40766","2015-07-27 00:00:00","1394-05-05 00:00:00","18.3","39.4","0.0","12.5","8","300","28.9","-8.5","9.0","1010.02","3.2715","863.5","860.7"
"40766","2015-07-28 00:00:00","1394-05-06 00:00:00","19.2","38.3","0.0","13.2","10","290","28.8","-9.6","9.25","1011.8","3.29521","864.5","862.5"
"40766","2015-07-29 00:00:00","1394-05-07 00:00:00","16.7","39.7","0.0","12.2","4","260","28.2","-12.15","8.0","1011.87","2.56879","865.5","862.2"
"40766","2015-07-30 00:00:00","1394-05-08 00:00:00","19.0","40.6","0.0","11.8","9","90","29.8","-9.4625","7.125","1012.41","3.0876","865.7","862.7"
"40766","2015-07-31 00:00:00","1394-05-09 00:00:00","27.5","41.0","0.0","9.9","7","120","34.3","-4.975","8.75","1012.64","4.3007","866.2","862.9"
"40766","2015-08-01 00:00:00","1394-05-10 00:00:00","25.1","40.8","0.0","11.8","8","270","33.0","-3.8125","10.5","1013.32","4.70126","866.0","864.0"
"40766","2015-08-02 00:00:00","1394-05-11 00:00:00","19.4","40.7","0.0","11.5","9","300","30.0","-4.0375","11.375","1015.1","4.62171","868.1","865.2"
"40766","2015-08-03 00:00:00","1394-05-12 00:00:00","19.4","41.1","0.0","10.5","7","90","30.3","-7.1375","9.5","1014.81","3.72046","867.5","865.0"
"40766","2015-08-04 00:00:00","1394-05-13 00:00:00","23.2","39.0","0.0","10.2","8","100","31.1","-9.7375","7.375","1014.77","3.14651","867.7","864.6"
"40766","2015-08-05 00:00:00","1394-05-14 00:00:00","18.7","40.0","0.0","10.9","10","110","29.4","-8.3625","8.25","1013.67","3.34721","867.2","863.4"
"40766","2015-08-06 00:00:00","1394-05-15 00:00:00","20.3","40.1","0.0","11.8","8","290","30.2","-6.8","9.625","1012.15","3.78191","865.2","862.4"
"40766","2015-08-07 00:00:00","1394-05-16 00:00:00","18.6","40.0","0.0","11.6","7","270","29.3","-6.3625","10.125","1013.45","3.92208","866.0","864.0"
"40766","2015-08-08 00:00:00","1394-05-17 00:00:00","19.8","39.7","0.0","11.0","8","290","29.8","-1.95","13.5","1015.59","5.42595","868.3","866.1"
"40766","2015-08-09 00:00:00","1394-05-18 00:00:00","17.2","41.0","0.0","11.5","9","290","29.1","-7.9375","10.25","1014.17","3.58194","867.6","864.0"
"40766","2015-08-10 00:00:00","1394-05-19 00:00:00","18.9","39.6","0.0","11.7","8","100","29.3","-1.875","13.375","1012.92","5.65213","866.5","862.5"
"40766","2015-08-11 00:00:00","1394-05-20 00:00:00","22.2","41.3","0.0","11.6","7","270","31.8","-0.975","16.875","1013.33","6.71814","866.0","864.0"
"40766","2015-08-12 00:00:00","1394-05-21 00:00:00","20.9","40.9","0.0","11.2","6","290","30.9","-3.5625","17.5","1013.82","6.16127","867.1","863.8"
"40766","2015-08-13 00:00:00","1394-05-22 00:00:00","21.5","40.9","0.0","11.4","7","100","31.2","-2.0875","14.375","1013.65","5.67855","866.5","863.8"
"40766","2015-08-14 00:00:00","1394-05-23 00:00:00","22.3","41.0","0.0","11.6","6","280","31.6","-6.95","11.375","1014.57","4.50625","867.8","864.6"
"40766","2015-08-15 00:00:00","1394-05-24 00:00:00","18.1","40.7","0.0","12.2","6","100","29.4","-10.15","10.75","1014.19","3.49573","867.1","864.3"
"40766","2015-08-16 00:00:00","1394-05-25 00:00:00","19.1","41.1","0.0","11.8","7","270","30.1","-11.9875","7.25","1014.48","2.64241","867.4","864.5"
"40766","2015-08-17 00:00:00","1394-05-26 00:00:00","19.8","38.7","0.0","11.6","7","290","29.3","-4.4625","12.125","1015.07","4.5898","867.4","865.2"
"40766","2015-08-18 00:00:00","1394-05-27 00:00:00","17.4","38.5","0.0","11.5","7","300","28.0","-3.275","14.25","1015.0","5.04765","867.7","864.8"
"40766","2015-08-19 00:00:00","1394-05-28 00:00:00","17.6","40.9","0.0","11.9","6","300","29.3","-10.2125","8.25","1015.76","2.88778","869.0","865.1"
"40766","2015-08-20 00:00:00","1394-05-29 00:00:00","18.5","41.2","0.0","11.7","8","280","29.9","-11.575","6.875","1015.66","2.64556","869.1","865.5"
"40766","2015-08-21 00:00:00","1394-05-30 00:00:00","18.4","40.1","0.0","11.5","7","280","29.3","-8.325","9.0","1013.89","3.39042","866.9","863.7"
"40766","2015-08-22 00:00:00","1394-05-31 00:00:00","18.0","39.7","0.0","11.9","8","290","28.9","-8.375","9.75","1012.74","3.25178","865.6","863.1"
"40766","2015-08-23 00:00:00","1394-06-01 00:00:00","16.2","37.4","0.0","11.8","11","300","26.8","-9.9125","9.75","1012.24","3.00704","865.1","863.3"
"40766","2015-08-24 00:00:00","1394-06-02 00:00:00","14.5","37.7","0.0","12.1","15","270","26.1","-7.2375","12.125","1011.66","3.80862","864.3","862.7"
"40766","2015-08-25 00:00:00","1394-06-03 00:00:00","14.8","36.2","0.0","11.2","11","300","25.5","-1.025","18.125","1012.67","5.92617","865.2","863.4"
"40766","2015-08-26 00:00:00","1394-06-04 00:00:00","16.3","36.8","0.0","","9","290","26.5","-1.11429","19.7143","1014.22","6.03623","866.7","864.7"
"40766","2015-08-27 00:00:00","1394-06-05 00:00:00","15.8","35.5","0.0","11.7","7","300","25.6","-0.4","19.25","1016.25","5.94587","868.9","866.5"
"40766","2015-08-28 00:00:00","1394-06-06 00:00:00","14.9","36.0","0.0","11.3","7","290","25.5","-2.8875","16.125","1017.23","5.02857","869.9","867.4"
"40766","2015-08-29 00:00:00","1394-06-07 00:00:00","15.9","37.2","0.0","11.2","8","280","26.5","-5.2375","12.5","1016.93","4.17621","869.4","867.0"
"40766","2015-08-30 00:00:00","1394-06-08 00:00:00","14.2","36.8","0.0","10.9","8","320","25.5","-6.875","12.5","1016.94","3.80515","869.4","866.8"
"40766","2015-08-31 00:00:00","1394-06-09 00:00:00","17.3","32.7","0.9","5.2","10","310","25.0","2.9875","25.0","1015.98","8.06812","869.1","865.2"
"40766","2015-09-01 00:00:00","1394-06-10 00:00:00","15.9","32.3","0.0","4.2","6","290","24.1","2.2625","26.625","1013.56","7.57709","866.4","864.5"
"40766","2015-09-02 00:00:00","1394-06-11 00:00:00","18.4","32.7","0.0","10.3","4","350","25.5","3.0875","25.25","1015.82","7.77593","868.9","865.8"
"40766","2015-09-03 00:00:00","1394-06-12 00:00:00","16.7","34.1","0.0","10.7","9","110","25.4","-0.7","19.375","1014.93","6.05855","868.0","864.8"
"40766","2015-09-04 00:00:00","1394-06-13 00:00:00","20.0","36.6","0.0","10.7","7","110","28.3","-2.7125","14.375","1016.94","5.1929","869.3","867.2"
"40766","2015-09-05 00:00:00","1394-06-14 00:00:00","16.1","37.0","0.0","8.3","6","230","26.5","-5.2","12.25","1019.87","4.31906","872.0","869.5"
"40766","2015-09-06 00:00:00","1394-06-15 00:00:00","18.8","35.9","0.0","8.9","14","150","27.4","0.925","20.125","1020.35","6.71296","873.5","868.7"
"40766","2015-09-07 00:00:00","1394-06-16 00:00:00","20.0","33.9","0.0","7.4","9","70","27.0","3.88571","25.0","1018.79","8.09374","871.6","868.4"
"40766","2015-09-08 00:00:00","1394-06-17 00:00:00","16.7","33.6","2.1","5.1","9","120","25.1","8.2375","45.875","1019.64","11.1318","872.3","869.0"
"40766","2015-09-09 00:00:00","1394-06-18 00:00:00","13.8","33.4","0.01","8.3","8","330","23.6","7.05","40.75","1019.35","10.3959","872.1","869.4"
"40766","2015-09-10 00:00:00","1394-06-19 00:00:00","15.2","34.8","0.0","9.8","5","340","25.0","0.8375","23.75","1020.79","6.75486","873.5","869.9"
"40766","2015-09-11 00:00:00","1394-06-20 00:00:00","16.1","34.6","0.0","11.1","5","10","25.3","-5.4375","13.75","1020.44","4.19183","872.9","869.6"
"40766","2015-09-12 00:00:00","1394-06-21 00:00:00","13.2","34.8","0.0","11.1","5","310","24.0","-8.3375","11.75","1018.55","3.31337","871.3","867.6"
"40766","2015-09-13 00:00:00","1394-06-22 00:00:00","14.9","35.6","0.0","9.2","5","230","25.3","-4.8","13.875","1020.28","4.38207","872.2","870.0"
"40766","2015-09-14 00:00:00","1394-06-23 00:00:00","16.0","35.7","0.0","9.0","7","280","25.9","-4.1875","15.0","1020.62","4.53741","873.9","869.5"
"40766","2015-09-15 00:00:00","1394-06-24 00:00:00","15.9","35.6","0.0","7.7","7","290","25.8","-3.15","15.625","1018.41","4.88012","871.2","867.6"
"40766","2015-09-16 00:00:00","1394-06-25 00:00:00","15.4","34.2","0.0","7.2","8","290","24.8","-0.7","19.75","1016.57","5.82777","869.6","866.6"
"40766","2015-09-17 00:00:00","1394-06-26 00:00:00","14.6","32.7","0.0","9.5","7","270","23.7","-1.55","19.625","1016.22","5.57683","868.7","865.9"
"40766","2015-09-18 00:00:00","1394-06-27 00:00:00","14.4","31.4","0.0","10.8","7","360","22.9","0.7625","23.75","1018.46","6.56557","871.1","868.0"
"40766","2015-09-19 00:00:00","1394-06-28 00:00:00","15.4","30.9","0.0","10.8","8","110","23.1","2.075","25.625","1020.16","7.16435","872.7","869.5"
"40766","2015-09-20 00:00:00","1394-06-29 00:00:00","18.0","31.4","0.0","11.2","11","110","24.7","-5.0375","17.25","1018.96","4.55992","871.7","868.5"
"40766","2015-09-21 00:00:00","1394-06-30 00:00:00","14.6","32.2","0.0","10.8","6","120","23.4","-7.175","14.75","1017.38","3.74129","870.2","866.9"
"40766","2015-09-22 00:00:00","1394-06-31 00:00:00","12.3","34.0","0.0","10.0","6","240","23.1","-8.975","11.875","1017.33","3.2261","869.6","867.1"
"40766","2015-09-23 00:00:00","1394-07-01 00:00:00","10.4","33.3","0.0","10.6","6","290","21.8","-9.825","13.375","1018.72","3.14298","871.0","868.6"
"40766","2015-09-24 00:00:00","1394-07-02 00:00:00","11.3","33.7","0.0","10.4","6","280","22.5","-13.0125","11.25","1018.11","2.507","871.2","867.5"
"40766","2015-09-25 00:00:00","1394-07-03 00:00:00","10.9","34.6","0.0","10.5","6","300","22.8","-16.35","7.875","1016.47","1.92298","869.4","866.0"
"40766","2015-09-26 00:00:00","1394-07-04 00:00:00","10.6","32.6","0.0","10.4","7","300","21.6","-10.2875","11.75","1016.69","2.97384","868.8","866.6"
"40766","2015-09-27 00:00:00","1394-07-05 00:00:00","12.0","30.9","0.0","8.6","6","290","21.5","-4.4875","17.25","1018.29","4.40852","870.5","868.1"
"40766","2015-09-28 00:00:00","1394-07-06 00:00:00","12.3","31.2","0.0","4.8","6","290","21.8","-7.3375","14.75","1018.24","3.55033","871.1","867.5"
"40766","2015-09-29 00:00:00","1394-07-07 00:00:00","11.6","31.6","0.0","10.2","5","290","21.6","-6.4","15.625","1017.68","3.90869","870.0","867.5"
"40766","2015-09-30 00:00:00","1394-07-08 00:00:00","11.5","31.9","0.1","6.6","6","310","21.7","-3.175","18.5","1020.6","4.8989","872.9","869.9"
"40766","2015-10-01 00:00:00","1394-07-09 00:00:00","15.2","33.4","0.0","8.0","9","240","24.3","4.475","27.5","1023.59","8.63337","876.0","872.4"
"40766","2015-10-02 00:00:00","1394-07-10 00:00:00","13.9","33.1","0.0","9.6","8","280","23.5","2.6875","27.375","1026.99","7.46953","878.4","876.2"
"40766","2015-10-03 00:00:00","1394-07-11 00:00:00","16.2","33.0","1.0","8.0","8","300","24.6","4.0","30.125","1026.59","8.2564","878.8","875.2"
"40766","2015-10-04 00:00:00","1394-07-12 00:00:00","12.2","32.7","0.0","6.3","7","290","22.5","-0.25","25.375","1023.4","6.10074","876.0","872.3"
"40766","2015-10-05 00:00:00","1394-07-13 00:00:00","10.4","31.4","0.0","9.6","10","280","20.9","-4.0","20.125","1020.82","4.6053","873.1","870.3"
"40766","2015-10-06 00:00:00","1394-07-14 00:00:00","12.1","32.0","0.0","6.3","6","220","22.0","-8.2125","13.625","1017.65","3.36413","870.9","866.4"
"40766","2015-10-07 00:00:00","1394-07-15 00:00:00","14.7","25.6","0.01","0.3","10","290","20.1","0.1125","24.75","1016.22","6.48687","869.3","866.1"
"40766","2015-10-08 00:00:00","1394-07-16 00:00:00","14.6","28.8","0.1","8.0","10","250","21.7","3.0875","31.5","1017.41","7.66586","870.0","867.1"
"40766","2015-10-09 00:00:00","1394-07-17 00:00:00","13.7","26.4","0.0","5.1","7","250","20.0","2.7625","33.5","1017.75","7.49615","869.8","867.6"
"40766","2015-10-10 00:00:00","1394-07-18 00:00:00","10.1","26.8","0.0","10.2","7","240","18.5","2.9125","38.5","1018.82","7.57759","871.1","868.1"
"40766","2015-10-11 00:00:00","1394-07-19 00:00:00","8.1","26.6","0.0","10.3","4","310","17.4","-2.7125","30.125","1020.44","5.22666","873.5","870.0"
"40766","2015-10-12 00:00:00","1394-07-20 00:00:00","5.6","29.2","0.0","10.3","6","290","17.4","-8.175","17.375","1019.73","3.34205","872.0","869.1"
"40766","2015-10-13 00:00:00","1394-07-21 00:00:00","7.2","28.4","0.0","9.8","6","280","17.8","-10.2125","15.625","1019.91","2.90238","872.4","869.2"
"40766","2015-10-14 00:00:00","1394-07-22 00:00:00","8.4","27.7","0.0","8.4","11","290","18.0","-3.6625","23.625","1020.3","4.8697","871.8","870.4"
"40766","2015-10-15 00:00:00","1394-07-23 00:00:00","9.3","27.3","0.0","8.7","10","290","18.3","-0.025","30.25","1021.19","6.1052","873.2","870.5"
"40766","2015-10-16 00:00:00","1394-07-24 00:00:00","8.7","26.3","0.01","7.0","6","310","17.5","0.65","33.125","1021.43","6.47719","873.2","871.2"
"40766","2015-10-17 00:00:00","1394-07-25 00:00:00","12.8","28.1","0.2","6.5","12","250","20.5","1.5375","33.625","1021.06","6.89996","873.2","869.9"
"40766","2015-10-18 00:00:00","1394-07-26 00:00:00","7.8","24.9","0.0","9.5","5","120","16.4","0.3375","36.75","1022.67","6.30629","875.3","871.7"
"40766","2015-10-19 00:00:00","1394-07-27 00:00:00","7.1","26.8","0.0","10.1","8","290","16.9","-3.8875","26.375","1022.57","4.65934","874.2","872.2"
"40766","2015-10-20 00:00:00","1394-07-28 00:00:00","8.6","26.4","0.0","7.1","9","300","17.5","-0.0875","33.125","1022.22","6.25322","874.0","871.3"
"40766","2015-10-21 00:00:00","1394-07-29 00:00:00","7.5","23.6","0.0","4.6","5","300","15.6","2.4375","41.5","1021.24","7.30828","873.1","870.8"
"40766","2015-10-22 00:00:00","1394-07-30 00:00:00","10.4","18.0","6.8","0.1","8","110","14.2","7.7125","73.125","1022.03","10.7178","874.1","870.7"
"40766","2015-10-23 00:00:00","1394-08-01 00:00:00","5.7","21.8","0.0","9.3","3","260","13.8","6.075","67.0","1022.71","9.45259","874.9","872.2"
"40766","2015-10-24 00:00:00","1394-08-02 00:00:00","7.1","24.8","0.0","8.6","3","100","15.9","4.2125","54.625","1021.82","8.37104","874.0","871.2"
"40766","2015-10-25 00:00:00","1394-08-03 00:00:00","7.8","27.5","0.0","10.0","4","120","17.6","3.3125","45.125","1020.47","7.8021","873.3","869.7"
"40766","2015-10-26 00:00:00","1394-08-04 00:00:00","7.7","26.7","0.0","5.4","7","280","17.2","3.7375","42.75","1020.97","8.14672","872.8","870.7"
"40766","2015-10-27 00:00:00","1394-08-05 00:00:00","12.2","21.3","14.0","0.0","9","200","16.8","8.2625","64.0","1020.38","11.2724","872.8","870.0"
"40766","2015-10-28 00:00:00","1394-08-06 00:00:00","13.4","16.5","25.8","0.2","9","100","14.9","10.375","75.625","1017.48","12.6067","869.5","867.7"
"40766","2015-10-29 00:00:00","1394-08-07 00:00:00","9.7","16.2","67.6","0.0","8","110","13.0","8.75","87.0","1019.15","11.2932","872.2","868.5"
"40766","2015-10-30 00:00:00","1394-08-08 00:00:00","9.5","17.8","33.0","2.7","10","290","13.6","9.2375","82.875","1020.6","11.6877","872.4","870.2"
"40766","2015-10-31 00:00:00","1394-08-09 00:00:00","7.8","17.6","0.0","5.5","5","90","12.7","8.675","80.5","1028.53","11.7013","872.9","870.8"
"40766","2015-11-01 00:00:00","1394-08-10 00:00:00","7.2","16.9","0.0","7.1","7","90","12.0","6.4","71.75","1021.9","9.66719","873.8","871.4"
"40766","2015-11-02 00:00:00","1394-08-11 00:00:00","8.0","13.8","0.0","6.8","6","110","10.9","3.4125","64.5","1021.69","7.80521","873.2","871.3"
"40766","2015-11-03 00:00:00","1394-08-12 00:00:00","6.1","15.3","0.0","8.2","5","100","10.7","2.375","63.375","1022.88","7.27205","874.3","872.6"
"40766","2015-11-04 00:00:00","1394-08-13 00:00:00","2.4","18.1","0.0","9.6","4","120","10.3","-0.125","57.5","1023.61","6.22536","875.4","873.4"
"40766","2015-11-05 00:00:00","1394-08-14 00:00:00","6.0","14.5","1.0","0.5","5","130","10.3","6.0625","78.875","1023.14","9.54586","876.0","871.6"
"40766","2015-11-06 00:00:00","1394-08-15 00:00:00","7.4","15.8","1.4","1.2","6","140","11.6","8.3125","79.375","1020.67","10.9728","872.7","870.6"
"40766","2015-11-07 00:00:00","1394-08-16 00:00:00","5.2","18.2","0.0","7.2","4","360","11.7","7.45","76.25","1019.94","10.3483","872.2","869.4"
"40766","2015-11-08 00:00:00","1394-08-17 00:00:00","7.4","17.8","6.8","5.9","6","230","12.6","6.6625","73.5","1019.79","9.86718","872.5","868.9"
"40766","2015-11-09 00:00:00","1394-08-18 00:00:00","9.1","16.0","0.01","3.2","7","300","12.6","5.9375","70.25","1016.42","9.35759","869.5","865.8"
"40766","2015-11-10 00:00:00","1394-08-19 00:00:00","4.8","13.4","14.5","3.6","9","280","9.1","3.525","71.5","1012.37","7.88213","865.0","862.7"
"40766","2015-11-11 00:00:00","1394-08-20 00:00:00","4.0","12.5","4.0","8.3","7","300","8.3","-0.7375","57.25","1014.74","5.9017","868.6","864.5"
"40766","2015-11-12 00:00:00","1394-08-21 00:00:00","2.6","12.5","0.0","9.5","7","290","7.6","0.5625","64.375","1021.59","6.37103","874.6","869.4"
"40766","2015-11-13 00:00:00","1394-08-22 00:00:00","0.9","14.7","0.0","9.2","4","290","7.8","1.3","65.875","1024.18","6.72489","876.5","873.4"
"40766","2015-11-14 00:00:00","1394-08-23 00:00:00","2.8","14.3","0.0","9.7","6","280","8.6","1.075","64.0","1022.36","6.61076","873.5","872.1"
"40766","2015-11-15 00:00:00","1394-08-24 00:00:00","1.1","17.7","0.0","9.5","4","110","9.4","-1.1625","59.375","1021.56","5.68521","873.6","871.1"
"40766","2015-11-16 00:00:00","1394-08-25 00:00:00","2.2","19.1","0.0","5.5","4","130","10.7","-1.3125","48.25","1020.55","5.83998","873.5","869.5"
"40766","2015-11-17 00:00:00","1394-08-26 00:00:00","1.9","15.1","0.0","0.0","8","300","8.5","0.4625","45.75","1016.43","6.44342","869.3","866.6"
"40766","2015-11-18 00:00:00","1394-08-27 00:00:00","5.6","14.1","37.2","1.4","8","110","9.9","5.7375","82.25","1015.76","9.18819","869.9","865.3"
"40766","2015-11-19 00:00:00","1394-08-28 00:00:00","3.8","15.6","0.4","6.0","7","290","9.7","3.2875","72.0","1019.8","7.80143","871.6","869.6"
"40766","2015-11-20 00:00:00","1394-08-29 00:00:00","3.1","12.3","0.0","6.4","7","270","7.7","0.9","70.0","1020.67","6.57332","872.6","870.3"
"40766","2015-11-21 00:00:00","1394-08-30 00:00:00","-0.1","12.7","0.0","8.8","2","100","6.3","-0.15","71.0","1022.06","6.08704","873.5","871.8"
"40766","2015-11-22 00:00:00","1394-09-01 00:00:00","-0.7","14.2","0.0","8.6","3","120","6.8","-0.4875","66.125","1023.86","5.91049","875.2","873.3"
"40766","2015-11-23 00:00:00","1394-09-02 00:00:00","-0.5","15.8","0.0","9.1","6","100","7.7","-2.9125","53.625","1024.57","4.97724","876.4","873.6"
"40766","2015-11-24 00:00:00","1394-09-03 00:00:00","1.0","17.3","0.0","9.6","5","110","9.1","-5.825","40.875","1025.81","4.08513","877.3","874.5"
"40766","2015-11-25 00:00:00","1394-09-04 00:00:00","-0.6","16.2","0.0","9.4","5","120","7.8","-4.8625","50.375","1026.82","4.33225","878.8","875.9"
"40766","2015-11-26 00:00:00","1394-09-05 00:00:00","-2.0","15.3","0.0","7.7","4","280","6.7","-4.1","55.25","1026.35","4.59646","877.7","875.1"
"40766","2015-11-27 00:00:00","1394-09-06 00:00:00","0.5","16.4","0.0","5.5","2","80","8.4","-2.575","52.75","1023.71","5.13366","876.2","872.6"
"40766","2015-11-28 00:00:00","1394-09-07 00:00:00","1.8","16.8","0.0","8.3","3","260","9.3","-0.15","54.5","1021.65","6.06813","873.5","871.2"
"40766","2015-11-29 00:00:00","1394-09-08 00:00:00","1.3","17.1","0.0","8.7","5","210","9.2","0.9","60.5","1021.21","6.52012","873.1","870.5"
"40766","2015-11-30 00:00:00","1394-09-09 00:00:00","3.0","16.8","0.0","8.9","5","120","9.9","1.475","58.5","1022.5","6.80651","874.8","872.0"
"40766","2015-12-01 00:00:00","1394-09-10 00:00:00","2.2","14.5","0.6","0.2","9","110","8.4","2.375","51.75","1020.78","7.36044","872.0","870.6"
"40766","2015-12-02 00:00:00","1394-09-11 00:00:00","9.5","12.6","6.2","0.0","9","90","11.1","5.4875","82.25","1019.97","9.04323","871.5","870.2"
"40766","2015-12-03 00:00:00","1394-09-12 00:00:00","3.1","11.6","2.0","3.2","8","310","7.4","2.2","76.375","1018.92","6.83928","871.7","868.2"
"40766","2015-12-04 00:00:00","1394-09-13 00:00:00","-2.2","9.0","4.0","9.5","6","270","3.4","-9.025","49.625","1021.25","3.18772","873.2","871.4"
"40766","2015-12-05 00:00:00","1394-09-14 00:00:00","-4.4","10.1","0.0","9.4","6","120","2.9","-5.2125","60.125","1020.37","4.17918","873.0","869.7"
"40766","2015-12-06 00:00:00","1394-09-15 00:00:00","-5.1","5.3","5.6","3.2","7","310","0.1","-5.675","73.75","1017.43","4.13582","871.2","866.7"
"40766","2015-12-07 00:00:00","1394-09-16 00:00:00","-8.2","4.5","0.0","6.6","4","210","-1.8","-8.575","63.25","1022.64","3.22242","874.3","871.4"
"40766","2015-12-08 00:00:00","1394-09-17 00:00:00","-5.9","7.0","0.0","9.4","4","150","0.5","-5.9625","63.125","1024.99","3.98225","876.6","874.4"
"40766","2015-12-09 00:00:00","1394-09-18 00:00:00","-3.4","9.0","0.0","11.2","4","150","2.8","-3.2","68.5","1025.5","4.86815","877.1","874.9"
"40766","2015-12-10 00:00:00","1394-09-19 00:00:00","-4.0","8.8","0.0","8.4","9","150","2.4","-4.6375","59.75","1027.16","4.33935","879.2","875.7"
"40766","2015-12-11 00:00:00","1394-09-20 00:00:00","-3.0","10.2","0.0","7.8","6","120","3.6","-3.3375","66.5","1024.39","4.79006","876.7","873.1"
"40766","2015-12-12 00:00:00","1394-09-21 00:00:00","-1.9","8.8","0.0","7.8","5","100","3.5","-2.775","70.5","1022.17","4.98911","874.0","871.6"
"40766","2015-12-13 00:00:00","1394-09-22 00:00:00","-1.3","6.6","0.4","0.3","7","120","2.7","-0.5375","78.25","1020.47","5.89885","872.9","870.1"
"40766","2015-12-14 00:00:00","1394-09-23 00:00:00","0.3","8.0","15.9","0.0","9","110","4.2","2.8875","84.375","1016.29","7.51396","870.0","865.2"
"40766","2015-12-15 00:00:00","1394-09-24 00:00:00","2.3","8.8","4.0","2.7","5","290","5.6","1.525","80.375","1019.25","6.82947","873.1","866.9"
"40766","2015-12-16 00:00:00","1394-09-25 00:00:00","-1.2","9.1","0.0","7.8","4","280","4.0","0.1","80.25","1023.42","6.17415","875.0","873.0"
"40766","2015-12-17 00:00:00","1394-09-26 00:00:00","-1.9","10.4","0.0","8.0","5","160","4.3","-1.025","73.75","1022.4","5.70636","874.4","871.5"
"40766","2015-12-18 00:00:00","1394-09-27 00:00:00","1.9","6.4","5.0","0.5","7","170","4.2","1.6125","88.0","1022.57","6.87234","874.0","872.1"
"40766","2015-12-19 00:00:00","1394-09-28 00:00:00","1.2","8.0","0.0","5.3","5","120","4.6","0.6875","79.125","1024.77","6.41994","875.8","874.0"
"40766","2015-12-20 00:00:00","1394-09-29 00:00:00","0.6","9.2","0.61","2.8","8","360","4.9","0.25","81.25","1023.25","6.24168","875.0","871.9"
"40766","2015-12-21 00:00:00","1394-09-30 00:00:00","-0.7","6.7","0.0","1.2","3","80","3.0","-1.375","82.0","1024.23","5.55729","876.1","873.6"
"40766","2015-12-22 00:00:00","1394-10-01 00:00:00","-4.9","7.6","0.0","8.5","6","90","1.3","-5.475","63.875","1027.66","4.07658","879.0","876.2"
"40766","2015-12-23 00:00:00","1394-10-02 00:00:00","-3.7","11.1","0.0","8.4","5","140","3.7","-5.55","57.375","1026.62","4.13007","878.0","873.3"
"40766","2015-12-24 00:00:00","1394-10-03 00:00:00","-2.9","8.0","0.3","2.0","7","120","2.5","-0.2375","71.0","1023.24","6.00697","874.4","872.6"
"40766","2015-12-25 00:00:00","1394-10-04 00:00:00","0.0","9.4","0.0","3.2","3","120","4.7","-0.85","73.625","1023.57","5.7567","875.0","872.5"
"40766","2015-12-26 00:00:00","1394-10-05 00:00:00","-2.8","9.3","0.0","8.3","5","120","3.3","-3.2625","69.5","1026.21","4.81785","877.9","874.9"
"40766","2015-12-27 00:00:00","1394-10-06 00:00:00","-2.4","8.5","0.0","8.5","6","110","3.0","-2.9125","69.625","1029.29","4.94499","880.6","878.3"
"40766","2015-12-28 00:00:00","1394-10-07 00:00:00","-3.0","10.6","0.0","9.1","5","80","3.8","-3.4375","67.625","1029.49","4.74736","880.5","878.3"
"40766","2015-12-29 00:00:00","1394-10-08 00:00:00","-4.9","11.1","0.0","6.8","4","140","3.1","-4.3","62.0","1025.33","4.46581","879.0","870.8"
"40766","2015-12-30 00:00:00","1394-10-09 00:00:00","-3.7","8.4","6.0","","12","100","2.3","-0.483333","65.3333","1012.68","6.00346","869.4","860.2"
"40766","2015-12-31 00:00:00","1394-10-10 00:00:00","4.4","10.1","0.0","5.2","8","190","7.3","-1.25","58.125","1015.89","5.60062","868.7","865.0"
"40766","2016-01-01 00:00:00","1394-10-11 00:00:00","2.8","7.9","0.0","0.6","7","100","5.3","-0.975","65.375","1015.32","5.7825","869.1","864.6"
"40766","2016-01-02 00:00:00","1394-10-12 00:00:00","1.9","3.6","0.1","1.3","10","260","2.8","-6.15","62.25","1018.31","3.95851","872.3","865.9"
"40766","2016-01-03 00:00:00","1394-10-13 00:00:00","-6.5","1.0","0.0","6.0","6","290","-2.8","-10.6","51.875","1022.61","2.75554","874.2","872.1"
"40766","2016-01-04 00:00:00","1394-10-14 00:00:00","-1.2","4.6","0.0","1.2","2","330","1.7","-5.7","57.2857","1024.2","4.09551","875.8","873.9"
"40766","2016-01-05 00:00:00","1394-10-15 00:00:00","-1.0","10.3","0.0","6.4","5","190","4.7","-3.625","57.75","1021.63","4.71795","873.8","870.9"
"40766","2016-01-06 00:00:00","1394-10-16 00:00:00","4.8","8.0","0.0","0.1","5","360","6.4","-1.5875","56.875","1021.45","5.48597","873.2","871.2"
"40766","2016-01-07 00:00:00","1394-10-17 00:00:00","4.8","13.0","0.0","3.1","4","120","8.9","1.6125","65.875","1021.6","6.85417","873.6","871.1"
"40766","2016-01-08 00:00:00","1394-10-18 00:00:00","6.6","10.8","7.8","0.0","10","90","8.7","2.1375","67.875","1016.55","7.09036","870.3","866.0"
"40766","2016-01-09 00:00:00","1394-10-19 00:00:00","7.1","9.0","3.7","0.3","9","280","8.1","2.075","78.25","1012.95","7.11495","866.5","862.5"
"40766","2016-01-10 00:00:00","1394-10-20 00:00:00","0.2","7.9","0.01","8.7","5","280","4.1","-2.0125","72.25","1021.06","5.285","875.0","868.2"
"40766","2016-01-11 00:00:00","1394-10-21 00:00:00","-4.0","9.4","0.0","7.5","3","270","2.7","-2.0375","76.875","1020.71","5.31732","876.4","873.5"
"40766","2016-01-12 00:00:00","1394-10-22 00:00:00","-0.2","13.4","0.0","6.5","3","270","6.6","-1.0125","70.5","1021.66","5.69644","873.2","871.0"
"40766","2016-01-13 00:00:00","1394-10-23 00:00:00","-4.4","13.6","0.0","9.4","3","360","4.6","-7.7125","52.625","1021.26","3.63438","873.8","870.8"
"40766","2016-01-14 00:00:00","1394-10-24 00:00:00","-4.6","15.5","0.0","9.8","5","190","5.4","-7.7125","48.625","1019.08","3.53726","871.7","868.8"
"40766","2016-01-15 00:00:00","1394-10-25 00:00:00","-4.2","14.1","0.0","9.4","7","240","5.0","-5.075","49.625","1019.57","4.26736","871.8","868.9"
"40766","2016-01-16 00:00:00","1394-10-26 00:00:00","-1.5","15.0","0.0","8.5","4","90","6.8","-2.6875","60.875","1021.25","5.06727","873.0","870.7"
"40766","2016-01-17 00:00:00","1394-10-27 00:00:00","-3.0","14.5","0.0","8.6","4","130","5.8","-3.0375","60.375","1021.25","4.89516","873.6","870.2"
"40766","2016-01-18 00:00:00","1394-10-28 00:00:00","-3.2","17.6","0.0","6.4","6","110","7.2","-7.2875","41.25","1018.81","3.64353","872.4","867.5"
"40766","2016-01-19 00:00:00","1394-10-29 00:00:00","9.7","12.3","0.01","0.3","9","150","11.0","-4.7875","35.25","1017.17","4.3281","870.1","866.7"
"40766","2016-01-20 00:00:00","1394-10-30 00:00:00","6.0","14.2","0.0","8.2","6","170","10.1","-1.7125","50.125","1021.52","5.4081","873.8","870.1"
"40766","2016-01-21 00:00:00","1394-11-01 00:00:00","-2.9","14.8","0.0","8.8","5","190","5.9","-5.775","49.875","1023.96","4.0242","875.6","873.3"
"40766","2016-01-22 00:00:00","1394-11-02 00:00:00","-2.0","14.1","0.1","2.3","10","360","6.1","-1.4375","59.875","1022.86","5.69232","874.5","871.7"
"40766","2016-01-23 00:00:00","1394-11-03 00:00:00","5.1","9.4","35.0","0.0","8","90","7.3","4.3875","84.75","1019.09","8.36196","872.6","867.7"
"40766","2016-01-24 00:00:00","1394-11-04 00:00:00","6.2","12.6","1.9","4.1","9","160","9.4","3.125","65.625","1015.15","7.66603","867.1","866.0"
"40766","2016-01-25 00:00:00","1394-11-05 00:00:00","2.2","7.9","0.6","3.6","8","220","5.1","-4.275","57.75","1015.21","4.54988","868.2","865.5"
"40766","2016-01-26 00:00:00","1394-11-06 00:00:00","-2.2","2.0","1.9","0.7","6","280","-0.1","-4.3875","73.5","1016.67","4.43845","868.9","867.2"
"40766","2016-01-27 00:00:00","1394-11-07 00:00:00","-3.6","1.4","0.0","6.0","6","280","-1.1","-9.4","59.0","1018.35","3.03774","870.7","868.2"
"40766","2016-01-28 00:00:00","1394-11-08 00:00:00","-7.4","1.5","0.2","1.9","5","270","-3.0","-7.8375","70.375","1018.83","3.42959","872.1","868.6"
"40766","2016-01-29 00:00:00","1394-11-09 00:00:00","-8.6","3.8","0.0","7.4","2","100","-2.4","-8.675","64.75","1023.31","3.19517","875.3","872.1"
"40766","2016-01-30 00:00:00","1394-11-10 00:00:00","-7.5","7.0","0.0","8.8","3","140","-0.3","-7.4375","59.875","1025.36","3.50163","876.6","874.8"
"40766","2016-01-31 00:00:00","1394-11-11 00:00:00","-5.1","11.0","0.0","9.3","3","120","3.0","-6.175","56.75","1024.39","3.95344","876.3","873.4"
"40766","2016-02-01 00:00:00","1394-11-12 00:00:00","1.9","11.5","0.1","9.0","6","270","6.7","-1.5","62.25","1023.18","5.46767","875.4","872.3"
"40766","2016-02-02 00:00:00","1394-11-13 00:00:00","-1.4","11.2","0.0","3.2","6","240","4.9","-3.5125","59.25","1020.92","4.75497","872.8","870.1"
"40766","2016-02-03 00:00:00","1394-11-14 00:00:00","1.6","11.1","0.0","9.2","5","280","6.4","-4.1875","54.875","1023.96","4.30775","876.4","872.3"
"40766","2016-02-04 00:00:00","1394-11-15 00:00:00","-3.1","13.6","0.0","9.8","4","110","5.3","-5.9625","54.25","1027.67","3.94439","879.0","876.6"
"40766","2016-02-05 00:00:00","1394-11-16 00:00:00","-4.8","18.1","0.0","9.8","4","110","6.7","-7.075","48.375","1026.68","3.65578","879.2","874.2"
"40766","2016-02-06 00:00:00","1394-11-17 00:00:00","-5.0","14.2","2.0","3.3","8","80","4.6","-8.4875","43.625","1018.93","3.54477","873.0","867.5"
"40766","2016-02-07 00:00:00","1394-11-18 00:00:00","4.8","11.2","2.2","0.8","11","110","8.0","-1.5875","57.0","1015.1","5.52421","867.8","864.4"
"40766","2016-02-08 00:00:00","1394-11-19 00:00:00","1.6","7.5","10.2","3.7","6","280","4.6","0.55","84.375","1017.41","6.37436","872.0","865.6"
"40766","2016-02-09 00:00:00","1394-11-20 00:00:00","1.1","5.3","0.0","0.8","5","90","3.2","-3.6875","66.875","1023.38","4.68278","874.8","872.2"
"40766","2016-02-10 00:00:00","1394-11-21 00:00:00","-4.9","7.2","0.0","8.8","8","120","1.1","-6.625","59.375","1021.22","3.76367","874.8","869.4"
"40766","2016-02-11 00:00:00","1394-11-22 00:00:00","-1.0","3.9","1.1","1.5","3","210","1.5","-3.5125","77.25","1019.89","4.74672","873.2","868.9"
"40766","2016-02-12 00:00:00","1394-11-23 00:00:00","-5.6","7.2","0.0","5.5","5","100","0.8","-3.975","74.125","1022.27","4.58095","873.4","872.4"
"40766","2016-02-13 00:00:00","1394-11-24 00:00:00","-4.7","13.3","0.0","8.9","3","90","4.3","-5.8875","57.25","1021.79","3.97879","874.3","871.1"
"40766","2016-02-14 00:00:00","1394-11-25 00:00:00","-2.2","14.6","0.0","8.5","7","280","6.2","-2.275","59.0","1021.72","5.19056","873.6","871.4"
"40766","2016-02-15 00:00:00","1394-11-26 00:00:00","4.4","15.5","0.0","9.7","8","280","9.9","-0.6875","55.375","1024.16","5.69473","875.9","872.9"
"40766","2016-02-16 00:00:00","1394-11-27 00:00:00","-2.6","15.8","0.0","10.2","4","140","6.6","-3.8375","50.875","1026.44","4.63927","877.7","875.4"
"40766","2016-02-17 00:00:00","1394-11-28 00:00:00","0.5","16.4","0.0","10.3","6","360","8.4","-5.4625","39.0","1027.12","4.09507","879.2","875.7"
"40766","2016-02-18 00:00:00","1394-11-29 00:00:00","-2.0","16.6","0.0","10.4","6","280","7.3","-4.725","45.0","1022.37","4.35153","875.1","870.5"
"40766","2016-02-19 00:00:00","1394-11-30 00:00:00","-1.0","16.8","0.0","8.2","6","230","7.9","-4.1875","43.125","1020.44","4.53909","873.9","869.8"
"40766","2016-02-20 00:00:00","1394-12-01 00:00:00","6.9","16.7","0.0","6.2","11","160","11.8","-4.7625","31.625","1016.99","4.33092","870.6","865.5"
"40766","2016-02-21 00:00:00","1394-12-02 00:00:00","3.5","19.5","0.0","9.7","9","100","11.5","-7.35","26.375","1018.54","3.45956","871.4","868.1"
"40766","2016-02-22 00:00:00","1394-12-03 00:00:00","12.8","21.0","0.0","3.7","17","150","16.9","-13.95","12.375","1016.29","2.19248","868.7","866.4"
"40766","2016-02-23 00:00:00","1394-12-04 00:00:00","13.5","15.3","41.0","0.0","14","130","14.4","1.4125","66.75","1018.05","7.03216","871.5","867.2"
"40766","2016-02-24 00:00:00","1394-12-05 00:00:00","5.3","12.9","3.0","4.5","8","230","9.1","2.4375","72.25","1019.13","7.27594","871.4","868.8"
"40766","2016-02-25 00:00:00","1394-12-06 00:00:00","0.8","13.4","0.0","10.0","5","320","7.1","1.775","71.0","1021.09","6.9746","873.2","871.1"
"40766","2016-02-26 00:00:00","1394-12-07 00:00:00","0.5","18.7","0.0","9.2","3","120","9.6","1.875","64.375","1021.76","7.04431","873.8","870.9"
"40766","2016-02-27 00:00:00","1394-12-08 00:00:00","3.8","18.5","0.0","4.6","6","140","11.1","0.825","52.375","1021.59","6.41469","874.3","863.8"
"40766","2016-02-28 00:00:00","1394-12-09 00:00:00","8.7","14.8","18.0","2.0","7","290","11.8","6.4125","79.125","1023.4","9.60933","874.4","873.3"
"40766","2016-02-29 00:00:00","1394-12-10 00:00:00","3.4","15.5","0.0","9.6","8","360","9.4","1.5125","60.875","1025.13","6.97608","876.7","874.4"
"40766","2016-03-01 00:00:00","1394-12-11 00:00:00","2.2","16.9","0.0","10.4","4","130","9.6","0.4","56.125","1023.94","6.30211","876.6","872.7"
"40766","2016-03-02 00:00:00","1394-12-12 00:00:00","2.3","17.7","0.0","10.5","6","120","10.0","0.2125","54.0","1021.12","6.22537","873.6","869.7"
"40766","2016-03-03 00:00:00","1394-12-13 00:00:00","2.0","17.8","0.0","5.2","5","170","9.9","-0.7125","49.125","1019.71","5.88461","872.7","869.1"
"40766","2016-03-04 00:00:00","1394-12-14 00:00:00","6.8","14.4","6.0","2.6","6","100","10.6","5.6","72.75","1018.85","9.23806","871.8","868.1"
"40766","2016-03-05 00:00:00","1394-12-15 00:00:00","9.2","20.0","0.0","7.0","7","210","14.6","4.4375","55.0","1017.01","8.40742","869.9","866.3"
"40766","2016-03-06 00:00:00","1394-12-16 00:00:00","6.7","16.9","0.0","9.3","8","250","11.8","-1.075","48.375","1015.08","5.92723","867.8","865.8"
"40766","2016-03-07 00:00:00","1394-12-17 00:00:00","-0.1","16.4","0.0","10.3","4","280","8.1","-3.65","50.625","1017.44","4.82979","871.0","867.4"
"40766","2016-03-08 00:00:00","1394-12-18 00:00:00","-1.3","17.5","0.0","10.6","4","210","8.1","-5.775","42.0","1016.28","4.0529","870.0","865.6"
"40766","2016-03-09 00:00:00","1394-12-19 00:00:00","-1.0","18.3","0.0","10.8","4","190","8.6","-6.125","40.625","1015.89","4.00322","868.8","865.6"
"40766","2016-03-10 00:00:00","1394-12-20 00:00:00","0.6","19.0","0.0","10.4","6","270","9.8","-2.6875","46.375","1017.13","5.05196","869.6","867.0"
"40766","2016-03-11 00:00:00","1394-12-21 00:00:00","1.4","16.7","0.0","2.2","7","200","9.1","0.775","55.25","1018.68","6.50379","870.2","868.7"
"40766","2016-03-12 00:00:00","1394-12-22 00:00:00","2.6","18.5","0.0","10.1","5","250","10.6","0.675","54.75","1018.52","6.484","871.0","868.3"
"40766","2016-03-13 00:00:00","1394-12-23 00:00:00","3.8","18.7","0.0","10.0","4","270","11.3","-2.9375","44.0","1018.15","5.27508","871.5","868.0"
"40766","2016-03-14 00:00:00","1394-12-24 00:00:00","4.7","17.6","5.0","1.6","8","160","11.1","1.7625","54.875","1014.81","7.08235","868.5","863.4"
"40766","2016-03-15 00:00:00","1394-12-25 00:00:00","9.9","14.3","7.0","2.3","10","260","12.1","1.1375","54.75","1011.26","6.93468","865.3","861.6"
"40766","2016-03-16 00:00:00","1394-12-26 00:00:00","4.8","13.5","0.6","3.0","14","220","9.1","0.575","57.875","1013.77","6.41069","866.3","864.0"
"40766","2016-03-17 00:00:00","1394-12-27 00:00:00","1.7","11.1","15.0","3.0","11","220","6.4","1.8125","78.5","1014.81","6.9776","868.0","865.1"
"40766","2016-03-18 00:00:00","1394-12-28 00:00:00","1.7","11.2","0.1","10.0","8","260","6.4","-4.4375","51.625","1018.35","4.53084","871.2","867.7"
"40766","2016-03-19 00:00:00","1394-12-29 00:00:00","-2.3","12.2","0.0","10.4","9","290","4.9","-5.475","49.625","1020.25","4.0887","872.3","869.9"
"40766","2016-03-20 00:00:00","1395-01-01 00:00:00","-1.4","14.5","0.0","4.0","9","80","6.6","-2.0375","49.75","1016.94","5.3116","871.8","865.6"
"40766","2016-03-21 00:00:00","1395-01-02 00:00:00","10.2","19.3","0.6","5.6","8","230","14.8","-1.2","39.25","1013.69","5.72839","866.7","863.7"
"40766","2016-03-22 00:00:00","1395-01-03 00:00:00","3.2","12.8","1.0","6.9","8","300","8.0","-0.375","58.25","1014.46","6.03538","867.8","864.4"
"40766","2016-03-23 00:00:00","1395-01-04 00:00:00","3.1","14.2","0.0","11.0","8","280","8.6","-1.775","52.0","1018.9","5.40545","872.8","867.4"
"40766","2016-03-24 00:00:00","1395-01-05 00:00:00","-0.6","16.3","0.0","5.0","3","140","7.8","-0.15","56.625","1023.52","6.08105","875.2","872.9"
"40766","2016-03-25 00:00:00","1395-01-06 00:00:00","2.5","19.6","0.0","5.8","7","300","11.1","0.225","48.625","1021.42","6.30582","874.3","867.9"
"40766","2016-03-26 00:00:00","1395-01-07 00:00:00","13.4","16.4","3.0","0.0","7","210","14.9","2.875","57.0","1020.24","7.67062","873.4","868.7"
"40766","2016-03-27 00:00:00","1395-01-08 00:00:00","8.6","10.8","17.0","0.0","9","70","9.7","5.9","77.5","1014.31","9.28956","866.8","863.7"
"40766","2016-03-28 00:00:00","1395-01-09 00:00:00","7.6","13.1","29.01","0.0","8","320","10.4","6.2375","79.125","1011.74","9.5504","865.6","861.8"
"40766","2016-03-29 00:00:00","1395-01-10 00:00:00","4.2","14.5","2.0","10.6","7","290","9.4","-0.2","53.625","1014.21","6.03582","868.0","863.1"
"40766","2016-03-30 00:00:00","1395-01-11 00:00:00","2.0","13.0","0.0","10.6","6","290","7.5","-0.4625","60.625","1018.04","5.93205","870.5","868.0"
"40766","2016-03-31 00:00:00","1395-01-12 00:00:00","0.4","14.7","0.0","9.8","8","280","7.5","-0.775","59.5","1016.26","5.81344","869.2","865.2"
"40766","2016-04-01 00:00:00","1395-01-13 00:00:00","1.7","11.4","0.01","6.8","6","30","6.5","-1.7","57.875","1017.74","5.44756","871.2","866.6"
"40766","2016-04-02 00:00:00","1395-01-14 00:00:00","-1.0","14.1","0.0","11.5","5","270","6.6","-5.6375","45.25","1020.08","4.0829","872.9","869.4"
"40766","2016-04-03 00:00:00","1395-01-15 00:00:00","-1.7","16.7","0.0","10.7","7","260","7.5","-3.4625","47.5","1019.0","4.77115","871.6","868.5"
"40766","2016-04-04 00:00:00","1395-01-16 00:00:00","0.1","18.4","0.0","10.6","7","280","9.3","-1.625","49.125","1018.48","5.45671","871.2","867.8"
"40766","2016-04-05 00:00:00","1395-01-17 00:00:00","1.9","19.7","0.0","10.6","7","290","10.8","-1.5375","42.875","1017.0","5.50294","869.2","866.9"
"40766","2016-04-06 00:00:00","1395-01-18 00:00:00","2.2","20.5","0.0","9.6","5","160","11.4","-0.625","45.625","1016.8","5.86249","868.9","866.7"
"40766","2016-04-07 00:00:00","1395-01-19 00:00:00","2.5","21.2","0.0","10.8","6","270","11.9","0.2","46.375","1017.47","6.26929","870.0","867.5"
"40766","2016-04-08 00:00:00","1395-01-20 00:00:00","3.2","21.3","0.0","10.5","6","280","12.3","1.0625","49.0","1017.84","6.7269","870.7","867.5"
"40766","2016-04-09 00:00:00","1395-01-21 00:00:00","4.1","21.2","0.0","10.4","4","290","12.7","1.2625","48.75","1017.47","6.76761","869.8","867.0"
"40766","2016-04-10 00:00:00","1395-01-22 00:00:00","4.7","19.8","0.0","1.3","5","280","12.3","4.6","56.25","1018.58","8.54661","870.5","868.8"
"40766","2016-04-11 00:00:00","1395-01-23 00:00:00","11.2","18.2","3.1","0.9","7","90","14.7","8.15","69.75","1017.26","10.8722","870.6","866.7"
"40766","2016-04-12 00:00:00","1395-01-24 00:00:00","10.8","16.8","23.3","1.2","9","240","13.8","9.3","79.75","1012.78","11.7482","865.7","863.6"
"40766","2016-04-13 00:00:00","1395-01-25 00:00:00","9.5","13.7","51.0","0.6","11","280","11.6","7.075","86.375","1012.37","10.077","865.4","862.8"
"40766","2016-04-14 00:00:00","1395-01-26 00:00:00","4.9","18.4","21.0","4.8","15","80","11.6","5.175","76.625","1012.92","8.8373","867.0","862.7"
"40766","2016-04-15 00:00:00","1395-01-27 00:00:00","4.7","14.1","9.0","4.0","7","10","9.4","5.475","79.625","1015.78","9.00015","869.1","865.4"
"40766","2016-04-16 00:00:00","1395-01-28 00:00:00","6.2","16.9","0.1","9.5","10","300","11.5","5.8125","68.0","1018.38","9.29155","870.7","869.5"
"40766","2016-04-17 00:00:00","1395-01-29 00:00:00","3.3","18.8","1.0","8.1","10","290","11.0","4.425","69.625","1018.28","8.44947","870.2","868.3"
"40766","2016-04-18 00:00:00","1395-01-30 00:00:00","2.8","18.5","0.0","11.5","5","260","10.6","0.45","55.125","1017.99","6.56455","870.6","867.0"
"40766","2016-04-19 00:00:00","1395-01-31 00:00:00","3.1","18.4","0.0","10.2","5","360","10.8","2.075","57.125","1018.9","7.11298","871.7","868.6"
"40766","2016-04-20 00:00:00","1395-02-01 00:00:00","3.2","20.3","0.0","12.1","6","110","11.8","-1.0625","46.75","1022.8","5.90226","874.1","872.4"
"40766","2016-04-21 00:00:00","1395-02-02 00:00:00","3.4","22.7","0.0","12.1","7","130","13.1","2.525","49.25","1021.42","7.39309","873.8","870.4"
"40766","2016-04-22 00:00:00","1395-02-03 00:00:00","4.4","24.5","0.0","11.8","5","280","14.4","2.85","49.75","1019.97","7.56921","872.4","869.4"
"40766","2016-04-23 00:00:00","1395-02-04 00:00:00","5.3","24.4","0.01","9.5","8","70","14.9","5.3125","57.875","1018.81","8.95863","871.1","868.4"
"40766","2016-04-24 00:00:00","1395-02-05 00:00:00","7.5","25.3","0.0","10.0","6","280","16.4","4.2","50.25","1015.02","8.34386","867.6","865.0"
"40766","2016-04-25 00:00:00","1395-02-06 00:00:00","9.0","25.8","0.0","7.0","5","90","17.4","6.3375","50.0","1015.45","9.60095","867.5","865.9"
"40766","2016-04-26 00:00:00","1395-02-07 00:00:00","13.6","27.1","0.0","7.3","7","200","20.4","5.5625","40.375","1017.92","9.09338","870.2","867.2"
"40766","2016-04-27 00:00:00","1395-02-08 00:00:00","8.1","29.2","0.0","9.1","6","270","18.7","7.1375","52.5","1018.89","10.2428","871.4","868.9"
"40766","2016-04-28 00:00:00","1395-02-09 00:00:00","13.7","26.2","0.0","0.8","7","250","20.0","6.9875","48.375","1017.2","10.1447","869.0","867.1"
"40766","2016-04-29 00:00:00","1395-02-10 00:00:00","11.8","22.6","24.0","0.4","8","310","17.2","9.05","72.625","1017.68","11.5877","870.6","867.8"
"40766","2016-04-30 00:00:00","1395-02-11 00:00:00","9.5","21.1","4.0","10.8","6","280","15.3","7.7375","65.625","1017.5","10.6887","869.4","867.6"
"40766","2016-05-01 00:00:00","1395-02-12 00:00:00","6.7","22.7","0.0","11.0","6","280","14.7","5.22857","50.7143","1017.96","8.90339","870.4","867.7"
"40766","2016-05-02 00:00:00","1395-02-13 00:00:00","8.0","20.9","0.3","8.3","10","290","14.4","8.725","68.625","1017.71","11.2892","870.0","868.2"
"40766","2016-05-03 00:00:00","1395-02-14 00:00:00","9.2","25.7","0.1","6.2","10","120","17.5","8.9375","60.625","1015.27","11.4753","868.2","864.7"
"40766","2016-05-04 00:00:00","1395-02-15 00:00:00","9.1","26.7","0.0","10.8","6","260","17.9","7.9375","50.375","1015.31","10.7029","867.5","865.9"
"40766","2016-05-05 00:00:00","1395-02-16 00:00:00","14.7","23.4","0.12","0.0","15","240","19.0","7.25","56.5","1018.08","10.3363","870.9","867.4"
"40766","2016-05-06 00:00:00","1395-02-17 00:00:00","11.0","18.5","13.3","0.9","10","280","14.8","9.6875","73.125","1017.64","12.0742","872.9","866.3"
"40766","2016-05-07 00:00:00","1395-02-18 00:00:00","11.6","24.2","0.01","6.1","8","290","17.9","9.05","62.75","1017.14","11.5501","869.4","867.0"
"40766","2016-05-08 00:00:00","1395-02-19 00:00:00","8.8","23.9","2.0","8.8","6","290","16.4","7.5375","59.5","1017.63","10.5257","869.6","867.8"
"40766","2016-05-09 00:00:00","1395-02-20 00:00:00","7.1","23.1","0.0","6.3","5","330","15.1","3.6625","51.125","1018.59","8.01166","871.2","868.3"
"40766","2016-05-10 00:00:00","1395-02-21 00:00:00","6.3","24.7","0.01","10.8","12","270","15.5","7.325","64.875","1016.29","10.2833","869.3","866.1"
"40766","2016-05-11 00:00:00","1395-02-22 00:00:00","8.3","21.9","3.31","4.0","6","110","15.1","7.625","69.125","1017.16","10.6712","869.6","866.9"
"40766","2016-05-12 00:00:00","1395-02-23 00:00:00","","18.9","8.0","5.0","14","290","","9.45","76.0","1017.21","12.3074","869.8","867.0"
"40766","2016-05-13 00:00:00","1395-02-24 00:00:00","7.7","25.0","0.0","11.5","6","290","16.4","8.5875","62.0","1016.84","11.2429","868.8","867.4"
"40766","2016-05-14 00:00:00","1395-02-25 00:00:00","8.4","26.1","0.0","12.0","7","280","17.3","7.8","54.625","1019.29","10.598","870.9","868.6"
"40766","2016-05-15 00:00:00","1395-02-26 00:00:00","8.9","27.7","0.0","12.0","8","290","18.3","8.4375","51.625","1020.17","11.0588","872.5","869.7"
"40766","2016-05-16 00:00:00","1395-02-27 00:00:00","10.4","29.8","0.0","11.3","7","300","20.1","9.55","51.25","1019.2","12.2041","871.6","869.0"
"40766","2016-05-17 00:00:00","1395-02-28 00:00:00","11.8","31.5","0.0","11.9","3","300","21.6","11.0875","54.5","1017.58","13.243","870.5","866.9"
"40766","2016-05-18 00:00:00","1395-02-29 00:00:00","13.2","31.7","0.9","5.5","15","180","22.5","6.55","42.0","1015.02","10.1712","867.5","865.6"
"40766","2016-05-19 00:00:00","1395-02-30 00:00:00","12.6","29.5","0.0","5.2","9","300","21.0","6.9","44.625","1014.03","10.0606","867.0","864.5"
"40766","2016-05-20 00:00:00","1395-02-31 00:00:00","10.0","28.2","0.0","11.8","7","290","19.1","1.925","34.375","1013.75","7.09794","866.4","864.1"
"40766","2016-05-21 00:00:00","1395-03-01 00:00:00","6.1","28.3","0.0","12.5","5","300","17.2","0.225","37.75","1015.72","6.35777","868.2","866.2"
"40766","2016-05-22 00:00:00","1395-03-02 00:00:00","6.2","30.0","0.0","12.0","6","300","18.1","1.575","35.0","1015.38","6.92826","867.7","865.5"
"40766","2016-05-23 00:00:00","1395-03-03 00:00:00","8.5","29.8","0.0","12.0","5","300","19.1","0.5125","32.375","1015.37","6.45929","868.3","865.5"
"40766","2016-05-24 00:00:00","1395-03-04 00:00:00","10.4","30.7","0.0","9.4","9","180","20.5","1.5375","31.5","1012.21","6.90611","865.5","862.4"
"40766","2016-05-25 00:00:00","1395-03-05 00:00:00","10.9","25.0","0.0","11.9","6","300","18.0","3.575","40.25","1013.6","7.91689","865.9","864.1"
"40766","2016-05-26 00:00:00","1395-03-06 00:00:00","8.0","28.1","0.0","12.2","5","280","18.0","3.225","37.875","1014.02","7.79007","866.4","864.5"
"40766","2016-05-27 00:00:00","1395-03-07 00:00:00","9.2","31.1","0.0","12.4","4","80","20.1","0.95","33.25","1015.14","6.72313","867.7","865.7"
"40766","2016-05-28 00:00:00","1395-03-08 00:00:00","12.6","33.5","0.0","11.5","8","200","23.0","-2.325","22.75","1014.74","5.48035","866.9","865.4"
"40766","2016-05-29 00:00:00","1395-03-09 00:00:00","10.0","30.0","0.0","12.6","7","250","20.0","-1.3125","27.5","1015.89","5.87885","867.9","866.3"
"40766","2016-05-30 00:00:00","1395-03-10 00:00:00","11.9","28.5","0.0","12.7","10","300","20.2","-1.425","27.0","1014.71","5.67865","867.0","865.0"
"40766","2016-05-31 00:00:00","1395-03-11 00:00:00","9.7","26.8","0.0","12.5","8","300","18.3","0.5125","32.625","1014.44","6.44186","866.6","864.9"
"40766","2016-06-01 00:00:00","1395-03-12 00:00:00","12.8","27.9","0.0","9.9","7","290","20.4","2.1","31.75","1014.04","7.15167","866.8","864.1"
"40766","2016-06-02 00:00:00","1395-03-13 00:00:00","11.5","29.2","0.0","11.9","8","290","20.4","1.425","30.5","1013.16","6.88967","865.9","863.5"
"40766","2016-06-03 00:00:00","1395-03-14 00:00:00","11.2","30.6","0.0","11.7","6","300","20.9","1.1125","29.25","1013.79","6.72958","866.3","864.2"
"40766","2016-06-04 00:00:00","1395-03-15 00:00:00","11.6","31.8","0.0","11.7","7","300","21.7","1.45","27.0","1016.32","6.80451","869.2","866.3"
"40766","2016-06-05 00:00:00","1395-03-16 00:00:00","12.5","32.6","0.0","11.4","7","290","22.5","1.0","26.375","1018.55","6.87922","870.9","868.5"
"40766","2016-06-06 00:00:00","1395-03-17 00:00:00","14.9","34.9","0.0","3.4","9","240","24.9","-0.5375","21.25","1016.97","6.08895","869.0","867.0"
"40766","2016-06-07 00:00:00","1395-03-18 00:00:00","11.4","33.2","0.0","12.5","9","220","22.3","-4.225","20.625","1015.61","4.90128","867.5","866.1"
"40766","2016-06-08 00:00:00","1395-03-19 00:00:00","12.0","31.3","0.0","9.8","8","310","21.6","-1.525","24.375","1015.72","5.59649","867.9","865.5"
"40766","2016-06-09 00:00:00","1395-03-20 00:00:00","10.1","34.4","0.0","10.6","7","260","22.3","-1.5","21.375","1016.05","5.55762","868.7","865.8"
"40766","2016-06-10 00:00:00","1395-03-21 00:00:00","16.8","35.5","0.3","6.5","15","280","26.1","0.1875","23.25","1014.23","6.68854","866.6","864.7"
"40766","2016-06-11 00:00:00","1395-03-22 00:00:00","14.5","32.3","0.0","12.3","7","290","23.4","-3.5625","19.625","1014.9","4.85508","867.2","864.6"
"40766","2016-06-12 00:00:00","1395-03-23 00:00:00","9.4","30.4","0.0","13.2","8","290","19.9","-2.7125","21.75","1013.96","5.05028","867.1","863.6"
"40766","2016-06-13 00:00:00","1395-03-24 00:00:00","10.4","28.9","0.0","12.7","6","280","19.6","0.0875","27.125","1015.15","6.1717","867.5","865.5"
"40766","2016-06-14 00:00:00","1395-03-25 00:00:00","10.4","32.6","0.0","13.2","5","270","21.5","-0.925","22.625","1015.11","5.77771","867.9","864.8"
"40766","2016-06-15 00:00:00","1395-03-26 00:00:00","11.2","35.8","0.0","13.0","5","270","23.5","-5.325","16.5","1012.25","4.52572","866.2","861.9"
"40766","2016-06-16 00:00:00","1395-03-27 00:00:00","12.4","35.3","0.0","7.3","13","220","23.8","-3.8625","18.375","1008.24","4.96286","861.7","859.2"
"40766","2016-06-17 00:00:00","1395-03-28 00:00:00","17.6","30.6","0.0","0.0","6","220","24.1","0.275","23.5","1010.32","6.38323","863.8","860.3"
"40766","2016-06-18 00:00:00","1395-03-29 00:00:00","16.0","32.3","0.0","9.0","6","170","24.1","-0.675","21.875","1014.14","5.94816","867.0","864.0"
"40766","2016-06-19 00:00:00","1395-03-30 00:00:00","12.9","33.3","0.0","11.7","6","290","23.1","-0.0125","22.875","1016.33","6.77386","868.3","866.7"
"40766","2016-06-20 00:00:00","1395-03-31 00:00:00","13.9","34.5","0.0","12.1","6","290","24.2","1.875","23.75","1014.84","7.01802","867.6","864.7"
"40766","2016-06-21 00:00:00","1395-04-01 00:00:00","14.2","38.0","0.0","11.9","6","140","26.1","-3.5","19.0","1011.9","5.24619","865.7","861.7"
"40766","2016-06-22 00:00:00","1395-04-02 00:00:00","17.6","38.4","0.0","11.5","10","70","28.0","-5.475","13.25","1011.61","4.24602","864.3","862.4"
"40766","2016-06-23 00:00:00","1395-04-03 00:00:00","20.6","38.0","0.0","11.0","6","110","29.3","-1.475","14.125","1011.85","5.56771","864.7","862.4"
"40766","2016-06-24 00:00:00","1395-04-04 00:00:00","17.7","37.2","0.0","11.1","4","210","27.5","2.775","23.25","1011.29","7.64589","865.1","861.4"
"40766","2016-06-25 00:00:00","1395-04-05 00:00:00","14.8","38.0","0.0","11.0","6","300","26.4","-0.35","18.0","1012.28","6.14212","865.4","863.0"
"40766","2016-06-26 00:00:00","1395-04-06 00:00:00","16.3","38.7","0.0","12.0","7","300","27.5","-2.55","16.375","1013.48","5.40034","866.7","863.7"
"40766","2016-06-27 00:00:00","1395-04-07 00:00:00","16.1","38.2","0.0","12.0","4","270","27.2","0.4375","19.25","1010.87","6.43968","864.7","861.4"
"40766","2016-06-28 00:00:00","1395-04-08 00:00:00","16.5","38.7","0.0","10.9","7","290","27.6","0.9625","18.875","1010.06","6.59965","863.2","860.8"
"40766","2016-06-29 00:00:00","1395-04-09 00:00:00","16.4","38.6","0.0","11.9","7","300","27.5","-2.1125","16.0","1012.94","5.57639","865.6","863.2"
"40766","2016-06-30 00:00:00","1395-04-10 00:00:00","15.2","38.8","0.0","11.8","5","290","27.0","-2.7875","15.875","1013.66","5.36814","867.3","863.6"
"40766","2016-07-01 00:00:00","1395-04-11 00:00:00","16.8","40.1","0.0","11.8","9","290","28.4","-2.0","16.25","1010.52","5.41741","864.4","860.4"
"40766","2016-07-02 00:00:00","1395-04-12 00:00:00","16.0","39.5","0.0","12.0","8","170","27.8","-4.25","13.125","1007.43","4.53294","861.1","858.2"
"40766","2016-07-03 00:00:00","1395-04-13 00:00:00","14.2","38.7","0.0","12.4","6","220","26.5","-4.3375","14.625","1005.87","4.73873","859.6","856.8"
"40766","2016-07-04 00:00:00","1395-04-14 00:00:00","16.2","37.6","0.0","12.6","6","280","26.9","0.65","18.75","1006.69","6.62623","860.0","858.0"
"40766","2016-07-05 00:00:00","1395-04-15 00:00:00","19.9","37.3","0.0","6.3","6","290","28.6","1.9375","20.625","1007.06","6.57371","860.6","858.7"
"40766","2016-07-06 00:00:00","1395-04-16 00:00:00","19.6","36.7","0.0","","7","300","28.2","-0.428571","18.0","1009.02","6.14759","862.3","860.3"
"40766","2016-07-07 00:00:00","1395-04-17 00:00:00","17.5","35.8","0.0","11.3","5","280","26.6","0.6625","18.75","1011.22","6.5171","864.0","862.4"
"40766","2016-07-08 00:00:00","1395-04-18 00:00:00","15.7","37.4","0.0","12.2","6","290","26.6","-1.95","16.0","1011.67","5.38303","864.9","861.8"
"40766","2016-07-09 00:00:00","1395-04-19 00:00:00","17.7","38.4","0.0","12.1","7","280","28.1","-0.1625","16.25","1010.83","6.24579","864.3","861.0"
"40766","2016-07-10 00:00:00","1395-04-20 00:00:00","18.2","37.6","0.0","12.0","9","290","27.9","2.85","20.75","1009.61","7.7202","863.0","860.5"
"40766","2016-07-11 00:00:00","1395-04-21 00:00:00","15.5","37.9","0.0","11.8","9","290","26.7","-2.625","15.375","1008.53","5.10062","861.4","859.3"
"40766","2016-07-12 00:00:00","1395-04-22 00:00:00","15.5","38.8","0.0","12.0","5","310","27.1","-4.425","13.75","1010.08","4.43658","863.0","861.3"
"40766","2016-07-13 00:00:00","1395-04-23 00:00:00","17.2","37.3","0.0","11.8","5","100","27.3","3.8875","21.0","1011.66","8.3005","865.4","862.2"
"40766","2016-07-14 00:00:00","1395-04-24 00:00:00","20.3","41.2","0.0","11.8","7","210","30.8","0.175","19.125","1010.49","7.93164","863.9","860.9"
"40766","2016-07-15 00:00:00","1395-04-25 00:00:00","17.1","41.8","0.0","12.0","6","180","29.5","-3.475","13.5","1011.26","5.11731","864.1","862.4"
"40766","2016-07-16 00:00:00","1395-04-26 00:00:00","18.1","42.1","0.0","11.6","8","210","30.1","-2.675","13.875","1010.33","5.16594","863.9","860.6"
"40766","2016-07-17 00:00:00","1395-04-27 00:00:00","18.9","42.3","0.0","11.9","8","220","30.6","-2.7375","13.625","1010.28","5.29749","863.6","861.0"
"40766","2016-07-18 00:00:00","1395-04-28 00:00:00","19.3","42.0","0.0","11.8","7","190","30.6","-2.5125","14.25","1009.85","5.58773","863.3","860.8"
"40766","2016-07-19 00:00:00","1395-04-29 00:00:00","18.4","39.4","0.0","11.8","7","300","28.9","-2.65","14.125","1011.36","5.13167","864.4","862.4"
"40766","2016-07-20 00:00:00","1395-04-30 00:00:00","","40.6","0.0","8.2","6","290","","-1.8875","14.625","1013.76","5.24758","866.4","864.1"
"40766","2016-07-21 00:00:00","1395-04-31 00:00:00","17.2","41.4","0.0","10.0","5","280","29.3","-2.45","15.0","1015.14","5.30402","868.3","865.1"
"40766","2016-07-22 00:00:00","1395-05-01 00:00:00","18.0","41.6","0.0","11.8","7","300","29.8","-3.9625","12.375","1013.87","4.69599","867.1","864.0"
"40766","2016-07-23 00:00:00","1395-05-02 00:00:00","16.9","41.6","0.0","12.0","7","280","29.3","-1.875","15.375","1008.87","5.52179","863.5","858.7"
"40766","2016-07-24 00:00:00","1395-05-03 00:00:00","16.1","42.2","0.0","11.9","7","200","29.2","-7.4","12.125","1006.81","4.08333","860.6","858.3"
"40766","2016-07-25 00:00:00","1395-05-04 00:00:00","16.8","38.1","0.0","11.6","6","240","27.4","-2.7625","13.5","1010.02","5.0944","863.5","860.5"
"40766","2016-07-26 00:00:00","1395-05-05 00:00:00","17.2","36.3","0.0","11.7","6","300","26.8","-0.4","18.0","1011.9","6.02442","864.8","862.5"
"40766","2016-07-27 00:00:00","1395-05-06 00:00:00","16.9","37.4","0.0","11.7","6","300","27.2","-4.1625","13.875","1011.57","4.63255","864.9","861.9"
"40766","2016-07-28 00:00:00","1395-05-07 00:00:00","16.6","38.8","0.0","12.0","7","300","27.7","-7.3375","11.875","1011.03","3.6573","864.0","861.5"
"40766","2016-07-29 00:00:00","1395-05-08 00:00:00","15.3","36.9","0.0","12.2","6","260","26.1","-6.65","12.75","1011.56","3.88563","864.6","862.6"
"40766","2016-07-30 00:00:00","1395-05-09 00:00:00","14.4","37.6","0.0","12.0","5","300","26.0","-3.9625","14.5","1011.16","4.74317","864.4","861.1"
"40766","2016-07-31 00:00:00","1395-05-10 00:00:00","15.2","38.9","0.0","12.0","8","300","27.1","-6.55","11.875","1013.48","3.84351","866.4","863.5"
"40766","2016-08-01 00:00:00","1395-05-11 00:00:00","16.2","39.3","0.0","12.0","7","290","27.8","-5.21429","11.0","1014.9","4.23737","867.9","864.9"
"40766","2016-08-02 00:00:00","1395-05-12 00:00:00","15.2","38.5","0.0","12.1","8","280","26.9","-6.725","12.25","1012.89","3.93111","866.3","862.1"
"40766","2016-08-03 00:00:00","1395-05-13 00:00:00","16.1","38.8","0.0","12.1","7","80","27.5","-6.3875","10.875","1009.75","3.90561","863.5","860.3"
"40766","2016-08-04 00:00:00","1395-05-14 00:00:00","18.9","39.4","0.0","12.0","5","230","29.2","-5.5875","12.5","1010.12","4.77746","863.4","861.1"
"40766","2016-08-05 00:00:00","1395-05-15 00:00:00","18.0","39.2","0.0","11.0","5","280","28.6","-1.8125","12.875","1012.92","5.39345","865.6","863.5"
"40766","2016-08-06 00:00:00","1395-05-16 00:00:00","19.1","40.7","0.0","11.8","6","280","29.9","-4.5375","11.375","1012.49","4.76975","865.8","862.4"
"40766","2016-08-07 00:00:00","1395-05-17 00:00:00","20.6","41.0","0.0","11.8","6","280","30.8","-5.4125","11.375","1011.5","4.33102","864.9","861.3"
"40766","2016-08-08 00:00:00","1395-05-18 00:00:00","16.8","40.2","0.0","11.8","6","290","28.5","-2.9","14.625","1011.58","5.07774","864.7","861.8"
"40766","2016-08-09 00:00:00","1395-05-19 00:00:00","17.6","40.4","0.0","11.5","6","280","29.0","-3.9375","13.5","1011.83","4.75201","865.0","862.4"
"40766","2016-08-10 00:00:00","1395-05-20 00:00:00","17.9","41.2","0.0","11.4","6","290","29.5","-4.725","12.5","1012.64","4.46998","866.0","862.5"
"40766","2016-08-11 00:00:00","1395-05-21 00:00:00","16.5","40.7","0.0","11.9","5","280","28.6","-8.6375","11.625","1013.15","3.69742","866.5","862.9"
"40766","2016-08-12 00:00:00","1395-05-22 00:00:00","17.3","39.6","0.0","11.4","8","290","28.4","-5.7875","11.875","1014.36","4.12236","867.1","864.5"
"40766","2016-08-13 00:00:00","1395-05-23 00:00:00","16.7","39.4","0.0","11.5","8","290","28.1","-4.1875","13.375","1015.27","4.92451","868.1","865.7"
"40766","2016-08-14 00:00:00","1395-05-24 00:00:00","16.5","39.4","0.0","11.8","6","290","28.0","-13.225","10.125","1014.57","3.88836","867.5","864.5"
"40766","2016-08-15 00:00:00","1395-05-25 00:00:00","14.7","39.4","0.0","11.8","6","300","27.1","-10.725","8.75","1013.13","2.83394","866.2","863.6"
"40766","2016-08-16 00:00:00","1395-05-26 00:00:00","17.2","39.2","0.0","10.7","6","290","28.2","-1.8625","15.375","1011.91","5.50666","865.5","861.9"
"40766","2016-08-17 00:00:00","1395-05-27 00:00:00","18.8","39.0","0.0","4.6","7","280","28.9","-0.0875","17.625","1010.59","6.17224","864.0","860.7"
"40766","2016-08-18 00:00:00","1395-05-28 00:00:00","18.1","38.6","0.0","7.7","5","160","28.3","-2.4","14.75","1009.75","5.22742","862.9","860.2"
"40766","2016-08-19 00:00:00","1395-05-29 00:00:00","19.0","38.0","0.0","7.3","8","110","28.5","-5.375","12.375","1012.21","4.20301","865.5","862.9"
"40766","2016-08-20 00:00:00","1395-05-30 00:00:00","17.6","37.5","0.0","10.6","5","120","27.5","-7.31429","11.1429","1014.38","3.76306","866.9","864.8"
"40766","2016-08-21 00:00:00","1395-05-31 00:00:00","18.0","37.0","0.0","11.9","7","90","27.5","-11.0625","8.75","1014.7","3.28748","867.8","864.7"
"40766","2016-08-22 00:00:00","1395-06-01 00:00:00","19.1","37.1","0.0","11.7","7","100","28.1","-7.425","9.875","1015.27","3.56698","868.2","865.3"
"40766","2016-08-23 00:00:00","1395-06-02 00:00:00","19.9","37.6","0.0","11.0","7","110","28.8","-8.3375","9.0","1015.44","3.38467","868.2","865.5"
"40766","2016-08-24 00:00:00","1395-06-03 00:00:00","19.4","37.9","0.0","11.4","5","100","28.7","-9.325","8.875","1014.13","3.09114","867.3","864.0"
"40766","2016-08-25 00:00:00","1395-06-04 00:00:00","17.7","37.9","0.0","9.9","5","90","27.8","-8.1875","10.75","1014.91","3.4874","867.5","865.2"
"40766","2016-08-26 00:00:00","1395-06-05 00:00:00","18.3","38.2","0.0","8.0","6","240","28.3","-8.025","10.875","1017.6","3.9355","870.3","867.7"
"40766","2016-08-27 00:00:00","1395-06-06 00:00:00","15.9","39.4","0.0","10.1","5","230","27.7","-8.325","10.25","1018.68","3.27668","871.3","868.5"
"40766","2016-08-28 00:00:00","1395-06-07 00:00:00","17.2","39.9","0.0","10.8","5","320","28.6","-8.5875","10.25","1018.14","3.36026","871.0","867.6"
"40766","2016-08-29 00:00:00","1395-06-08 00:00:00","18.3","39.9","0.0","10.0","5","280","29.1","-8.475","8.75","1017.21","3.27711","870.1","866.9"
"40766","2016-08-30 00:00:00","1395-06-09 00:00:00","18.9","40.0","0.0","9.2","4","310","29.5","-7.5625","9.75","1015.75","3.58049","869.0","865.7"
"40766","2016-08-31 00:00:00","1395-06-10 00:00:00","21.6","39.8","0.0","7.3","6","290","30.7","-5.6875","9.875","1014.07","4.04379","867.5","864.0"
"40766","2016-09-01 00:00:00","1395-06-11 00:00:00","17.5","37.9","0.0","6.6","7","280","27.7","-3.2625","13.375","1013.26","4.86879","866.2","863.8"
"40766","2016-09-02 00:00:00","1395-06-12 00:00:00","16.7","37.2","0.0","6.6","14","280","27.0","-5.0375","14.375","1013.43","4.36743","865.8","864.2"
"40766","2016-09-03 00:00:00","1395-06-13 00:00:00","16.0","37.7","0.0","8.1","10","240","26.9","-4.325","14.625","1014.34","4.51497","866.8","864.7"
"40766","2016-09-04 00:00:00","1395-06-14 00:00:00","16.7","38.4","0.0","10.2","9","270","27.6","-5.2375","13.875","1017.04","4.21686","869.6","867.0"
"40766","2016-09-05 00:00:00","1395-06-15 00:00:00","","34.8","0.0","11.5","7","290","","-7.05","14.5","1018.73","3.49009","871.1","868.9"
"40766","2016-09-06 00:00:00","1395-06-16 00:00:00","10.0","34.4","0.0","11.2","8","290","22.2","-7.075","15.5","1017.41","3.69353","870.5","867.1"
"40766","2016-09-07 00:00:00","1395-06-17 00:00:00","10.7","34.1","0.0","11.2","7","290","22.4","-6.4","15.75","1013.45","4.43974","866.6","864.0"
"40766","2016-09-08 00:00:00","1395-06-18 00:00:00","13.0","32.8","0.0","11.0","6","110","22.9","-0.2","21.75","1012.96","6.12505","866.2","863.4"
"40766","2016-09-09 00:00:00","1395-06-19 00:00:00","14.6","33.6","0.0","10.5","4","180","24.1","-3.1","18.125","1015.21","5.03163","868.1","865.2"
"40766","2016-09-10 00:00:00","1395-06-20 00:00:00","15.0","34.2","0.0","10.3","5","300","24.6","-6.7875","14.0","1016.96","3.90288","869.6","866.9"
"40766","2016-09-11 00:00:00","1395-06-21 00:00:00","12.8","34.9","0.0","10.7","6","280","23.9","-10.4","12.0","1016.43","3.03139","869.4","865.7"
"40766","2016-09-12 00:00:00","1395-06-22 00:00:00","11.1","34.7","0.0","10.9","6","300","22.9","-11.3375","10.875","1014.9","2.65895","867.9","864.8"
"40766","2016-09-13 00:00:00","1395-06-23 00:00:00","11.1","35.1","0.0","10.6","6","250","23.1","-12.975","10.625","1015.58","2.8276","868.1","865.8"
"40766","2016-09-14 00:00:00","1395-06-24 00:00:00","12.0","34.5","0.0","10.7","9","280","23.3","-6.175","15.0","1016.99","3.95171","869.1","867.2"
"40766","2016-09-15 00:00:00","1395-06-25 00:00:00","11.7","35.4","0.0","10.4","10","270","23.6","-4.7875","17.25","1016.99","4.41325","869.0","867.0"
"40766","2016-09-16 00:00:00","1395-06-26 00:00:00","13.0","35.4","0.0","8.9","9","260","24.2","-6.75","15.125","1016.63","3.77251","869.1","866.8"
"40766","2016-09-17 00:00:00","1395-06-27 00:00:00","14.4","34.6","0.0","10.4","11","260","24.5","-6.925","14.375","1015.11","3.8535","867.3","865.6"
"40766","2016-09-18 00:00:00","1395-06-28 00:00:00","12.7","30.1","0.0","11.0","5","290","21.4","-5.85","18.875","1015.66","4.80437","868.5","867.0"
"40766","2016-09-19 00:00:00","1395-06-29 00:00:00","9.5","31.6","0.0","10.8","6","290","20.5","-9.4375","15.125","1015.49","3.40799","867.8","865.3"
"40766","2016-09-20 00:00:00","1395-06-30 00:00:00","8.4","31.0","0.0","10.7","5","290","19.7","-11.125","14.375","1016.19","2.8161","869.1","865.7"
"40766","2016-09-21 00:00:00","1395-06-31 00:00:00","9.3","32.2","0.0","10.6","8","290","20.8","-8.9","14.375","1016.69","3.2409","869.6","866.0"
"40766","2016-09-22 00:00:00","1395-07-01 00:00:00","11.0","30.8","0.0","10.2","10","360","20.9","-4.9625","19.25","1019.02","4.34072","871.7","868.4"
"40766","2016-09-23 00:00:00","1395-07-02 00:00:00","9.5","32.0","0.0","9.9","7","250","20.8","-4.1625","20.5","1017.47","4.55276","870.8","866.9"
"40766","2016-09-24 00:00:00","1395-07-03 00:00:00","14.4","27.8","0.0","10.2","7","290","21.1","-0.1125","27.0","1015.34","6.15137","867.6","865.7"
"40766","2016-09-25 00:00:00","1395-07-04 00:00:00","7.7","29.8","0.0","10.8","4","270","18.8","-9.5875","21.75","1015.08","4.6923","867.7","865.1"
"40766","2016-09-26 00:00:00","1395-07-05 00:00:00","9.2","29.9","0.0","10.1","6","310","19.5","-7.8875","15.875","1017.84","3.49392","870.3","867.5"
"40766","2016-09-27 00:00:00","1395-07-06 00:00:00","9.5","32.4","0.0","10.3","8","280","21.0","-6.375","17.875","1019.64","3.93947","871.5","869.0"
"40766","2016-09-28 00:00:00","1395-07-07 00:00:00","10.8","31.9","0.0","10.2","8","260","21.4","-5.25","19.0","1019.17","4.17772","871.9","868.5"
"40766","2016-09-29 00:00:00","1395-07-08 00:00:00","9.7","27.4","0.0","10.0","7","290","18.5","-6.8875","19.625","1015.65","3.86579","868.7","865.2"
"40766","2016-09-30 00:00:00","1395-07-09 00:00:00","7.6","27.3","0.0","9.5","7","250","17.4","-7.425","20.375","1013.19","3.58132","866.2","863.4"
"40766","2016-10-01 00:00:00","1395-07-10 00:00:00","8.9","24.2","0.0","6.5","10","110","16.5","-2.1375","26.125","1015.72","5.31188","870.0","864.4"
"40766","2016-10-02 00:00:00","1395-07-11 00:00:00","15.3","24.9","0.0","9.1","13","100","20.1","-5.85","17.75","1020.65","4.02122","872.3","870.3"
"40766","2016-10-03 00:00:00","1395-07-12 00:00:00","10.8","25.9","0.0","9.8","6","60","18.4","-6.9","19.5","1020.08","3.65947","872.9","869.7"
"40766","2016-10-04 00:00:00","1395-07-13 00:00:00","7.8","28.3","0.0","10.0","4","100","18.0","-7.8","19.375","1017.48","3.45216","870.1","867.4"
"40766","2016-10-05 00:00:00","1395-07-14 00:00:00","7.7","28.8","0.0","10.0","3","290","18.3","-9.4","17.0","1016.69","3.05722","869.5","866.8"
"40766","2016-10-06 00:00:00","1395-07-15 00:00:00","8.5","29.9","0.0","9.9","4","300","19.2","-10.2625","14.5","1018.24","2.83228","870.4","868.1"
"40766","2016-10-07 00:00:00","1395-07-16 00:00:00","8.9","30.7","0.0","10.0","4","90","19.8","-14.4125","12.0","1020.24","2.15026","872.5","869.9"
"40766","2016-10-08 00:00:00","1395-07-17 00:00:00","8.3","31.4","0.0","10.0","6","250","19.9","-15.975","9.75","1020.48","1.86321","872.6","869.9"
"40766","2016-10-09 00:00:00","1395-07-18 00:00:00","6.2","28.2","0.0","9.6","4","290","17.2","-18.325","10.25","1020.37","1.64613","872.8","869.8"
"40766","2016-10-10 00:00:00","1395-07-19 00:00:00","5.7","28.9","0.0","9.0","5","290","17.3","-15.1875","11.5","1018.85","1.96013","871.7","867.7"
"40766","2016-10-11 00:00:00","1395-07-20 00:00:00","6.7","28.4","0.0","10.0","7","280","17.5","-12.4375","13.375","1019.03","2.45976","871.5","868.8"
"40766","2016-10-12 00:00:00","1395-07-21 00:00:00","6.4","26.7","0.0","9.8","7","270","16.6","-7.15","20.75","1018.76","3.66176","871.1","868.2"
"40766","2016-10-13 00:00:00","1395-07-22 00:00:00","6.1","27.4","0.0","10.0","4","280","16.8","-8.9375","21.25","1019.02","3.28897","871.3","868.8"
"40766","2016-10-14 00:00:00","1395-07-23 00:00:00","5.7","27.9","0.0","9.5","7","280","16.8","-10.4125","15.125","1018.98","2.85395","871.6","868.0"
"40766","2016-10-15 00:00:00","1395-07-24 00:00:00","7.4","26.4","0.01","9.3","8","280","16.9","-5.575","22.0","1019.15","4.05254","871.2","868.9"
"40766","2016-10-16 00:00:00","1395-07-25 00:00:00","6.6","25.7","0.0","9.9","7","300","16.1","-6.2375","23.75","1021.08","3.87493","872.8","870.4"
"40766","2016-10-17 00:00:00","1395-07-26 00:00:00","5.1","26.3","0.0","8.5","6","280","15.7","-7.4625","22.25","1021.06","3.52759","873.4","870.3"
"40766","2016-10-18 00:00:00","1395-07-27 00:00:00","9.5","28.0","0.0","8.3","8","200","18.8","-7.3625","18.375","1019.29","3.5452","870.9","868.8"
"40766","2016-10-19 00:00:00","1395-07-28 00:00:00","7.9","27.3","0.0","9.0","7","230","17.6","-7.6625","20.375","1020.01","3.50966","872.4","869.5"
"40766","2016-10-20 00:00:00","1395-07-29 00:00:00","6.3","26.4","0.0","9.7","6","300","16.4","-11.2","17.625","1019.53","2.77903","871.5","869.4"
"40766","2016-10-21 00:00:00","1395-07-30 00:00:00","2.3","24.4","0.0","10.0","6","280","13.3","-14.6857","17.8571","1019.81","2.22675","871.9","869.6"
"40766","2016-10-22 00:00:00","1395-08-01 00:00:00","2.7","25.4","0.0","7.6","4","320","14.1","-12.3625","16.125","1020.33","2.42496","872.7","869.7"
"40766","2016-10-23 00:00:00","1395-08-02 00:00:00","4.8","24.9","0.0","9.7","7","300","14.9","-15.5875","14.125","1019.98","2.2753","871.8","870.0"
"40766","2016-10-24 00:00:00","1395-08-03 00:00:00","2.8","24.3","0.0","8.3","5","300","13.5","-7.975","21.375","1020.03","3.27215","872.4","869.6"
"40766","2016-10-25 00:00:00","1395-08-04 00:00:00","9.2","24.8","0.0","6.0","6","300","17.0","-2.7625","27.25","1019.54","5.03608","871.8","868.9"
"40766","2016-10-26 00:00:00","1395-08-05 00:00:00","14.5","26.7","0.1","3.7","9","170","20.6","-2.15","27.5","1019.12","5.78338","871.8","868.6"
"40766","2016-10-27 00:00:00","1395-08-06 00:00:00","15.9","26.5","0.0","7.7","7","250","21.2","-1.3125","24.5","1025.95","5.58325","878.5","872.9"
"40766","2016-10-28 00:00:00","1395-08-07 00:00:00","10.3","26.7","0.0","4.2","4","280","18.5","-0.3875","30.5","1026.34","5.97958","879.4","874.1"
"40766","2016-10-29 00:00:00","1395-08-08 00:00:00","11.8","26.7","0.0","4.5","8","240","19.3","-1.2875","28.875","1020.99","5.65171","873.5","870.3"
"40766","2016-10-30 00:00:00","1395-08-09 00:00:00","7.7","24.7","0.0","8.9","8","280","16.2","-1.2","33.625","1018.96","5.67415","871.0","868.2"
"40766","2016-10-31 00:00:00","1395-08-10 00:00:00","6.2","","0.0","6.4","8","240","","1.375","38.375","1020.18","6.80893","872.2","870.3"
"40766","2016-11-01 00:00:00","1395-08-11 00:00:00","15.7","25.3","0.2","7.6","12","230","20.5","-0.0125","29.625","1017.17","6.51455","869.5","867.5"
"40766","2016-11-02 00:00:00","1395-08-12 00:00:00","15.3","22.5","0.6","5.4","14","250","18.9","3.3875","44.875","1015.28","8.01728","870.8","864.1"
"40766","2016-11-03 00:00:00","1395-08-13 00:00:00","0.4","20.5","0.0","9.3","4","140","10.4","-4.725","40.25","1024.36","4.4004","876.3","872.0"
"40766","2016-11-04 00:00:00","1395-08-14 00:00:00","1.3","19.8","0.0","3.6","5","120","10.5","-0.9375","50.0","1024.62","5.5309","876.2","873.7"
"40766","2016-11-05 00:00:00","1395-08-15 00:00:00","","21.4","0.1","6.3","7","210","","2.4875","54.5","1021.46","7.32663","873.9","870.6"
"40766","2016-11-06 00:00:00","1395-08-16 00:00:00","5.9","21.4","0.0","7.0","7","210","13.6","-0.4625","41.625","1019.3","5.99213","871.7","868.6"
"40766","2016-11-07 00:00:00","1395-08-17 00:00:00","7.4","18.8","0.0","8.2","4","280","13.1","-2.9625","36.625","1022.8","4.97882","875.4","871.7"
"40766","2016-11-08 00:00:00","1395-08-18 00:00:00","0.8","17.5","0.0","5.4","5","320","9.1","-7.6375","32.5","1026.07","3.51349","877.6","875.6"
"40766","2016-11-09 00:00:00","1395-08-19 00:00:00","0.1","","0.0","9.4","4","110","","-10.3875","26.375","1026.05","2.76566","877.4","875.0"
"40766","2016-11-10 00:00:00","1395-08-20 00:00:00","0.7","20.8","0.0","6.1","3","140","10.8","-11.8625","20.875","1025.54","2.48257","877.8","874.4"
"40766","2016-11-11 00:00:00","1395-08-21 00:00:00","2.3","23.2","0.0","8.0","3","280","12.8","-9.925","23.5","1024.39","2.89032","876.3","872.9"
"40766","2016-11-12 00:00:00","1395-08-22 00:00:00","1.4","23.6","0.0","9.3","4","280","12.5","-15.3125","17.875","1024.82","1.94993","876.7","873.7"
"40766","2016-11-13 00:00:00","1395-08-23 00:00:00","0.3","23.6","0.0","6.8","3","300","11.9","-16.5125","16.125","1025.48","1.70517","877.1","874.5"
"40766","2016-11-14 00:00:00","1395-08-24 00:00:00","0.8","23.5","0.0","8.6","6","280","12.1","-11.3875","20.125","1025.88","2.66496","877.9","874.9"
"40766","2016-11-15 00:00:00","1395-08-25 00:00:00","2.2","23.2","0.0","6.2","3","310","12.7","-10.5","23.375","1022.7","2.78279","875.9","871.1"
"40766","2016-11-16 00:00:00","1395-08-26 00:00:00","1.0","22.6","0.0","8.6","6","160","11.8","-11.3125","19.0","1019.08","2.5774","871.5","868.9"
"40766","2016-11-17 00:00:00","1395-08-27 00:00:00","","21.8","0.0","0.0","5","110","","-10.55","14.625","1020.03","2.57189","872.7","869.4"
"40766","2016-11-18 00:00:00","1395-08-28 00:00:00","9.5","20.1","0.0","5.8","6","240","14.8","-4.5","29.75","1022.98","4.42851","874.0","872.7"
"40766","2016-11-19 00:00:00","1395-08-29 00:00:00","0.0","17.8","0.0","6.4","4","130","8.9","-5.4625","39.75","1022.22","4.1369","875.2","871.3"
"40766","2016-11-20 00:00:00","1395-08-30 00:00:00","-0.7","14.1","0.0","9.2","9","110","6.7","-9.575","31.125","1023.31","2.97014","875.0","872.3"
"40766","2016-11-21 00:00:00","1395-09-01 00:00:00","2.1","11.5","0.0","9.0","8","100","6.8","-12.8625","25.25","1024.22","2.30307","876.5","873.2"
"40766","2016-11-22 00:00:00","1395-09-02 00:00:00","-1.0","10.0","0.0","9.2","9","100","4.5","-14.4375","27.5","1023.95","2.05083","875.8","872.7"
"40766","2016-11-23 00:00:00","1395-09-03 00:00:00","-2.6","7.5","0.0","9.3","9","110","2.5","-29.8625","10.375","1025.24","1.05538","876.1","874.2"
"40766","2016-11-24 00:00:00","1395-09-04 00:00:00","-6.0","3.8","0.0","9.2","12","90","-1.1","-27.1375","14.625","1024.45","0.923353","876.3","872.9"
"40766","2016-11-25 00:00:00","1395-09-05 00:00:00","-6.9","7.9","0.0","9.4","7","110","0.5","-27.85","13.125","1023.61","0.863567","876.1","872.7"
"40766","2016-11-26 00:00:00","1395-09-06 00:00:00","-8.0","14.2","0.0","9.0","4","100","3.1","-20.3","18.875","1022.12","1.68793","874.3","870.9"
"40766","2016-11-27 00:00:00","1395-09-07 00:00:00","-5.2","16.0","0.0","7.5","5","210","5.4","-11.3","32.5","1022.5","2.62765","874.8","871.6"
"40766","2016-11-28 00:00:00","1395-09-08 00:00:00","-3.8","15.2","0.0","9.0","3","280","5.7","-11.1","34.125","1023.18","2.69105","874.9","872.5"
"40766","2016-11-29 00:00:00","1395-09-09 00:00:00","-5.5","15.7","0.0","9.9","2","50","5.1","-16.4375","24.25","1023.65","1.7846","875.5","872.8"
"40766","2016-11-30 00:00:00","1395-09-10 00:00:00","-3.2","16.1","0.0","7.1","7","120","6.5","-9.875","26.75","1021.76","3.16701","874.7","869.4"
"40766","2016-12-01 00:00:00","1395-09-11 00:00:00","12.2","14.5","1.0","0.3","6","110","13.4","5.975","61.75","1016.99","9.45912","869.4","867.3"
"40766","2016-12-02 00:00:00","1395-09-12 00:00:00","11.7","15.3","4.0","1.4","9","230","13.5","3.675","54.625","1015.37","8.28609","870.7","863.3"
"40766","2016-12-03 00:00:00","1395-09-13 00:00:00","6.5","13.4","0.0","8.4","5","280","9.9","-1.9125","50.875","1025.51","5.33773","877.8","871.7"
"40766","2016-12-04 00:00:00","1395-09-14 00:00:00","-5.0","16.3","0.0","7.9","3","190","5.6","-6.4","52.375","1026.64","3.95553","878.7","875.5"
"40766","2016-12-05 00:00:00","1395-09-15 00:00:00","1.6","15.8","0.0","0.6","5","200","8.7","0.5375","55.625","1022.13","6.5614","875.3","870.8"
"40766","2016-12-06 00:00:00","1395-09-16 00:00:00","9.2","13.5","3.0","7.5","6","270","11.4","-1.225","52.5","1020.54","5.83707","873.3","870.1"
"40766","2016-12-07 00:00:00","1395-09-17 00:00:00","-5.2","12.9","0.0","8.0","3","290","3.8","-5.4375","57.375","1022.84","4.1016","875.0","872.0"
"40766","2016-12-08 00:00:00","1395-09-18 00:00:00","-5.1","10.8","0.0","4.8","7","270","2.9","-10.2375","41.625","1021.18","2.9729","873.6","870.5"
"40766","2016-12-09 00:00:00","1395-09-19 00:00:00","-2.4","8.4","0.0","9.2","7","310","3.0","-9.275","47.0","1019.5","3.19835","871.2","869.8"
"40766","2016-12-10 00:00:00","1395-09-20 00:00:00","-7.6","10.5","0.0","9.1","4","300","1.5","-16.3375","31.25","1018.58","1.91426","871.0","868.5"
"40766","2016-12-11 00:00:00","1395-09-21 00:00:00","-2.4","10.4","0.0","8.3","8","300","4.0","-11.6125","32.25","1017.9","2.52394","870.7","867.4"
"40766","2016-12-12 00:00:00","1395-09-22 00:00:00","-5.8","11.8","0.0","9.0","3","350","3.0","-11.8375","36.5","1020.54","2.48956","872.9","870.3"
"40766","2016-12-13 00:00:00","1395-09-23 00:00:00","-4.8","10.3","0.0","0.1","3","130","2.8","-10.5125","36.375","1017.1","2.79509","870.5","866.7"
"40766","2016-12-14 00:00:00","1395-09-24 00:00:00","-4.5","14.5","0.0","6.9","8","150","5.0","-10.175","29.0","1013.62","3.04901","866.9","863.3"
"40766","2016-12-15 00:00:00","1395-09-25 00:00:00","5.1","9.9","7.0","6.7","9","250","7.5","-3.95","58.0","1013.97","4.74788","869.2","861.0"
"40766","2016-12-16 00:00:00","1395-09-26 00:00:00","-3.8","7.2","0.0","8.8","4","280","1.7","-8.9","51.375","1021.69","3.18802","873.2","870.4"
"40766","2016-12-17 00:00:00","1395-09-27 00:00:00","-2.1","9.2","0.0","5.1","5","280","3.5","-7.0375","52.0","1022.9","3.74293","874.3","872.7"
"40766","2016-12-18 00:00:00","1395-09-28 00:00:00","-4.6","8.5","0.0","7.6","3","110","2.0","-6.4","59.75","1022.86","3.82034","874.4","872.5"
"40766","2016-12-19 00:00:00","1395-09-29 00:00:00","-4.1","8.7","0.21","0.2","5","200","2.3","-4.0","54.375","1021.38","4.60879","873.6","870.8"
"40766","2016-12-20 00:00:00","1395-09-30 00:00:00","2.3","9.4","0.0","4.0","8","200","5.8","-7.4","44.25","1018.49","3.69161","870.6","867.6"
"40766","2016-12-21 00:00:00","1395-10-01 00:00:00","-5.6","9.6","0.0","7.4","5","110","2.0","-7.9","52.125","1022.97","3.39975","875.0","871.6"
"40766","2016-12-22 00:00:00","1395-10-02 00:00:00","-3.4","12.8","0.0","6.5","7","100","4.7","-9.5625","43.875","1024.67","3.11064","876.4","873.8"
"40766","2016-12-23 00:00:00","1395-10-03 00:00:00","-3.4","14.1","0.0","7.2","2","190","5.4","-8.225","44.5","1027.66","3.31125","879.0","876.1"
"40766","2016-12-24 00:00:00","1395-10-04 00:00:00","-0.8","9.1","17.0","0.0","7","100","4.2","-0.95","68.875","1023.94","6.03262","877.1","871.9"
"40766","2016-12-25 00:00:00","1395-10-05 00:00:00","4.8","11.1","39.5","0.0","9","90","8.0","5.1","82.875","1017.1","8.81749","870.9","866.6"
"40766","2016-12-26 00:00:00","1395-10-06 00:00:00","8.1","10.8","0.0","0.6","5","70","9.5","1.9125","67.125","1020.17","7.06691","873.5","867.7"
"40766","2016-12-27 00:00:00","1395-10-07 00:00:00","2.2","7.5","10.0","0.0","6","150","4.8","2.6","87.25","1019.91","7.39293","872.8","867.6"
"40766","2016-12-28 00:00:00","1395-10-08 00:00:00","4.4","9.7","1.0","7.3","6","230","7.1","-0.4875","66.0","1019.86","5.98663","874.0","866.5"
"40766","2016-12-29 00:00:00","1395-10-09 00:00:00","-2.4","9.6","0.0","4.5","2","70","3.6","0.25","79.875","1023.44","6.25846","875.5","872.7"
"40766","2016-12-30 00:00:00","1395-10-10 00:00:00","-0.8","15.5","0.0","","5","280","7.3","3.8","66.5","1022.68","8.04852","874.4","872.4"
"40766","2016-12-31 00:00:00","1395-10-11 00:00:00","4.3","16.1","0.0","0.1","5","110","10.2","2.125","49.75","1021.21","7.16233","872.9","871.2"
"40766","2017-01-01 00:00:00","1395-10-12 00:00:00","4.8","14.4","0.0","0.6","4","190","9.6","0.675","57.875","1019.52","6.51835","870.9","869.5"
"40766","2017-01-02 00:00:00","1395-10-13 00:00:00","2.4","10.2","0.6","4.1","6","270","6.3","-1.2375","64.375","1020.33","5.67371","872.2","870.5"
"40766","2017-01-03 00:00:00","1395-10-14 00:00:00","0.5","10.3","0.0","","4","280","5.4","-4.8875","57.0","1020.51","4.41758","872.3","870.4"
"40766","2017-01-04 00:00:00","1395-10-15 00:00:00","-2.6","8.4","0.0","9.2","5","280","2.9","-8.6875","48.25","1020.38","3.23903","872.5","869.5"
"40766","2017-01-05 00:00:00","1395-10-16 00:00:00","-3.7","7.9","0.0","9.2","5","280","2.1","-8.8875","53.5","1024.08","3.19259","875.8","872.7"
"40766","2017-01-06 00:00:00","1395-10-17 00:00:00","-6.3","9.9","0.0","8.5","3","210","1.8","-10.1375","49.125","1023.99","2.85419","876.7","872.5"
"40766","2017-01-07 00:00:00","1395-10-18 00:00:00","-5.9","12.4","0.0","9.3","2","200","3.2","-9.875","47.125","1019.83","2.92154","872.5","869.2"
"40766","2017-01-08 00:00:00","1395-10-19 00:00:00","","15.7","0.0","6.3","6","190","","-6.6875","39.5","1016.79","3.7336","870.0","866.4"
"40766","2017-01-09 00:00:00","1395-10-20 00:00:00","-0.9","15.0","0.0","6.0","8","170","7.1","-4.0","53.625","1017.18","4.69492","869.7","867.2"
"40766","2017-01-10 00:00:00","1395-10-21 00:00:00","-1.7","13.9","0.0","7.8","5","190","6.1","-6.275","52.75","1021.09","3.98956","873.6","870.0"
"40766","2017-01-11 00:00:00","1395-10-22 00:00:00","-4.0","14.2","0.0","8.6","5","250","5.1","-9.7625","41.875","1023.37","3.02752","875.2","872.8"
"40766","2017-01-12 00:00:00","1395-10-23 00:00:00","-6.4","12.7","0.0","9.1","3","110","3.1","-12.3125","38.25","1019.53","2.47202","873.6","867.0"
"40766","2017-01-13 00:00:00","1395-10-24 00:00:00","-5.8","8.8","0.0","9.2","8","290","1.5","-11.2125","42.25","1013.4","2.66546","866.0","863.6"
"40766","2017-01-14 00:00:00","1395-10-25 00:00:00","","7.9","0.1","8.0","3","260","","-6.0375","56.625","1016.5","3.98599","868.9","865.2"
"40766","2017-01-15 00:00:00","1395-10-26 00:00:00","-3.3","5.7","4.2","0.3","4","140","1.2","-2.475","74.875","1018.07","5.30655","870.2","867.8"
"40766","2017-01-16 00:00:00","1395-10-27 00:00:00","","9.3","4.1","6.3","5","280","","0.525","80.5","1021.42","6.36213","873.3","870.3"
"40766","2017-01-17 00:00:00","1395-10-28 00:00:00","-3.2","8.4","0.0","8.2","4","270","2.6","-0.45","84.375","1022.76","5.93699","875.3","872.2"
"40766","2017-01-18 00:00:00","1395-10-29 00:00:00","-0.6","7.4","0.0","4.0","4","280","3.4","0.225","91.0","1022.16","6.20753","874.3","871.7"
"40766","2017-01-19 00:00:00","1395-10-30 00:00:00","-0.9","6.0","0.0","1.1","4","270","2.5","0.0875","89.875","1021.12","6.16413","873.8","870.4"
"40766","2017-01-20 00:00:00","1395-11-01 00:00:00","-1.7","10.4","0.0","5.4","5","160","4.3","-1.0625","71.625","1019.76","5.69311","872.5","869.3"
"40766","2017-01-21 00:00:00","1395-11-02 00:00:00","-0.6","11.1","0.0","3.6","5","180","5.3","-2.9625","61.5","1017.47","4.97141","870.0","867.3"
"40766","2017-01-22 00:00:00","1395-11-03 00:00:00","-3.1","","2.0","0.7","4","350","","-1.55","81.0","1018.45","5.49039","871.7","868.6"
"40766","2017-01-23 00:00:00","1395-11-04 00:00:00","-1.3","7.9","0.0","6.8","3","150","3.3","-2.2625","76.75","1021.99","5.19428","873.8","871.5"
"40766","2017-01-24 00:00:00","1395-11-05 00:00:00","-4.5","9.0","0.0","7.7","8","110","2.3","-6.65","58.5","1023.38","3.74262","875.0","872.9"
"40766","2017-01-25 00:00:00","1395-11-06 00:00:00","-5.8","11.5","0.0","6.1","3","190","2.8","-7.2875","48.375","1022.91","3.59788","875.5","871.7"
"40766","2017-01-26 00:00:00","1395-11-07 00:00:00","","10.9","0.01","0.0","6","150","","-8.575","39.625","1018.44","3.65772","871.7","867.5"
"40766","2017-01-27 00:00:00","1395-11-08 00:00:00","0.5","","40.0","0.0","8","90","","0.5375","90.125","1012.34","6.36837","866.9","862.0"
"40766","2017-01-28 00:00:00","1395-11-09 00:00:00","","","8.0","1.5","7","170","","-2.8625","70.0","1011.31","5.07391","865.7","860.9"
"40766","2017-01-29 00:00:00","1395-11-10 00:00:00","-2.9","1.6","1.7","5.6","6","280","-0.7","-7.0375","71.0","1018.28","3.65322","873.6","865.5"
"40766","2017-01-30 00:00:00","1395-11-11 00:00:00","-9.8","2.2","0.0","8.9","3","270","-3.8","-8.9375","72.125","1021.96","3.16304","875.1","869.6"
"40766","2017-01-31 00:00:00","1395-11-12 00:00:00","-10.6","2.1","0.0","0.0","4","110","-4.3","-8.1875","66.5","1015.79","3.37349","868.8","865.7"
"40766","2017-02-01 00:00:00","1395-11-13 00:00:00","","8.0","0.0","7.0","6","280","","-5.5","57.625","1013.18","4.08428","866.0","863.4"
"40766","2017-02-02 00:00:00","1395-11-14 00:00:00","-7.7","","0.01","2.5","8","270","","-15.3375","44.75","1014.92","1.90392","870.0","864.2"
"40766","2017-02-03 00:00:00","1395-11-15 00:00:00","-9.4","3.6","0.0","9.9","4","190","-2.9","-13.5125","48.5","1023.48","2.18531","875.8","870.7"
"40766","2017-02-04 00:00:00","1395-11-16 00:00:00","-9.6","4.3","0.0","9.5","4","270","-2.7","-10.925","58.625","1024.86","2.6866","876.6","874.0"
"40766","2017-02-05 00:00:00","1395-11-17 00:00:00","-9.3","6.2","0.0","8.0","4","280","-1.6","-8.1875","63.5","1022.83","3.35202","874.5","872.6"
"40766","2017-02-06 00:00:00","1395-11-18 00:00:00","-6.3","8.6","0.0","8.3","6","280","1.2","-7.1375","59.25","1022.12","3.60191","873.7","871.4"
"40766","2017-02-07 00:00:00","1395-11-19 00:00:00","-6.6","9.4","0.0","8.5","4","290","1.4","-6.725","61.125","1023.32","3.72437","874.8","873.1"
"40766","2017-02-08 00:00:00","1395-11-20 00:00:00","-6.1","12.6","0.0","8.8","5","280","3.3","-6.9375","58.125","1022.61","3.73638","874.9","871.8"
"40766","2017-02-09 00:00:00","1395-11-21 00:00:00","-0.4","6.4","5.5","0.0","7","160","3.0","0.3875","82.5","1020.45","6.31615","872.6","869.5"
"40766","2017-02-10 00:00:00","1395-11-22 00:00:00","0.8","6.9","4.7","1.0","3","280","3.9","1.65","91.0","1018.62","6.87939","870.6","868.7"
"40766","2017-02-11 00:00:00","1395-11-23 00:00:00","","10.7","0.1","2.3","5","280","","1.95","84.25","1016.25","7.03169","868.7","866.2"
"40766","2017-02-12 00:00:00","1395-11-24 00:00:00","1.5","11.4","0.0","4.6","5","170","6.4","0.8875","74.5","1015.69","6.53041","868.8","865.0"
"40766","2017-02-13 00:00:00","1395-11-25 00:00:00","0.8","9.4","13.4","2.5","6","280","5.1","1.8125","89.625","1011.63","6.98086","866.5","861.4"
"40766","2017-02-14 00:00:00","1395-11-26 00:00:00","-0.9","8.5","0.01","1.3","8","150","3.8","-0.05","74.0","1018.68","6.09448","871.4","867.0"
"40766","2017-02-15 00:00:00","1395-11-27 00:00:00","0.5","11.5","3.01","5.8","10","180","6.0","-0.6875","66.875","1015.01","5.83747","870.7","863.6"
"40766","2017-02-16 00:00:00","1395-11-28 00:00:00","","7.6","2.0","7.1","6","220","","-5.675","53.125","1013.48","4.05077","865.9","864.1"
"40766","2017-02-17 00:00:00","1395-11-29 00:00:00","-3.1","4.5","0.3","0.3","8","290","0.7","-5.325","69.875","1012.59","4.1999","866.2","862.5"
"40766","2017-02-18 00:00:00","1395-11-30 00:00:00","-7.2","3.0","0.0","8.9","5","110","-2.1","-10.9125","55.0","1023.04","2.66891","878.3","867.2"
"40766","2017-02-19 00:00:00","1395-12-01 00:00:00","-9.6","7.0","0.0","10.2","6","120","-1.3","-11.875","47.375","1027.73","2.47947","879.3","876.4"
"40766","2017-02-20 00:00:00","1395-12-02 00:00:00","-7.2","9.8","0.0","10.4","5","120","1.3","-10.6375","47.125","1023.88","2.75377","876.5","871.9"
"40766","2017-02-21 00:00:00","1395-12-03 00:00:00","-5.3","11.9","0.0","10.0","4","130","3.3","-9.0625","46.375","1018.29","3.09968","871.4","867.1"
"40766","2017-02-22 00:00:00","1395-12-04 00:00:00","-5.5","12.8","0.0","10.4","4","230","3.7","-7.5375","42.125","1018.34","2.654","871.0","868.0"
"40766","2017-02-23 00:00:00","1395-12-05 00:00:00","-3.4","12.6","0.0","5.0","5","280","4.6","-7.9375","37.0","1018.99","2.53516","871.8","868.8"
"40766","2017-02-24 00:00:00","1395-12-06 00:00:00","-5.2","14.4","0.0","10.3","5","190","4.6","-11.2","36.75","1023.79","2.65437","875.8","872.5"
"40766","2017-02-25 00:00:00","1395-12-07 00:00:00","-4.8","16.5","0.0","10.2","3","290","5.8","-11.975","34.125","1024.46","2.55384","877.3","872.8"
"40766","2017-02-26 00:00:00","1395-12-08 00:00:00","-4.8","16.6","0.0","10.5","6","280","5.9","-9.0125","28.75","1020.87","2.20701","873.9","869.5"
"40766","2017-02-27 00:00:00","1395-12-09 00:00:00","-4.5","16.9","0.0","9.5","3","90","6.2","-12.7125","28.5","1020.27","2.39685","872.9","869.2"
"40766","2017-02-28 00:00:00","1395-12-10 00:00:00","-0.9","18.2","0.0","8.4","2","90","8.7","-8.15","34.5","1022.37","3.33467","874.3","871.8"
"40766","2017-03-01 00:00:00","1395-12-11 00:00:00","-1.2","18.9","0.0","8.0","5","110","8.8","-7.6","33.5","1021.38","3.54839","875.1","869.4"
"40766","2017-03-02 00:00:00","1395-12-12 00:00:00","7.4","","1.11","0.0","9","160","","-1.35","52.875","1018.29","5.81353","871.4","868.4"
"40766","2017-03-03 00:00:00","1395-12-13 00:00:00","","15.3","0.0","2.0","6","100","","0.825","50.375","1016.35","6.51783","868.6","866.6"
"40766","2017-03-04 00:00:00","1395-12-14 00:00:00","2.0","11.6","2.8","0.0","6","160","6.8","2.5","76.125","1016.06","7.32575","868.2","866.4"
"40766","2017-03-05 00:00:00","1395-12-15 00:00:00","-0.2","13.1","2.6","2.6","7","350","6.5","2.05","80.0","1016.66","7.14574","869.1","866.4"
"40766","2017-03-06 00:00:00","1395-12-16 00:00:00","1.7","12.1","0.4","8.8","8","110","6.9","-1.1125","62.875","1018.36","5.65259","870.7","868.4"
"40766","2017-03-07 00:00:00","1395-12-17 00:00:00","-0.6","14.4","0.0","9.8","6","90","6.9","-2.75","53.25","1016.15","5.06462","868.9","866.0"
"40766","2017-03-08 00:00:00","1395-12-18 00:00:00","0.1","17.3","0.0","10.3","6","290","8.7","-6.15","43.625","1016.47","4.12326","869.0","866.4"
"40766","2017-03-09 00:00:00","1395-12-19 00:00:00","-1.0","16.8","0.0","10.5","3","140","7.9","-6.1375","42.0","1019.59","3.97714","871.9","868.9"
"40766","2017-03-10 00:00:00","1395-12-20 00:00:00","-0.2","20.4","0.0","10.8","4","100","10.1","-7.7125","31.75","1018.68","3.54956","872.3","867.0"
"40766","2017-03-11 00:00:00","1395-12-21 00:00:00","9.5","18.1","0.41","0.6","12","300","13.8","-3.6125","40.75","1015.47","5.30396","868.8","865.0"
"40766","2017-03-12 00:00:00","1395-12-22 00:00:00","4.7","18.3","1.0","9.0","4","170","11.5","0.85","53.875","1019.0","6.59598","871.4","869.0"
"40766","2017-03-13 00:00:00","1395-12-23 00:00:00","3.8","14.2","0.3","0.3","10","90","9.0","2.2625","69.375","1014.9","7.26609","868.8","863.4"
"40766","2017-03-14 00:00:00","1395-12-24 00:00:00","1.6","13.8","0.0","7.1","5","280","7.7","0.25","62.5","1016.72","6.28061","869.5","866.8"
"40766","2017-03-15 00:00:00","1395-12-25 00:00:00","1.7","16.1","0.0","9.7","5","270","8.9","-2.7625","48.25","1016.23","5.09681","869.2","866.2"
"40766","2017-03-16 00:00:00","1395-12-26 00:00:00","0.9","13.8","1.8","1.5","8","240","7.3","0.625","68.625","1013.05","6.43026","865.6","864.0"
"40766","2017-03-17 00:00:00","1395-12-27 00:00:00","0.1","14.8","0.0","10.3","7","250","7.5","-3.5375","52.375","1017.18","4.87974","871.0","865.7"
"40766","2017-03-18 00:00:00","1395-12-28 00:00:00","2.5","19.0","0.0","5.7","7","200","10.8","-4.55","37.375","1018.02","4.41499","871.1","868.0"
"40766","2017-03-19 00:00:00","1395-12-29 00:00:00","11.0","14.1","44.0","0.0","8","90","12.6","0.45","74.5","1011.91","6.57846","866.5","860.4"
"40766","2017-03-20 00:00:00","1395-12-30 00:00:00","0.5","12.5","10.7","4.9","7","280","6.5","1.725","78.75","1010.77","6.95897","864.3","861.1"
"40766","2017-03-21 00:00:00","1396-01-01 00:00:00","1.8","10.2","5.2","1.6","8","230","6.0","1.4","73.25","1015.02","6.79376","868.5","864.9"
"40766","2017-03-22 00:00:00","1396-01-02 00:00:00","4.7","13.1","17.2","1.9","5","310","8.9","2.3","63.75","1016.6","7.22739","869.5","866.7"
"40766","2017-03-23 00:00:00","1396-01-03 00:00:00","5.6","","30.7","0.0","6","340","","2.6","89.125","1014.63","7.39221","867.4","865.4"
"40766","2017-03-24 00:00:00","1396-01-04 00:00:00","","13.7","8.01","2.2","6","230","","4.3375","79.75","1014.24","8.3428","868.2","864.0"
"40766","2017-03-25 00:00:00","1396-01-05 00:00:00","2.6","13.0","0.0","5.3","6","210","7.8","2.2875","69.5","1014.93","7.21124","868.1","864.9"
"40766","2017-03-26 00:00:00","1396-01-06 00:00:00","2.6","14.8","0.01","5.1","6","350","8.7","2.65","66.375","1018.15","7.41572","872.0","866.2"
"40766","2017-03-27 00:00:00","1396-01-07 00:00:00","1.8","18.0","0.0","9.6","5","270","9.9","0.7125","57.5","1020.52","6.59889","873.0","869.7"
"40766","2017-03-28 00:00:00","1396-01-08 00:00:00","2.2","15.1","0.0","1.8","5","280","8.7","-0.7875","50.125","1019.87","5.79833","872.0","869.4"
"40766","2017-03-29 00:00:00","1396-01-09 00:00:00","","16.7","7.3","4.9","5","350","","2.7125","57.875","1020.74","7.45354","873.0","870.0"
"40766","2017-03-30 00:00:00","1396-01-10 00:00:00","3.6","18.8","0.01","7.2","5","200","11.2","3.375","61.0","1020.91","7.85013","873.6","869.9"
"40766","2017-03-31 00:00:00","1396-01-11 00:00:00","5.3","17.6","4.01","3.0","5","170","11.5","4.5375","67.75","1020.11","8.53711","871.8","869.9"
"40766","2017-04-01 00:00:00","1396-01-12 00:00:00","7.1","19.1","3.2","7.3","8","300","13.1","5.7875","64.625","1018.72","9.29267","870.7","868.8"
"40766","2017-04-02 00:00:00","1396-01-13 00:00:00","8.8","15.4","4.0","0.0","6","120","12.1","4.2625","73.25","1017.78","8.31042","870.1","867.2"
"40766","2017-04-03 00:00:00","1396-01-14 00:00:00","5.7","14.6","4.2","8.4","7","290","10.1","2.8625","70.125","1016.73","7.52561","870.9","865.9"
"40766","2017-04-04 00:00:00","1396-01-15 00:00:00","3.7","13.1","1.0","8.4","8","290","8.4","-0.025","62.25","1021.21","6.15857","874.7","869.5"
"40766","2017-04-05 00:00:00","1396-01-16 00:00:00","-0.2","18.0","0.0","11.8","5","100","8.9","-6.7875","38.625","1023.67","3.82065","876.1","872.5"
"40766","2017-04-06 00:00:00","1396-01-17 00:00:00","1.0","21.7","0.0","11.2","4","200","11.4","-5.3","32.375","1019.22","4.20797","872.0","868.2"
"40766","2017-04-07 00:00:00","1396-01-18 00:00:00","","22.4","0.5","6.9","9","170","","-1.8","30.375","1016.26","5.42009","868.7","865.5"
"40766","2017-04-08 00:00:00","1396-01-19 00:00:00","5.8","22.0","0.0","9.4","8","260","13.9","-4.3","31.75","1018.71","4.58499","871.3","868.5"
"40766","2017-04-09 00:00:00","1396-01-20 00:00:00","6.7","","0.0","0.6","8","210","","-4.775","27.0","1019.86","4.4117","872.5","870.1"
"40766","2017-04-10 00:00:00","1396-01-21 00:00:00","14.5","20.8","0.0","0.3","7","160","17.6","-0.3375","31.625","1019.29","6.00024","871.0","869.3"
"40766","2017-04-11 00:00:00","1396-01-22 00:00:00","12.2","21.6","0.31","0.0","6","280","16.9","2.3625","39.75","1019.73","7.34848","871.6","869.5"
"40766","2017-04-12 00:00:00","1396-01-23 00:00:00","11.3","20.0","7.9","1.7","6","120","15.6","9.9625","77.875","1022.17","12.2697","874.8","871.5"
"40766","2017-04-13 00:00:00","1396-01-24 00:00:00","8.8","26.2","0.01","3.4","5","90","17.5","8.2125","59.0","1020.74","10.9984","873.7","869.9"
"40766","2017-04-14 00:00:00","1396-01-25 00:00:00","","24.8","0.21","0.0","12","260","","6.625","44.625","1018.52","9.84066","870.7","868.3"
"40766","2017-04-15 00:00:00","1396-01-26 00:00:00","14.0","","37.7","0.0","7","100","","10.1125","81.875","1018.85","12.4301","872.0","867.7"
"40766","2017-04-16 00:00:00","1396-01-27 00:00:00","8.2","20.2","2.0","10.6","5","290","14.2","5.6125","61.25","1017.37","9.17348","870.1","867.1"
"40766","2017-04-17 00:00:00","1396-01-28 00:00:00","5.4","23.1","0.0","11.5","6","170","14.3","1.5125","50.375","1019.1","7.34062","871.4","868.5"
"40766","2017-04-18 00:00:00","1396-01-29 00:00:00","5.1","","0.01","10.4","10","250","","2.95","49.75","1019.3","7.75791","872.1","868.2"
"40766","2017-04-19 00:00:00","1396-01-30 00:00:00","9.5","20.2","1.0","10.5","7","290","14.9","3.85","52.0","1019.86","8.24791","872.3","869.6"
"40766","2017-04-20 00:00:00","1396-01-31 00:00:00","4.0","21.6","0.0","11.8","7","280","12.8","-1.2375","43.875","1020.79","5.91334","872.5","870.3"
"40766","2017-04-21 00:00:00","1396-02-01 00:00:00","4.4","22.8","0.0","10.2","6","290","13.6","-1.35","39.0","1020.62","5.62664","872.2","870.4"
"40766","2017-04-22 00:00:00","1396-02-02 00:00:00","5.2","27.0","0.0","11.3","4","120","16.1","1.725","41.25","1020.48","7.01086","873.1","869.2"
"40766","2017-04-23 00:00:00","1396-02-03 00:00:00","7.2","28.4","0.0","7.0","7","270","17.8","2.1375","38.875","1018.32","7.3382","870.7","868.0"
"40766","2017-04-24 00:00:00","1396-02-04 00:00:00","14.5","22.6","2.2","6.5","12","290","18.5","8.675","55.875","1016.57","11.3573","869.2","866.8"
"40766","2017-04-25 00:00:00","1396-02-05 00:00:00","12.0","26.0","0.0","4.3","8","180","19.0","5.9125","52.25","1015.99","9.66115","868.5","866.1"
"40766","2017-04-26 00:00:00","1396-02-06 00:00:00","4.4","24.3","0.0","10.5","3","270","14.3","0.25","41.625","1018.9","6.36763","871.4","868.7"
"40766","2017-04-27 00:00:00","1396-02-07 00:00:00","8.4","23.5","0.0","5.2","6","120","15.9","3.475","46.75","1019.81","7.88233","871.8","869.9"
"40766","2017-04-28 00:00:00","1396-02-08 00:00:00","10.8","26.3","0.0","9.1","7","270","18.5","5.4125","44.125","1018.89","9.06772","871.6","868.3"
"40766","2017-04-29 00:00:00","1396-02-09 00:00:00","14.0","27.9","0.11","5.6","8","100","21.0","8.0625","47.625","1016.74","10.8665","868.9","866.7"
"40766","2017-04-30 00:00:00","1396-02-10 00:00:00","10.4","27.5","0.01","8.8","6","200","19.0","1.6125","38.75","1018.58","7.40596","871.5","868.4"
"40766","2017-05-01 00:00:00","1396-02-11 00:00:00","9.9","26.9","0.01","5.7","5","300","18.4","2.45","40.375","1018.86","7.7102","870.9","868.8"
"40766","2017-05-02 00:00:00","1396-02-12 00:00:00","14.5","18.0","10.7","0.1","7","110","16.3","9.3125","70.0","1019.91","11.8467","873.5","869.1"
"40766","2017-05-03 00:00:00","1396-02-13 00:00:00","11.4","24.9","1.7","8.1","7","230","18.1","9.525","66.375","1017.16","12.0077","869.3","867.3"
"40766","2017-05-04 00:00:00","1396-02-14 00:00:00","11.4","23.4","1.2","4.9","7","280","17.4","9.7625","64.5","1015.89","12.1282","868.8","866.3"
"40766","2017-05-05 00:00:00","1396-02-15 00:00:00","10.6","20.3","3.1","3.9","8","310","15.4","8.125","66.125","1017.04","10.861","870.0","865.7"
"40766","2017-05-06 00:00:00","1396-02-16 00:00:00","7.9","23.3","3.0","6.8","7","310","15.6","8.4","69.375","1018.89","11.1031","872.0","868.2"
"40766","2017-05-07 00:00:00","1396-02-17 00:00:00","7.8","25.4","0.2","9.7","6","130","16.6","7.2875","57.25","1018.27","10.2523","870.9","867.6"
"40766","2017-05-08 00:00:00","1396-02-18 00:00:00","10.8","27.2","0.2","9.3","8","270","19.0","4.75","40.875","1018.86","8.67411","870.5","869.2"
"40766","2017-05-09 00:00:00","1396-02-19 00:00:00","8.0","26.1","0.0","12.0","7","290","17.0","2.775","42.25","1020.21","7.54859","872.7","870.1"
"40766","2017-05-10 00:00:00","1396-02-20 00:00:00","6.7","27.7","0.0","12.2","3","270","17.2","3.5875","45.25","1018.62","8.02412","871.3","868.2"
"40766","2017-05-11 00:00:00","1396-02-21 00:00:00","9.0","29.8","0.0","12.5","5","290","19.4","2.5","39.75","1016.55","7.56372","869.3","866.4"
"40766","2017-05-12 00:00:00","1396-02-22 00:00:00","9.6","30.6","0.0","10.8","6","280","20.1","2.025","34.0","1016.18","7.18519","869.0","866.2"
"40766","2017-05-13 00:00:00","1396-02-23 00:00:00","10.5","28.9","0.0","8.5","6","290","19.7","-0.5875","30.875","1015.69","6.03082","867.5","866.4"
"40766","2017-05-14 00:00:00","1396-02-24 00:00:00","6.9","28.5","0.0","12.4","5","280","17.7","-1.375","32.125","1015.71","5.77791","868.2","865.8"
"40766","2017-05-15 00:00:00","1396-02-25 00:00:00","8.2","30.2","0.0","10.4","8","160","19.2","0.85","30.125","1015.1","6.57338","868.3","865.0"
"40766","2017-05-16 00:00:00","1396-02-26 00:00:00","13.1","30.7","0.0","11.0","7","210","21.9","1.525","30.125","1013.26","6.98673","865.5","864.0"
"40766","2017-05-17 00:00:00","1396-02-27 00:00:00","9.2","29.6","0.0","12.0","6","290","19.4","-2.2125","25.875","1014.4","5.49838","867.0","865.4"
"40766","2017-05-18 00:00:00","1396-02-28 00:00:00","6.0","30.1","0.0","11.9","4","300","18.0","-5.6375","23.375","1016.57","4.37684","868.9","867.0"
"40766","2017-05-19 00:00:00","1396-02-29 00:00:00","7.3","31.7","0.0","12.1","5","290","19.5","0.9375","29.875","1017.34","6.7235","870.2","866.9"
"40766","2017-05-20 00:00:00","1396-02-30 00:00:00","13.2","30.6","0.01","5.5","8","80","21.9","4.6875","34.0","1014.8","8.58019","867.5","864.7"
"40766","2017-05-21 00:00:00","1396-02-31 00:00:00","11.8","24.9","0.01","9.8","11","300","18.4","1.2","34.25","1013.84","6.78774","866.1","864.4"
"40766","2017-05-22 00:00:00","1396-03-01 00:00:00","5.1","27.1","0.0","12.7","6","270","16.1","-1.5125","33.75","1015.49","5.60499","868.5","866.0"
"40766","2017-05-23 00:00:00","1396-03-02 00:00:00","7.4","28.7","0.0","12.8","5","270","18.1","-4.1375","25.25","1017.04","4.67476","870.0","866.7"
"40766","2017-05-24 00:00:00","1396-03-03 00:00:00","","29.9","0.0","10.3","10","240","","-8.6875","14.625","1016.79","3.40407","870.4","866.1"
"40766","2017-05-25 00:00:00","1396-03-04 00:00:00","8.8","28.9","0.0","11.2","7","290","18.9","-4.7375","23.875","1018.73","4.59002","870.8","868.4"
"40766","2017-05-26 00:00:00","1396-03-05 00:00:00","6.2","30.7","0.0","12.2","4","280","18.5","-4.975","22.75","1017.34","4.36548","870.3","866.6"
"40766","2017-05-27 00:00:00","1396-03-06 00:00:00","10.7","33.2","0.0","11.5","7","270","22.0","-4.15","20.125","1016.09","4.68653","868.3","866.2"
"40766","2017-05-28 00:00:00","1396-03-07 00:00:00","10.4","30.5","0.0","13.0","6","280","20.5","-0.075","19.5","1017.45","4.07945","870.0","867.0"
"40766","2017-05-29 00:00:00","1396-03-08 00:00:00","8.5","32.0","0.0","12.1","6","290","20.3","-2.375","23.625","1019.9","5.22691","871.7","870.0"
"40766","2017-05-30 00:00:00","1396-03-09 00:00:00","10.4","32.5","0.0","12.5","6","300","21.5","-2.5125","22.0","1019.49","5.20688","871.5","869.3"
"40766","2017-05-31 00:00:00","1396-03-10 00:00:00","11.8","32.1","0.0","12.5","10","270","21.9","-4.2125","18.125","1017.75","4.57382","870.3","867.7"
"40766","2017-06-01 00:00:00","1396-03-11 00:00:00","8.5","29.5","0.0","12.5","7","290","19.0","-9.74286","16.1429","1014.29","3.22307","867.2","864.8"
"40766","2017-06-02 00:00:00","1396-03-12 00:00:00","8.4","27.0","0.0","12.8","8","260","17.7","-2.175","25.75","1013.06","5.26898","865.8","864.1"
"40766","2017-06-03 00:00:00","1396-03-13 00:00:00","9.0","28.3","0.0","12.9","4","270","18.6","0.225","29.625","1015.93","6.21308","868.2","865.9"
"40766","2017-06-04 00:00:00","1396-03-14 00:00:00","8.0","31.8","0.0","12.1","6","180","19.9","-2.55","22.5","1015.95","5.2332","868.8","865.7"
"40766","2017-06-05 00:00:00","1396-03-15 00:00:00","11.4","34.7","0.0","12.1","5","290","23.0","-2.7875","22.5","1015.75","5.1959","868.9","865.8"
"40766","2017-06-06 00:00:00","1396-03-16 00:00:00","13.4","36.5","0.0","12.8","5","210","25.0","-5.5125","16.875","1015.79","4.4325","868.4","865.7"
"40766","2017-06-07 00:00:00","1396-03-17 00:00:00","12.4","35.2","0.0","12.7","6","290","23.8","-4.675","15.375","1015.79","4.40313","868.6","865.8"
"40766","2017-06-08 00:00:00","1396-03-18 00:00:00","14.0","35.7","0.0","12.4","6","290","24.9","-4.425","17.375","1014.41","4.57013","867.1","864.6"
"40766","2017-06-09 00:00:00","1396-03-19 00:00:00","11.6","35.6","0.0","12.8","8","290","23.6","-3.7125","17.875","1013.93","4.78641","866.4","864.3"
"40766","2017-06-10 00:00:00","1396-03-20 00:00:00","13.9","35.8","0.0","11.5","8","300","24.8","-3.5875","15.875","1014.3","4.78958","867.2","865.0"
"40766","2017-06-11 00:00:00","1396-03-21 00:00:00","13.9","36.0","0.0","13.0","8","310","25.0","-8.4375","13.375","1012.94","3.65729","865.2","863.5"
"40766","2017-06-12 00:00:00","1396-03-22 00:00:00","11.7","34.2","0.0","13.0","10","290","23.0","-7.7","13.375","1013.9","3.56304","866.1","864.4"
"40766","2017-06-13 00:00:00","1396-03-23 00:00:00","11.0","35.2","0.0","11.9","7","300","23.1","-3.225","18.75","1014.24","4.88856","866.8","864.9"
"40766","2017-06-14 00:00:00","1396-03-24 00:00:00","12.0","37.0","0.0","12.3","7","260","24.5","-3.475","18.125","1013.18","4.92615","866.4","863.1"
"40766","2017-06-15 00:00:00","1396-03-25 00:00:00","19.6","34.8","0.0","12.4","8","290","27.2","-1.1875","17.0","1015.0","5.69327","867.5","864.8"
"40766","2017-06-16 00:00:00","1396-03-26 00:00:00","15.5","33.0","0.0","13.0","7","260","24.3","-4.3375","17.5","1015.34","4.7261","867.4","866.0"
"40766","2017-06-17 00:00:00","1396-03-27 00:00:00","12.6","33.3","0.0","12.5","6","310","23.0","0.6","22.75","1014.24","6.4163","867.6","864.0"
"40766","2017-06-18 00:00:00","1396-03-28 00:00:00","14.0","35.2","0.0","12.4","7","260","24.6","-1.4125","20.0","1012.81","5.66151","865.7","863.2"
"40766","2017-06-19 00:00:00","1396-03-29 00:00:00","14.3","34.9","0.0","12.6","8","290","24.6","-2.6625","18.375","1012.55","5.16712","866.0","862.6"
"40766","2017-06-20 00:00:00","1396-03-30 00:00:00","14.6","35.6","0.0","13.0","8","270","25.1","-1.025","18.625","1011.78","5.78001","865.2","863.4"
"40766","2017-06-21 00:00:00","1396-03-31 00:00:00","17.8","33.6","0.0","13.2","8","300","25.7","-1.075","20.5","1011.27","6.03271","865.0","861.8"
"40766","2017-06-22 00:00:00","1396-04-01 00:00:00","15.7","33.1","0.0","11.7","8","290","24.4","-7.65","14.875","1013.09","3.88704","865.5","863.7"
"40766","2017-06-23 00:00:00","1396-04-02 00:00:00","12.0","33.2","0.0","12.9","6","300","22.6","-6.325","15.75","1013.13","4.06034","866.1","863.3"
"40766","2017-06-24 00:00:00","1396-04-03 00:00:00","12.4","34.8","0.0","12.9","5","290","23.6","-5.1875","15.625","1012.24","4.26634","865.6","862.5"
"40766","2017-06-25 00:00:00","1396-04-04 00:00:00","13.5","35.9","0.0","13.0","5","300","24.7","-6.8875","14.0","1011.14","4.03572","863.9","862.1"
"40766","2017-06-26 00:00:00","1396-04-05 00:00:00","14.7","38.2","0.0","12.0","5","290","26.5","-3.6875","15.75","1012.54","4.82332","865.2","863.2"
"40766","2017-06-27 00:00:00","1396-04-06 00:00:00","17.0","39.5","0.0","11.9","6","100","28.3","-3.1625","15.0","1013.35","5.14482","866.5","863.8"
"40766","2017-06-28 00:00:00","1396-04-07 00:00:00","20.0","40.8","0.0","13.0","6","280","30.4","-5.525","11.0","1012.2","4.37109","866.0","862.3"
"40766","2017-06-29 00:00:00","1396-04-08 00:00:00","17.8","39.5","0.0","12.8","7","280","28.6","-11.45","8.375","1011.12","2.85715","864.4","861.7"
"40766","2017-06-30 00:00:00","1396-04-09 00:00:00","15.0","37.9","0.0","12.7","5","290","26.5","-13.65","9.625","1007.29","2.56994","861.2","857.7"
"40766","2017-07-01 00:00:00","1396-04-10 00:00:00","14.7","37.4","0.0","10.8","6","120","26.1","-8.275","11.375","1009.28","3.54614","862.9","859.3"
"40766","2017-07-02 00:00:00","1396-04-11 00:00:00","16.4","37.9","0.0","9.4","5","200","27.2","-3.45","15.375","1010.86","4.92203","864.3","861.6"
"40766","2017-07-03 00:00:00","1396-04-12 00:00:00","17.1","38.8","0.0","10.2","5","210","28.0","-4.0","13.25","1010.93","4.68516","864.5","861.1"
"40766","2017-07-04 00:00:00","1396-04-13 00:00:00","17.0","40.0","0.0","8.3","12","70","28.5","-1.7625","15.625","1011.0","5.42542","864.1","862.2"
"40766","2017-07-05 00:00:00","1396-04-14 00:00:00","18.8","40.1","0.0","7.5","3","70","29.4","-2.9125","13.375","1011.57","5.08547","864.5","862.6"
"40766","2017-07-06 00:00:00","1396-04-15 00:00:00","25.3","40.0","0.0","6.7","7","130","32.7","-5.35","10.5","1011.12","4.43554","864.5","861.8"
"40766","2017-07-07 00:00:00","1396-04-16 00:00:00","17.3","38.8","0.0","6.2","5","230","28.0","-3.2125","13.0","1008.36","4.8783","861.8","859.0"
"40766","2017-07-08 00:00:00","1396-04-17 00:00:00","19.2","39.3","0.0","3.5","6","250","29.3","-3.0","13.5","1010.01","5.01827","863.4","860.7"
"40766","2017-07-09 00:00:00","1396-04-18 00:00:00","20.5","39.7","0.0","8.5","5","320","30.1","-2.05","14.125","1012.24","5.44483","865.5","863.1"
"40766","2017-07-10 00:00:00","1396-04-19 00:00:00","17.9","40.5","0.0","11.8","6","300","29.2","0.6125","17.25","1013.55","6.49116","866.2","863.8"
"40766","2017-07-11 00:00:00","1396-04-20 00:00:00","21.4","38.7","0.0","9.7","7","280","30.0","-12.525","8.125","1013.59","2.92611","867.0","863.6"
"40766","2017-07-12 00:00:00","1396-04-21 00:00:00","16.1","36.0","0.0","12.1","7","300","26.0","-2.725","13.5","1009.25","5.44324","862.6","860.1"
"40766","2017-07-13 00:00:00","1396-04-22 00:00:00","18.5","35.6","0.0","11.7","5","320","27.0","4.025","23.875","1008.1","8.35727","861.8","858.6"
"40766","2017-07-14 00:00:00","1396-04-23 00:00:00","21.6","36.7","0.0","10.8","8","280","29.2","0.475","21.875","1009.68","7.64358","863.0","860.7"
"40766","2017-07-15 00:00:00","1396-04-24 00:00:00","16.2","37.3","0.0","11.9","8","290","26.8","-4.9625","13.75","1012.51","4.49282","864.7","863.3"
"40766","2017-07-16 00:00:00","1396-04-25 00:00:00","16.2","37.4","0.0","12.4","7","280","26.8","-7.925","11.5","1013.45","3.59326","866.7","863.8"
"40766","2017-07-17 00:00:00","1396-04-26 00:00:00","16.8","40.3","0.0","9.6","7","100","28.5","-3.8375","11.625","1012.95","4.6215","866.0","863.3"
"40766","2017-07-18 00:00:00","1396-04-27 00:00:00","23.2","39.7","0.0","12.4","9","110","31.5","-4.25","9.625","1013.16","4.51758","866.8","863.0"
"40766","2017-07-19 00:00:00","1396-04-28 00:00:00","22.6","39.9","0.0","12.2","5","110","31.3","-5.375","10.375","1011.53","4.14851","865.4","861.5"
"40766","2017-07-20 00:00:00","1396-04-29 00:00:00","17.3","40.4","0.0","12.1","6","290","28.9","-7.0375","10.125","1009.64","3.79826","863.1","859.8"
"40766","2017-07-21 00:00:00","1396-04-30 00:00:00","","40.6","0.0","12.2","5","100","","-9.22857","8.57143","1011.28","3.21746","864.6","861.9"
"40766","2017-07-22 00:00:00","1396-04-31 00:00:00","18.1","40.0","0.0","12.4","6","100","29.0","-9.9375","8.25","1013.09","2.99253","866.7","863.2"
"40766","2017-07-23 00:00:00","1396-05-01 00:00:00","18.8","40.2","0.0","12.2","5","280","29.5","-9.0","8.25","1011.22","3.25855","865.0","861.2"
"40766","2017-07-24 00:00:00","1396-05-02 00:00:00","19.7","39.5","0.0","11.2","9","270","29.6","-12.775","6.875","1010.26","2.52203","863.1","861.5"
"40766","2017-07-25 00:00:00","1396-05-03 00:00:00","15.5","37.9","0.0","12.5","9","280","26.7","-6.3","11.625","1010.8","4.00439","863.8","861.8"
"40766","2017-07-26 00:00:00","1396-05-04 00:00:00","16.3","37.4","0.0","12.4","7","290","26.9","-5.5375","13.75","1010.08","4.47009","863.3","860.7"
"40766","2017-07-27 00:00:00","1396-05-05 00:00:00","14.3","40.4","0.0","12.3","5","290","27.4","-10.3875","9.875","1010.35","3.09789","863.2","861.1"
"40766","2017-07-28 00:00:00","1396-05-06 00:00:00","16.1","40.4","0.0","12.1","5","290","28.3","-11.0125","8.0","1012.81","2.79295","865.4","863.3"
"40766","2017-07-29 00:00:00","1396-05-07 00:00:00","18.3","40.4","0.0","9.6","7","290","29.4","-10.7625","8.125","1013.33","2.92491","866.7","863.3"
"40766","2017-07-30 00:00:00","1396-05-08 00:00:00","18.2","40.6","0.0","9.6","7","290","29.4","-5.9","10.5","1012.12","4.01936","865.2","862.7"
"40766","2017-07-31 00:00:00","1396-05-09 00:00:00","18.4","40.4","0.0","11.4","7","300","29.4","-4.6","11.5","1013.32","4.37999","865.9","863.7"
"40766","2017-08-01 00:00:00","1396-05-10 00:00:00","18.8","39.8","0.0","11.8","9","100","29.3","-6.9125","9.875","1014.71","3.79382","867.2","865.0"
"40766","2017-08-02 00:00:00","1396-05-11 00:00:00","25.7","37.7","0.0","12.2","9","100","31.7","-10.2","6.375","1015.88","2.87748","868.6","865.9"
"40766","2017-08-03 00:00:00","1396-05-12 00:00:00","18.5","38.3","0.0","12.4","6","110","28.4","-8.8","9.75","1014.41","3.38565","868.4","864.0"
"40766","2017-08-04 00:00:00","1396-05-13 00:00:00","19.4","39.2","0.0","12.2","5","120","29.3","-5.575","11.625","1012.44","4.24512","866.0","862.6"
"40766","2017-08-05 00:00:00","1396-05-14 00:00:00","17.6","40.0","0.0","12.1","5","280","28.8","-8.025","10.375","1011.63","3.55028","864.9","862.0"
"40766","2017-08-06 00:00:00","1396-05-15 00:00:00","18.5","40.4","0.0","12.1","4","140","29.5","-9.175","9.625","1012.88","3.18778","865.7","863.3"
"40766","2017-08-07 00:00:00","1396-05-16 00:00:00","20.9","40.4","0.0","12.1","6","110","30.7","-9.325","7.75","1013.55","3.1274","866.5","864.0"
"40766","2017-08-08 00:00:00","1396-05-17 00:00:00","21.4","40.3","0.0","12.3","5","280","30.8","-8.625","8.25","1014.43","3.28009","867.4","864.5"
"40766","2017-08-09 00:00:00","1396-05-18 00:00:00","18.0","40.4","0.0","12.4","7","100","29.2","-9.55","8.875","1013.45","3.0185","866.9","863.2"
"40766","2017-08-10 00:00:00","1396-05-19 00:00:00","18.6","40.4","0.0","9.4","7","50","29.5","-4.7125","11.75","1012.07","4.53278","865.2","862.1"
"40766","2017-08-11 00:00:00","1396-05-20 00:00:00","23.6","37.8","0.0","9.0","8","100","30.7","1.55","16.875","1013.59","6.98003","866.5","864.1"
"40766","2017-08-12 00:00:00","1396-05-21 00:00:00","23.1","38.7","0.0","9.8","5","280","30.9","-0.125","14.5","1012.74","6.15175","866.2","862.8"
"40766","2017-08-13 00:00:00","1396-05-22 00:00:00","20.1","39.9","0.0","11.2","7","290","30.0","-3.525","12.625","1012.48","4.92938","865.0","863.3"
"40766","2017-08-14 00:00:00","1396-05-23 00:00:00","19.3","39.9","0.0","11.7","8","290","29.6","-5.7375","10.625","1013.28","4.14923","865.9","863.6"
"40766","2017-08-15 00:00:00","1396-05-24 00:00:00","18.5","38.3","0.0","10.4","5","290","28.4","-2.925","14.5","1013.05","5.02064","866.0","863.2"
"40766","2017-08-16 00:00:00","1396-05-25 00:00:00","17.6","36.6","0.0","12.0","8","280","27.1","-0.4125","17.125","1013.39","6.0069","865.6","864.4"
"40766","2017-08-17 00:00:00","1396-05-26 00:00:00","","37.4","0.0","7.8","6","110","","2.4","19.25","1015.04","7.42966","867.9","865.2"
"40766","2017-08-18 00:00:00","1396-05-27 00:00:00","20.0","39.0","0.0","10.7","8","300","29.5","-1.325","15.125","1015.15","5.65745","867.7","865.6"
"40766","2017-08-19 00:00:00","1396-05-28 00:00:00","15.8","37.9","0.0","12.0","7","280","26.9","-10.8125","9.75","1015.69","3.01809","867.9","866.2"
"40766","2017-08-20 00:00:00","1396-05-29 00:00:00","15.2","38.6","0.0","12.0","8","300","26.9","-12.225","8.75","1014.43","2.6197","867.2","864.5"
"40766","2017-08-21 00:00:00","1396-05-30 00:00:00","14.6","38.2","0.0","12.0","9","280","26.4","-10.6375","8.5","1013.02","2.78833","866.6","862.6"
"40766","2017-08-22 00:00:00","1396-05-31 00:00:00","16.4","39.4","0.0","11.8","4","230","27.9","-8.1","9.75","1011.8","3.41223","865.5","861.7"
"40766","2017-08-23 00:00:00","1396-06-01 00:00:00","17.3","40.2","0.0","10.8","6","280","28.8","-4.775","12.625","1013.3","4.57469","866.2","863.6"
"40766","2017-08-24 00:00:00","1396-06-02 00:00:00","17.9","39.8","0.0","10.7","7","280","28.8","-3.6875","13.25","1014.44","4.78561","867.2","864.5"
"40766","2017-08-25 00:00:00","1396-06-03 00:00:00","16.8","39.9","0.0","10.8","6","260","28.4","-11.375","8.625","1014.5","2.85676","868.1","864.0"
"40766","2017-08-26 00:00:00","1396-06-04 00:00:00","18.9","37.1","0.0","11.7","8","110","28.0","-14.125","6.125","1013.21","2.23049","866.6","863.6"
"40766","2017-08-27 00:00:00","1396-06-05 00:00:00","19.3","36.7","0.0","11.9","8","110","28.0","-18.7125","4.5","1012.48","1.42016","865.3","863.1"
"40766","2017-08-28 00:00:00","1396-06-06 00:00:00","17.9","36.6","0.0","11.4","6","100","27.3","-8.7875","9.25","1013.18","3.23393","866.5","863.0"
"40766","2017-08-29 00:00:00","1396-06-07 00:00:00","16.3","37.0","0.0","9.6","5","280","26.6","-6.8","10.875","1013.15","3.70149","866.5","863.4"
"40766","2017-08-30 00:00:00","1396-06-08 00:00:00","15.6","37.4","0.0","11.8","5","280","26.5","-9.7","9.75","1014.7","3.03426","868.1","864.9"
"40766","2017-08-31 00:00:00","1396-06-09 00:00:00","16.1","38.3","0.0","11.3","4","220","27.2","-8.375","10.75","1015.12","3.3121","868.7","865.2"
"40766","2017-09-01 00:00:00","1396-06-10 00:00:00","15.6","39.1","0.0","11.8","5","80","27.3","-18.6","19.4286","1013.67","9.08346","867.3","863.5"
"40766","2017-09-02 00:00:00","1396-06-11 00:00:00","14.2","39.0","0.0","10.5","6","290","26.6","-15.3125","6.75","1013.59","2.14103","866.6","863.9"
"40766","2017-09-03 00:00:00","1396-06-12 00:00:00","16.4","37.3","0.0","11.0","7","310","26.8","-13.625","8.5","1014.48","2.46749","867.3","864.9"
"40766","2017-09-04 00:00:00","1396-06-13 00:00:00","11.0","35.7","0.0","11.6","4","290","23.4","-17.775","7.125","1015.75","1.78259","868.2","866.0"
"40766","2017-09-05 00:00:00","1396-06-14 00:00:00","13.5","37.2","0.0","11.1","5","290","25.4","-13.9375","6.75","1016.59","2.12141","869.5","866.4"
"40766","2017-09-06 00:00:00","1396-06-15 00:00:00","14.6","37.4","0.0","11.0","6","300","26.0","-12.0625","9.0","1015.74","2.6331","868.8","865.4"
"40766","2017-09-07 00:00:00","1396-06-16 00:00:00","16.1","37.2","0.0","6.9","6","300","26.7","-7.3","10.875","1016.08","3.58221","868.4","866.4"
"40766","2017-09-08 00:00:00","1396-06-17 00:00:00","14.3","37.0","0.0","11.0","7","270","25.6","-8.5125","11.875","1017.51","3.38735","870.2","867.2"
"40766","2017-09-09 00:00:00","1396-06-18 00:00:00","13.0","38.1","0.0","11.0","7","200","25.5","-13.675","9.375","1017.21","2.39711","870.2","866.9"
"40766","2017-09-10 00:00:00","1396-06-19 00:00:00","13.9","37.9","0.0","10.6","7","290","25.9","-11.7125","8.375","1016.96","2.53935","869.5","866.5"
"40766","2017-09-11 00:00:00","1396-06-20 00:00:00","14.7","37.0","0.0","10.2","7","300","25.9","-13.275","8.125","1018.51","2.37353","870.2","868.6"
"40766","2017-09-12 00:00:00","1396-06-21 00:00:00","13.4","35.8","0.0","10.3","7","280","24.6","-11.7375","9.25","1020.21","2.54484","872.4","869.9"
"40766","2017-09-13 00:00:00","1396-06-22 00:00:00","11.7","35.8","0.0","11.2","8","280","23.8","-16.9875","8.85714","1018.89","2.11909","872.1","868.0"
"40766","2017-09-14 00:00:00","1396-06-23 00:00:00","11.8","36.8","0.0","11.0","4","120","24.3","-16.4","7.0","1016.55","1.73805","869.5","866.2"
"40766","2017-09-15 00:00:00","1396-06-24 00:00:00","13.8","36.5","0.0","10.5","7","110","25.1","-9.4875","10.625","1017.18","3.04013","870.4","866.9"
"40766","2017-09-16 00:00:00","1396-06-25 00:00:00","13.6","36.3","0.0","9.7","5","260","25.0","-9.8875","10.625","1017.84","2.97057","870.7","867.6"
"40766","2017-09-17 00:00:00","1396-06-26 00:00:00","14.4","35.6","0.0","9.2","7","320","25.0","-6.775","12.0","1018.21","3.71727","871.0","867.9"
"40766","2017-09-18 00:00:00","1396-06-27 00:00:00","14.2","34.0","0.0","9.9","6","280","24.1","-9.1375","11.75","1018.99","3.16161","871.8","868.7"
"40766","2017-09-19 00:00:00","1396-06-28 00:00:00","13.5","34.1","0.0","8.3","6","290","23.8","-9.625","10.625","1019.64","3.06472","872.4","869.2"
"40766","2017-09-20 00:00:00","1396-06-29 00:00:00","14.2","35.4","0.0","8.7","6","30","24.8","-9.925","10.875","1018.48","2.97416","871.4","867.8"
"40766","2017-09-21 00:00:00","1396-06-30 00:00:00","12.0","34.2","0.0","10.4","4","200","23.1","-12.2625","9.625","1017.7","2.42218","870.8","866.8"
"40766","2017-09-22 00:00:00","1396-06-31 00:00:00","12.5","34.6","0.0","9.9","5","310","23.5","-9.3875","12.75","1016.89","3.43057","869.7","866.6"
"40766","2017-09-23 00:00:00","1396-07-01 00:00:00","13.2","33.2","0.0","10.1","6","290","23.2","-2.8","20.125","1018.02","5.22449","870.2","868.0"
"40766","2017-09-24 00:00:00","1396-07-02 00:00:00","11.9","32.8","0.0","10.4","6","280","22.3","-10.8125","12.875","1020.25","2.89434","872.2","870.2"
"40766","2017-09-25 00:00:00","1396-07-03 00:00:00","12.5","32.7","0.0","7.7","8","290","22.6","-6.85","14.0","1020.4","3.78621","872.5","869.8"
"40766","2017-09-26 00:00:00","1396-07-04 00:00:00","11.7","32.6","0.0","9.8","7","300","22.1","-4.3875","17.625","1019.49","4.45293","871.9","869.0"
"40766","2017-09-27 00:00:00","1396-07-05 00:00:00","12.4","34.1","0.0","9.2","12","260","23.3","-6.7375","15.875","1019.33","3.97603","871.5","869.1"
"40766","2017-09-28 00:00:00","1396-07-06 00:00:00","10.1","30.3","0.0","10.6","9","290","20.2","-6.7625","18.0","1019.37","3.95454","871.0","869.5"
"40766","2017-09-29 00:00:00","1396-07-07 00:00:00","6.6","29.4","0.0","9.8","6","290","18.0","-6.7375","18.5","1019.23","3.7973","871.3","868.7"
"40766","2017-09-30 00:00:00","1396-07-08 00:00:00","13.8","32.9","0.0","6.1","7","230","23.4","-5.5375","15.5","1018.99","4.08676","871.7","869.0"
"40766","2017-10-01 00:00:00","1396-07-09 00:00:00","15.8","32.3","0.0","9.6","10","270","24.0","-5.7875","14.875","1020.28","4.00531","871.9","870.1"
"40766","2017-10-02 00:00:00","1396-07-10 00:00:00","11.1","29.0","0.0","10.6","7","290","20.0","-2.7875","23.0","1019.43","5.07439","871.7","868.6"
"40766","2017-10-03 00:00:00","1396-07-11 00:00:00","12.2","26.8","0.0","10.2","7","280","19.5","0.1875","31.5","1018.9","6.28819","871.1","868.5"
"40766","2017-10-04 00:00:00","1396-07-12 00:00:00","10.6","28.3","0.0","6.6","8","260","19.5","-1.55","26.125","1016.29","5.48311","869.5","865.8"
"40766","2017-10-05 00:00:00","1396-07-13 00:00:00","7.1","23.8","0.0","10.2","5","110","15.4","-4.225","28.25","1015.42","4.55071","868.1","865.5"
"40766","2017-10-06 00:00:00","1396-07-14 00:00:00","6.6","26.0","0.0","10.0","5","110","16.3","-7.3375","22.375","1017.1","3.82872","870.1","867.4"
"40766","2017-10-07 00:00:00","1396-07-15 00:00:00","11.8","26.8","0.0","5.1","3","230","19.3","-4.3","21.375","1019.15","4.484","871.6","868.7"
"40766","2017-10-08 00:00:00","1396-07-16 00:00:00","8.3","28.4","0.0","7.9","6","220","18.4","-2.975","24.125","1018.15","4.93102","870.4","867.7"
"40766","2017-10-09 00:00:00","1396-07-17 00:00:00","9.0","27.0","0.0","9.9","8","270","18.0","-4.4625","24.375","1018.31","4.47709","869.9","868.5"
"40766","2017-10-10 00:00:00","1396-07-18 00:00:00","9.4","28.5","0.0","8.9","5","230","19.0","-3.65","22.875","1018.81","4.69693","871.5","868.9"
"40766","2017-10-11 00:00:00","1396-07-19 00:00:00","8.6","29.2","0.0","9.4","7","260","18.9","-2.775","25.875","1017.51","5.06587","869.8","866.8"
"40766","2017-10-12 00:00:00","1396-07-20 00:00:00","7.6","26.1","0.0","10.3","6","290","16.9","-3.6625","29.0","1026.77","5.05205","871.6","869.2"
"40766","2017-10-13 00:00:00","1396-07-21 00:00:00","3.1","25.5","0.0","9.7","6","290","14.3","-7.7875","23.25","1019.57","3.55369","872.8","869.0"
"40766","2017-10-14 00:00:00","1396-07-22 00:00:00","7.4","25.6","0.0","10.0","8","270","16.5","-6.4125","23.0","1018.12","3.81855","870.7","867.7"
"40766","2017-10-15 00:00:00","1396-07-23 00:00:00","6.4","26.1","0.0","9.5","6","280","16.3","-4.725","25.0","1018.46","4.37278","870.9","868.5"
"40766","2017-10-16 00:00:00","1396-07-24 00:00:00","7.3","25.5","0.0","10.1","7","280","16.4","-4.9125","25.5","1017.28","4.26364","869.2","867.1"
"40766","2017-10-17 00:00:00","1396-07-25 00:00:00","4.8","23.5","0.0","8.2","5","300","14.1","-9.15","21.625","1018.28","3.13622","870.3","868.6"
"40766","2017-10-18 00:00:00","1396-07-26 00:00:00","3.1","24.6","0.0","10.1","4","120","13.9","-18.4125","13.125","1021.09","1.54854","873.4","870.8"
"40766","2017-10-19 00:00:00","1396-07-27 00:00:00","3.5","26.4","0.0","10.3","6","260","14.9","-16.0","12.375","1022.44","1.80176","874.7","872.0"
"40766","2017-10-20 00:00:00","1396-07-28 00:00:00","1.6","23.2","0.0","10.2","5","320","12.4","-20.975","10.375","1020.81","1.27404","872.8","870.3"
"40766","2017-10-21 00:00:00","1396-07-29 00:00:00","0.5","23.8","0.0","10.3","6","290","12.1","-22.65","8.75","1018.85","1.05064","871.7","868.0"
"40766","2017-10-22 00:00:00","1396-07-30 00:00:00","0.9","22.8","0.0","9.1","6","300","11.8","-13.9875","15.5","1018.14","2.19548","870.6","867.8"
"40766","2017-10-23 00:00:00","1396-08-01 00:00:00","3.7","23.4","0.0","9.8","4","270","13.6","-11.6375","19.375","1019.8","2.55689","871.9","869.7"
"40766","2017-10-24 00:00:00","1396-08-02 00:00:00","2.0","24.9","0.0","7.0","6","310","13.4","-8.775","21.875","1022.26","3.42523","874.3","871.3"
"40766","2017-10-25 00:00:00","1396-08-03 00:00:00","6.3","28.8","0.0","8.5","5","250","17.5","-5.9625","22.125","1024.87","3.93498","876.3","874.1"
"40766","2017-10-26 00:00:00","1396-08-04 00:00:00","8.1","30.0","0.0","3.7","6","140","19.0","-7.7625","17.0","1023.98","3.43842","876.2","872.9"
"40766","2017-10-27 00:00:00","1396-08-05 00:00:00","13.4","29.6","0.0","6.2","8","240","21.5","-7.5","15.875","1022.07","3.55074","874.4","870.8"
"40766","2017-10-28 00:00:00","1396-08-06 00:00:00","9.8","28.6","0.0","8.4","7","170","19.2","-9.3375","15.875","1021.51","3.04926","873.8","870.3"
"40766","2017-10-29 00:00:00","1396-08-07 00:00:00","13.9","27.3","0.0","8.5","10","180","20.6","-2.65","20.625","1020.07","5.06282","871.9","869.7"
"40766","2017-10-30 00:00:00","1396-08-08 00:00:00","17.9","26.0","0.2","3.5","12","180","22.0","-0.775","27.125","1018.92","6.098","871.1","868.6"
"40766","2017-10-31 00:00:00","1396-08-09 00:00:00","10.8","24.4","0.0","5.8","7","300","17.6","0.3375","37.375","1019.12","6.37332","871.0","868.7"
"40766","2017-11-01 00:00:00","1396-08-10 00:00:00","8.3","21.6","0.0","9.0","6","260","15.0","-1.0","37.75","1020.16","5.80441","872.4","869.7"
"40766","2017-11-02 00:00:00","1396-08-11 00:00:00","7.9","20.6","0.0","0.0","5","280","14.3","-1.25","34.125","1019.9","5.62347","872.8","869.2"
"40766","2017-11-03 00:00:00","1396-08-12 00:00:00","10.8","25.0","0.0","2.4","9","160","17.9","-2.4125","26.5","1018.51","5.24517","870.3","868.4"
"40766","2017-11-04 00:00:00","1396-08-13 00:00:00","11.7","20.6","6.0","0.0","7","50","16.1","6.4625","69.125","1021.06","10.0886","873.4","869.5"
"40766","2017-11-05 00:00:00","1396-08-14 00:00:00","9.3","22.5","3.0","3.4","7","180","15.9","6.8375","62.0","1022.77","10.0859","874.8","872.0"
"40766","2017-11-06 00:00:00","1396-08-15 00:00:00","12.0","19.4","0.6","1.8","6","320","15.7","9.2","73.375","1025.67","11.65","877.1","873.7"
"40766","2017-11-07 00:00:00","1396-08-16 00:00:00","7.7","21.7","0.0","8.0","5","290","14.7","9.25","77.25","1025.7","11.6905","877.6","874.6"
"40766","2017-11-08 00:00:00","1396-08-17 00:00:00","6.5","22.8","0.0","5.6","3","300","14.6","7.175","64.25","1023.01","10.162","875.5","871.8"
"40766","2017-11-09 00:00:00","1396-08-18 00:00:00","6.0","21.7","0.01","4.0","6","350","13.9","2.9","53.0","1020.34","7.66152","872.9","870.1"
"40766","2017-11-10 00:00:00","1396-08-19 00:00:00","6.2","20.8","0.0","6.0","3","180","13.5","3.4125","61.25","1018.82","8.10156","871.4","868.3"
"40766","2017-11-11 00:00:00","1396-08-20 00:00:00","3.7","20.5","0.0","6.8","6","280","12.1","0.575","48.25","1019.64","6.41454","872.1","868.7"
"40766","2017-11-12 00:00:00","1396-08-21 00:00:00","4.8","16.6","0.0","9.3","6","280","10.7","-2.2125","45.0","1022.22","5.27997","874.2","871.7"
"40766","2017-11-13 00:00:00","1396-08-22 00:00:00","-1.7","19.1","0.0","8.3","3","150","8.7","-7.9","36.0","1022.37","3.51452","874.7","871.8"
"40766","2017-11-14 00:00:00","1396-08-23 00:00:00","0.5","21.1","0.0","9.4","4","110","10.8","-11.275","26.0","1021.36","2.67771","873.8","870.6"
"40766","2017-11-15 00:00:00","1396-08-24 00:00:00","-0.7","20.2","0.0","9.5","5","310","9.8","-8.9125","29.5","1020.43","3.17355","873.0","869.9"
"40766","2017-11-16 00:00:00","1396-08-25 00:00:00","0.4","20.3","0.0","9.1","3","140","10.3","-8.4625","29.875","1021.16","3.26518","873.5","870.6"
"40766","2017-11-17 00:00:00","1396-08-26 00:00:00","-0.4","19.3","0.0","9.5","3","290","9.4","-10.125","27.625","1022.43","2.84625","874.2","871.9"
"40766","2017-11-18 00:00:00","1396-08-27 00:00:00","-0.9","19.4","0.0","7.6","2","100","9.3","-10.725","26.75","1024.36","2.72215","876.2","873.8"
"40766","2017-11-19 00:00:00","1396-08-28 00:00:00","0.6","19.7","0.0","2.0","6","180","10.2","-8.8","27.0","1023.49","3.17515","875.9","872.6"
"40766","2017-11-20 00:00:00","1396-08-29 00:00:00","7.6","16.9","0.02","0.0","6","100","12.3","-1.5875","37.0","1021.59","5.56875","874.0","870.6"
"40766","2017-11-21 00:00:00","1396-08-30 00:00:00","10.2","14.3","21.0","0.0","6","90","12.3","6.1","79.375","1017.24","9.54643","871.0","866.3"
"40766","2017-11-22 00:00:00","1396-09-01 00:00:00","6.7","14.8","5.1","0.0","5","100","10.8","5.3625","75.75","1013.23","8.95541","866.0","863.9"
"40766","2017-11-23 00:00:00","1396-09-02 00:00:00","4.9","10.8","4.0","2.3","6","270","7.9","-1.175","59.75","1015.69","5.6742","868.5","865.3"
"40766","2017-11-24 00:00:00","1396-09-03 00:00:00","2.0","10.3","0.0","2.9","8","250","6.2","-5.2125","52.5","1019.91","4.22527","873.9","868.4"
"40766","2017-11-25 00:00:00","1396-09-04 00:00:00","-1.0","8.9","0.0","8.0","6","290","3.9","-5.2","53.5","1025.37","4.21406","876.3","874.0"
"40766","2017-11-26 00:00:00","1396-09-05 00:00:00","-2.9","8.5","0.0","1.4","3","280","2.8","-3.225","66.5","1024.99","4.82871","876.6","874.2"
"40766","2017-11-27 00:00:00","1396-09-06 00:00:00","-0.8","11.2","0.0","0.8","5","290","5.2","-2.0625","66.0","1022.84","5.2666","874.4","872.0"
"40766","2017-11-28 00:00:00","1396-09-07 00:00:00","-4.2","12.4","0.0","8.6","4","280","4.1","-6.2875","60.375","1023.74","4.4149","875.3","873.2"
"40766","2017-11-29 00:00:00","1396-09-08 00:00:00","-3.4","15.1","0.0","8.2","3","130","5.9","-4.825","54.625","1023.79","4.30954","876.2","873.0"
"40766","2017-11-30 00:00:00","1396-09-09 00:00:00","-2.2","15.4","0.0","8.2","4","280","6.6","-4.65","53.375","1023.84","4.3527","875.4","873.2"
"40766","2017-12-01 00:00:00","1396-09-10 00:00:00","-3.7","15.0","0.0","9.0","3","120","5.7","-6.8","50.375","1024.22","3.74815","876.4","872.9"
"40766","2017-12-02 00:00:00","1396-09-11 00:00:00","-3.7","14.5","0.0","9.3","3","110","5.4","-6.8625","45.625","1025.85","3.66753","877.1","874.8"
"40766","2017-12-03 00:00:00","1396-09-12 00:00:00","-2.1","14.2","0.0","9.2","7","110","6.1","-7.4875","44.625","1027.35","3.53437","878.4","876.2"
"40766","2017-12-04 00:00:00","1396-09-13 00:00:00","-2.7","13.7","0.0","9.2","4","120","5.5","-8.9125","44.125","1026.54","3.1366","878.6","875.0"
"40766","2017-12-05 00:00:00","1396-09-14 00:00:00","-4.6","16.0","0.0","8.7","3","200","5.7","-8.2","41.625","1022.78","3.31363","876.1","870.8"
"40766","2017-12-06 00:00:00","1396-09-15 00:00:00","-0.6","15.6","0.0","0.0","8","120","7.5","-9.2875","31.625","1016.16","3.10219","870.2","864.6"
"40766","2017-12-07 00:00:00","1396-09-16 00:00:00","2.2","15.4","3.51","0.8","8","150","8.8","0.275","71.125","1013.6","6.3598","867.8","862.8"
"40766","2017-12-08 00:00:00","1396-09-17 00:00:00","-2.2","7.0","0.0","5.5","5","270","2.4","-3.775","69.125","1022.29","4.63481","875.7","868.1"
"40766","2017-12-09 00:00:00","1396-09-18 00:00:00","-4.9","9.8","0.0","7.5","3","130","2.5","-4.375","68.125","1025.38","4.46266","876.7","874.3"
"40766","2017-12-10 00:00:00","1396-09-19 00:00:00","-5.4","11.3","0.0","7.7","4","270","3.0","-4.55","66.625","1025.19","4.39","877.0","874.2"
"40766","2017-12-11 00:00:00","1396-09-20 00:00:00","-4.9","13.4","0.0","7.8","6","280","4.3","-8.4125","53.25","1024.29","3.50624","875.9","872.8"
"40766","2017-12-12 00:00:00","1396-09-21 00:00:00","-5.8","12.4","0.0","9.4","3","100","3.3","-9.8625","43.125","1025.24","3.06995","876.8","874.1"
"40766","2017-12-13 00:00:00","1396-09-22 00:00:00","-4.7","13.5","0.0","8.5","4","120","4.4","-8.2375","44.375","1022.7","3.31756","875.3","871.4"
"40766","2017-12-14 00:00:00","1396-09-23 00:00:00","-3.8","11.2","0.0","3.9","4","100","3.7","-5.875","55.125","1019.64","3.95427","872.2","869.4"
"40766","2017-12-15 00:00:00","1396-09-24 00:00:00","-4.7","13.4","0.0","7.0","3","190","4.3","-4.9125","58.75","1019.76","4.26228","872.3","869.3"
"40766","2017-12-16 00:00:00","1396-09-25 00:00:00","-4.4","13.8","0.0","8.8","3","270","4.7","-4.825","56.875","1023.88","4.28276","875.6","872.8"
"40766","2017-12-17 00:00:00","1396-09-26 00:00:00","-3.8","14.8","0.0","8.9","2","290","5.5","-6.6875","49.5","1025.06","3.75247","877.3","873.3"
"40766","2017-12-18 00:00:00","1396-09-27 00:00:00","-4.0","15.1","0.0","7.1","4","290","5.6","-8.15","46.25","1025.38","3.40282","876.8","873.7"
"40766","2017-12-19 00:00:00","1396-09-28 00:00:00","-3.0","16.7","0.0","9.1","6","270","6.9","-5.15","43.75","1027.69","4.22913","878.6","876.2"
"40766","2017-12-20 00:00:00","1396-09-29 00:00:00","2.0","15.2","0.01","0.0","3","80","8.6","1.425","61.375","1030.95","6.84461","881.8","878.8"
"40766","2017-12-21 00:00:00","1396-09-30 00:00:00","4.7","17.3","0.0","0.0","4","150","11.0","2.6875","61.75","1030.47","7.42554","882.1","878.9"
"40766","2017-12-22 00:00:00","1396-10-01 00:00:00","7.2","19.6","0.01","5.5","4","210","13.4","0.425","48.125","1026.79","6.33807","878.3","875.5"
"40766","2017-12-23 00:00:00","1396-10-02 00:00:00","0.8","19.1","0.0","2.0","7","150","9.9","-4.8375","40.375","1022.32","4.39463","874.7","871.2"
"40766","2017-12-24 00:00:00","1396-10-03 00:00:00","6.5","19.0","0.0","0.0","7","160","12.8","-13.5125","14.625","1018.14","2.20021","871.1","867.6"
"40766","2017-12-25 00:00:00","1396-10-04 00:00:00","11.7","15.5","0.11","0.0","7","110","13.6","-1.975","46.625","1017.44","5.73858","870.2","867.0"
"40766","2017-12-26 00:00:00","1396-10-05 00:00:00","4.7","12.7","7.0","7.5","5","280","8.7","3.3","76.625","1023.35","7.77627","877.6","868.8"
"40766","2017-12-27 00:00:00","1396-10-06 00:00:00","1.3","14.3","0.0","9.0","8","110","7.8","0.4","66.625","1026.75","6.29471","878.5","875.9"
"40766","2017-12-28 00:00:00","1396-10-07 00:00:00","-1.4","13.2","0.0","4.6","4","120","5.9","-0.025","71.0","1026.85","6.10534","878.2","875.6"
"40766","2017-12-29 00:00:00","1396-10-08 00:00:00","-0.8","15.0","0.0","3.5","3","90","7.1","0.225","66.25","1026.38","6.24988","878.1","875.3"
"40766","2017-12-30 00:00:00","1396-10-09 00:00:00","2.5","16.6","0.0","4.1","4","130","9.6","0.6875","60.125","1024.02","6.44346","875.9","872.8"
"40766","2017-12-31 00:00:00","1396-10-10 00:00:00","-2.3","16.7","0.0","7.0","3","130","7.2","-3.1875","55.625","1021.65","4.93118","874.7","870.5"
"40766","2018-01-01 00:00:00","1396-10-11 00:00:00","1.1","16.5","0.01","0.0","8","200","8.8","-4.9875","47.125","1014.87","4.61488","869.2","864.0"
"40766","2018-01-02 00:00:00","1396-10-12 00:00:00","2.7","8.6","4.9","0.5","7","220","5.7","0.275","74.625","1013.73","6.25659","867.7","863.8"
"40766","2018-01-03 00:00:00","1396-10-13 00:00:00","-0.3","8.5","0.0","8.6","6","270","4.1","-2.4375","70.125","1018.86","5.1285","871.0","868.2"
"40766","2018-01-04 00:00:00","1396-10-14 00:00:00","-3.6","10.9","0.0","7.5","2","120","3.6","-3.35","71.625","1017.44","4.79789","870.6","866.6"
"40766","2018-01-05 00:00:00","1396-10-15 00:00:00","","6.4","0.62","0.0","6","120","","0.025","79.625","1015.02","6.18456","868.0","865.1"
"40766","2018-01-06 00:00:00","1396-10-16 00:00:00","1.4","9.0","3.01","0.0","4","160","5.2","1.05","78.875","1016.19","6.60762","870.0","865.3"
"40766","2018-01-07 00:00:00","1396-10-17 00:00:00","-1.1","10.9","0.0","6.2","4","350","4.9","-2.4","68.0","1022.54","5.21285","875.1","870.6"
"40766","2018-01-08 00:00:00","1396-10-18 00:00:00","-2.7","10.1","0.0","9.1","8","80","3.7","-6.9","48.125","1025.37","3.66509","876.6","874.8"
"40766","2018-01-09 00:00:00","1396-10-19 00:00:00","-4.8","10.6","0.0","9.2","5","130","2.9","-7.3","53.625","1025.0","3.55169","877.5","873.7"
"40766","2018-01-10 00:00:00","1396-10-20 00:00:00","-4.6","11.8","0.0","9.0","3","110","3.6","-8.2375","51.0","1024.52","3.36149","876.1","873.8"
"40766","2018-01-11 00:00:00","1396-10-21 00:00:00","-6.2","13.1","0.0","7.5","4","190","3.5","-9.5","46.5","1025.83","3.0606","877.7","875.0"
"40766","2018-01-12 00:00:00","1396-10-22 00:00:00","-4.7","15.6","0.0","9.4","5","160","5.5","-16.8","28.625","1023.27","1.98142","875.4","872.4"
"40766","2018-01-13 00:00:00","1396-10-23 00:00:00","-4.1","15.8","0.0","9.5","3","160","5.9","-15.5625","28.75","1022.4","1.96541","874.9","871.7"
"40766","2018-01-14 00:00:00","1396-10-24 00:00:00","-5.3","17.9","0.0","8.9","8","170","6.3","-18.1625","26.25","1016.96","1.8886","870.8","865.5"
"40766","2018-01-15 00:00:00","1396-10-25 00:00:00","2.8","10.5","0.0","3.5","5","300","6.7","-5.975","42.5","1019.53","3.98523","871.8","868.0"
"40766","2018-01-16 00:00:00","1396-10-26 00:00:00","-3.0","9.7","0.0","8.0","6","280","3.3","-4.2875","59.625","1020.21","4.47578","873.1","869.4"
"40766","2018-01-17 00:00:00","1396-10-27 00:00:00","-3.7","9.3","0.0","5.1","2","160","2.8","-7.5","55.0","1016.23","3.55796","868.9","866.2"
"40766","2018-01-18 00:00:00","1396-10-28 00:00:00","-5.9","10.8","0.0","2.9","4","210","2.5","-7.725","49.625","1016.74","3.43213","870.0","866.9"
"40766","2018-01-19 00:00:00","1396-10-29 00:00:00","-1.5","13.9","4.0","5.4","12","140","6.2","-5.525","45.75","1012.21","4.23611","866.8","860.4"
"40766","2018-01-20 00:00:00","1396-10-30 00:00:00","1.6","6.3","6.0","0.0","5","180","4.0","-1.6","76.125","1017.71","5.45005","872.4","864.9"
"40766","2018-01-21 00:00:00","1396-11-01 00:00:00","-3.7","8.5","0.0","7.2","3","130","2.4","-2.5125","76.125","1023.31","5.09388","875.2","872.8"
"40766","2018-01-22 00:00:00","1396-11-02 00:00:00","-1.8","9.4","0.0","0.0","4","280","3.8","-1.5125","74.875","1019.62","5.49345","873.1","868.0"
"40766","2018-01-23 00:00:00","1396-11-03 00:00:00","","14.9","0.0","5.3","7","170","","-4.725","48.25","1015.56","4.46386","868.1","865.3"
"40766","2018-01-24 00:00:00","1396-11-04 00:00:00","5.7","14.9","0.0","8.0","6","170","10.3","-8.475","33.75","1017.0","3.32847","869.5","867.0"
"40766","2018-01-25 00:00:00","1396-11-05 00:00:00","0.0","16.2","0.0","6.6","7","140","8.1","-4.0625","48.0","1016.8","4.68141","870.0","866.6"
"40766","2018-01-26 00:00:00","1396-11-06 00:00:00","","15.1","2.0","1.8","8","90","","-2.875","43.625","1014.27","5.02018","867.2","864.4"
"40766","2018-01-27 00:00:00","1396-11-07 00:00:00","1.8","10.3","1.7","0.6","9","290","6.1","0.025","77.875","1014.64","6.12138","867.0","865.0"
"40766","2018-01-28 00:00:00","1396-11-08 00:00:00","-1.3","2.6","4.0","1.4","5","170","0.6","-5.1125","75.375","1018.11","4.30562","871.9","866.4"
"40766","2018-01-29 00:00:00","1396-11-09 00:00:00","-8.2","1.1","0.0","8.6","7","120","-3.5","-8.65","62.75","1020.23","3.2524","872.5","869.7"
"40766","2018-01-30 00:00:00","1396-11-10 00:00:00","-1.8","4.0","0.0","0.0","7","280","1.1","-4.8375","67.875","1018.85","4.28348","872.2","868.6"
"40766","2018-01-31 00:00:00","1396-11-11 00:00:00","-7.3","7.0","0.0","8.3","3","110","-0.2","-7.375","64.625","1022.98","3.55289","874.5","872.5"
"40766","2018-02-01 00:00:00","1396-11-12 00:00:00","-6.6","9.9","0.0","8.7","5","300","1.6","-8.4625","53.875","1023.95","3.26551","875.4","873.3"
"40766","2018-02-02 00:00:00","1396-11-13 00:00:00","-6.1","11.1","0.0","8.8","5","110","2.5","-7.1","55.25","1025.34","3.62121","877.0","874.8"
"40766","2018-02-03 00:00:00","1396-11-14 00:00:00","-6.1","12.7","0.0","8.1","4","120","3.3","-8.675","49.0","1024.21","3.22222","877.0","873.1"
"40766","2018-02-04 00:00:00","1396-11-15 00:00:00","-5.5","15.4","0.0","9.5","3","270","4.9","-13.125","42.125","1022.98","2.8149","875.1","872.1"
"40766","2018-02-05 00:00:00","1396-11-16 00:00:00","-2.2","14.8","0.0","3.7","3","120","6.3","-6.15","44.0","1022.23","3.89549","873.9","871.4"
"40766","2018-02-06 00:00:00","1396-11-17 00:00:00","0.9","17.7","0.0","2.5","4","100","9.3","-5.95","42.125","1023.61","4.13888","875.6","872.9"
"40766","2018-02-07 00:00:00","1396-11-18 00:00:00","-0.4","17.8","0.0","8.7","4","270","8.7","-6.8875","42.875","1021.92","3.90493","874.1","871.2"
"40766","2018-02-08 00:00:00","1396-11-19 00:00:00","-2.0","15.7","0.0","9.2","3","320","6.8","-7.3375","39.75","1019.84","3.55066","872.5","869.1"
"40766","2018-02-09 00:00:00","1396-11-20 00:00:00","-3.2","14.3","0.0","4.7","4","280","5.6","-6.9","41.5","1016.52","3.68906","870.1","865.8"
"40766","2018-02-10 00:00:00","1396-11-21 00:00:00","2.5","16.4","0.0","7.6","8","280","9.4","-8.125","31.125","1015.15","3.36125","867.7","865.3"
"40766","2018-02-11 00:00:00","1396-11-22 00:00:00","0.8","17.0","0.0","4.6","5","300","8.9","-8.125","30.125","1017.51","3.37954","870.6","867.7"
"40766","2018-02-12 00:00:00","1396-11-23 00:00:00","8.0","16.7","0.1","1.5","6","320","12.4","0.2","43.875","1015.83","6.28285","869.2","865.4"
"40766","2018-02-13 00:00:00","1396-11-24 00:00:00","11.9","16.1","7.0","0.0","8","170","14.0","-0.6625","47.0","1012.54","6.26774","866.8","861.9"
"40766","2018-02-14 00:00:00","1396-11-25 00:00:00","5.6","13.6","5.0","8.5","6","290","9.6","0.7875","63.75","1020.18","6.599","874.6","865.4"
"40766","2018-02-15 00:00:00","1396-11-26 00:00:00","0.4","16.1","0.0","4.3","4","180","8.3","-0.2875","62.375","1024.01","6.05163","875.4","873.9"
"40766","2018-02-16 00:00:00","1396-11-27 00:00:00","","9.8","18.8","0.0","7","140","","5.375","85.75","1024.45","8.97261","876.1","872.9"
"40766","2018-02-17 00:00:00","1396-11-28 00:00:00","6.8","13.3","29.0","0.0","9","90","10.1","7.75","79.25","1017.92","10.5801","871.4","865.2"
"40766","2018-02-18 00:00:00","1396-11-29 00:00:00","10.2","13.1","19.0","1.7","15","270","11.6","3.05","70.625","1010.4","7.80303","864.2","860.1"
"40766","2018-02-19 00:00:00","1396-11-30 00:00:00","5.6","8.2","8.01","1.6","6","100","6.9","1.6875","77.625","1013.69","6.90349","868.4","862.3"
"40766","2018-02-20 00:00:00","1396-12-01 00:00:00","-0.7","12.7","0.0","9.7","4","130","6.0","0.9625","73.5","1017.77","6.56983","870.9","867.9"
"40766","2018-02-21 00:00:00","1396-12-02 00:00:00","0.0","14.7","0.0","2.9","4","110","7.3","0.4375","61.375","1015.93","6.37981","868.5","866.2"
"40766","2018-02-22 00:00:00","1396-12-03 00:00:00","7.5","14.3","0.1","0.2","7","160","10.9","2.5375","60.25","1013.62","7.36144","865.9","864.6"
"40766","2018-02-23 00:00:00","1396-12-04 00:00:00","5.9","14.5","0.5","2.9","9","220","10.2","1.2125","59.875","1013.15","6.7801","865.9","864.0"
"40766","2018-02-24 00:00:00","1396-12-05 00:00:00","4.1","11.3","21.4","0.0","7","250","7.7","4.3875","86.125","1010.62","8.37087","864.0","860.1"
"40766","2018-02-25 00:00:00","1396-12-06 00:00:00","1.7","11.3","2.0","3.7","6","290","6.5","1.425","72.375","1012.67","6.82056","866.5","862.5"
"40766","2018-02-26 00:00:00","1396-12-07 00:00:00","3.0","9.6","0.01","0.0","7","90","6.3","1.625","70.125","1015.2","6.88862","867.4","866.0"
"40766","2018-02-27 00:00:00","1396-12-08 00:00:00","4.9","13.0","4.0","0.7","7","110","8.9","2.975","72.375","1015.62","7.57067","868.1","866.0"
"40766","2018-02-28 00:00:00","1396-12-09 00:00:00","3.5","14.6","0.0","7.4","6","200","9.1","2.1875","71.0","1016.76","7.17023","869.4","866.6"
"40766","2018-03-01 00:00:00","1396-12-10 00:00:00","1.4","15.1","0.6","7.4","6","290","8.3","-0.375","63.5","1016.57","6.04535","869.2","866.5"
"40766","2018-03-02 00:00:00","1396-12-11 00:00:00","-0.7","14.6","0.0","9.6","8","290","7.0","-1.25","57.75","1019.42","5.62755","871.7","869.0"
"40766","2018-03-03 00:00:00","1396-12-12 00:00:00","1.1","16.1","0.0","6.9","7","320","8.6","0.425","58.25","1019.63","6.29929","871.8","869.4"
"40766","2018-03-04 00:00:00","1396-12-13 00:00:00","2.4","17.8","0.0","4.5","6","250","10.1","1.05","51.75","1017.91","6.59458","870.4","867.6"
"40766","2018-03-05 00:00:00","1396-12-14 00:00:00","8.0","20.3","0.5","7.4","9","240","14.1","1.7","44.25","1016.87","6.97726","870.1","867.1"
"40766","2018-03-06 00:00:00","1396-12-15 00:00:00","6.8","20.7","0.01","1.7","7","200","13.8","1.0625","44.0","1018.31","6.62586","870.3","868.2"
"40766","2018-03-07 00:00:00","1396-12-16 00:00:00","9.6","21.9","0.0","8.1","8","220","15.8","0.6375","38.0","1017.65","6.45524","870.2","867.2"
"40766","2018-03-08 00:00:00","1396-12-17 00:00:00","5.6","21.2","0.0","9.4","7","290","13.4","-0.2","44.375","1016.02","6.14031","869.0","866.0"
"40766","2018-03-09 00:00:00","1396-12-18 00:00:00","9.8","21.6","0.0","3.7","10","170","15.7","-2.5","31.75","1011.85","5.19146","865.1","861.5"
"40766","2018-03-10 00:00:00","1396-12-19 00:00:00","6.1","17.3","0.0","6.0","5","160","11.7","-2.575","42.875","1013.48","5.20653","866.0","864.2"
"40766","2018-03-11 00:00:00","1396-12-20 00:00:00","3.9","19.1","0.0","7.0","6","280","11.5","-2.775","36.75","1013.99","4.7943","867.5","864.3"
"40766","2018-03-12 00:00:00","1396-12-21 00:00:00","2.8","16.9","0.0","7.8","8","280","9.8","-4.55","38.875","1017.03","4.4616","869.2","867.1"
"40766","2018-03-13 00:00:00","1396-12-22 00:00:00","1.3","18.0","0.0","10.7","7","300","9.6","-2.9875","43.75","1018.28","5.13049","870.2","868.0"
"40766","2018-03-14 00:00:00","1396-12-23 00:00:00","0.8","19.3","0.0","6.4","8","250","10.0","-2.8875","43.75","1018.01","5.01091","871.0","867.3"
"40766","2018-03-15 00:00:00","1396-12-24 00:00:00","3.0","22.0","0.0","9.0","8","250","12.5","-3.9125","35.75","1017.47","4.74021","870.5","867.1"
"40766","2018-03-16 00:00:00","1396-12-25 00:00:00","","20.0","2.01","2.5","7","310","","-0.3875","41.875","1013.77","6.13839","867.1","863.1"
"40766","2018-03-17 00:00:00","1396-12-26 00:00:00","7.7","15.2","0.0","7.7","10","300","11.4","-1.825","50.375","1013.18","5.40285","867.0","863.4"
"40766","2018-03-18 00:00:00","1396-12-27 00:00:00","-1.3","16.6","0.0","10.5","3","180","7.7","-3.025","51.75","1016.76","4.93592","869.7","867.0"
"40766","2018-03-19 00:00:00","1396-12-28 00:00:00","1.0","20.2","0.0","3.6","2","10","10.6","-5.55","41.5","1019.37","4.32286","871.1","869.4"
"40766","2018-03-20 00:00:00","1396-12-29 00:00:00","0.2","22.5","0.0","11.0","5","300","11.4","-6.0875","34.375","1021.19","4.03608","873.1","870.9"
"40766","2018-03-21 00:00:00","1397-01-01 00:00:00","2.7","24.2","0.0","9.7","8","280","13.5","-2.8625","35.25","1019.87","4.99219","872.3","869.3"
"40766","2018-03-22 00:00:00","1397-01-02 00:00:00","2.0","22.0","0.0","9.8","7","290","12.0","-7.375","31.875","1019.39","3.89707","872.1","868.9"
"40766","2018-03-23 00:00:00","1397-01-03 00:00:00","4.4","23.9","0.0","0.7","4","280","14.1","-5.7125","27.75","1019.89","4.04405","872.5","869.2"
"40766","2018-03-24 00:00:00","1397-01-04 00:00:00","7.2","26.9","0.0","5.7","8","180","17.0","-5.7375","24.25","1019.96","4.18959","871.5","870.0"
"40766","2018-03-25 00:00:00","1397-01-05 00:00:00","18.0","25.5","0.0","3.5","11","170","21.8","-10.5875","12.125","1021.73","2.90635","875.2","869.5"
"40766","2018-03-26 00:00:00","1397-01-06 00:00:00","15.9","26.5","0.2","7.2","7","280","21.2","-5.5","19.5","1023.72","4.11217","875.3","873.0"
"40766","2018-03-27 00:00:00","1397-01-07 00:00:00","4.8","27.4","0.01","9.2","8","260","16.1","-3.775","27.75","1021.93","5.93846","874.8","870.6"
"40766","2018-03-28 00:00:00","1397-01-08 00:00:00","12.0","27.1","0.0","3.2","5","100","19.5","-0.15","29.875","1020.55","6.15663","872.5","870.5"
"40766","2018-03-29 00:00:00","1397-01-09 00:00:00","8.3","28.2","0.0","5.0","10","160","18.3","-7.2625","20.0","1017.53","3.89179","870.4","865.9"
"40766","2018-03-30 00:00:00","1397-01-10 00:00:00","20.5","22.0","0.11","2.4","15","170","21.3","0.7625","38.25","1014.91","6.62026","868.4","865.2"
"40766","2018-03-31 00:00:00","1397-01-11 00:00:00","1.2","20.7","0.0","10.7","5","280","11.0","-3.1125","42.5","1018.09","4.99805","870.9","867.6"
"40766","2018-04-01 00:00:00","1397-01-12 00:00:00","2.5","22.4","0.0","11.1","5","290","12.4","-4.55","36.5","1016.25","4.56756","869.5","865.5"
"40766","2018-04-02 00:00:00","1397-01-13 00:00:00","2.8","22.9","0.0","11.0","5","220","12.8","-3.0375","36.125","1016.43","5.01634","868.7","866.7"
"40766","2018-04-03 00:00:00","1397-01-14 00:00:00","3.1","23.2","0.0","8.8","4","20","13.2","-1.2875","28.25","1018.07","4.5052","871.3","867.4"
"40766","2018-04-04 00:00:00","1397-01-15 00:00:00","5.6","21.0","0.0","2.3","7","110","13.3","-2.3","36.5","1016.97","5.35853","869.6","867.2"
"40766","2018-04-05 00:00:00","1397-01-16 00:00:00","3.4","22.6","0.0","10.0","5","260","13.0","-0.6375","41.75","1014.77","5.91038","868.1","864.4"
"40766","2018-04-06 00:00:00","1397-01-17 00:00:00","4.5","22.7","0.0","5.1","7","180","13.6","-1.4","38.5","1014.67","5.73189","867.1","864.6"
"40766","2018-04-07 00:00:00","1397-01-18 00:00:00","10.4","18.1","0.02","0.2","6","100","14.3","5.5875","64.75","1017.38","9.09205","869.9","866.6"
"40766","2018-04-08 00:00:00","1397-01-19 00:00:00","3.8","22.1","0.0","10.1","7","130","12.9","3.8375","56.875","1018.29","8.05845","870.7","868.1"
"40766","2018-04-09 00:00:00","1397-01-20 00:00:00","4.0","23.6","0.01","8.8","7","110","13.8","2.8","47.625","1018.76","7.50951","871.5","868.7"
"40766","2018-04-10 00:00:00","1397-01-21 00:00:00","8.8","25.0","0.0","7.3","7","170","16.9","1.5875","36.25","1016.8","6.91323","869.3","866.8"
"40766","2018-04-11 00:00:00","1397-01-22 00:00:00","12.0","25.3","11.0","4.8","11","300","18.6","4.3375","49.375","1016.1","7.74551","869.7","865.4"
"40766","2018-04-12 00:00:00","1397-01-23 00:00:00","8.2","11.5","28.0","1.0","8","280","9.9","7.5375","89.75","1016.53","10.5583","869.9","865.3"
"40766","2018-04-13 00:00:00","1397-01-24 00:00:00","7.1","14.0","17.0","0.8","9","280","10.6","6.7875","87.375","1014.91","10.0315","867.5","865.3"
"40766","2018-04-14 00:00:00","1397-01-25 00:00:00","7.0","18.3","0.2","8.6","5","240","12.6","6.1625","69.5","1014.31","9.47655","866.8","864.8"
"40766","2018-04-15 00:00:00","1397-01-26 00:00:00","5.2","18.5","0.01","6.4","9","290","11.9","5.7875","69.0","1013.83","9.13887","866.6","864.1"
"40766","2018-04-16 00:00:00","1397-01-27 00:00:00","6.1","11.8","7.01","0.1","9","290","8.9","5.1125","78.0","1016.47","8.85978","868.9","866.0"
"40766","2018-04-17 00:00:00","1397-01-28 00:00:00","2.0","16.0","0.0","11.9","6","280","9.0","-0.9","51.0","1019.97","5.78176","872.0","869.2"
"40766","2018-04-18 00:00:00","1397-01-29 00:00:00","1.8","19.5","0.0","11.8","8","280","10.6","-0.2625","50.0","1022.06","6.06876","874.2","871.3"
"40766","2018-04-19 00:00:00","1397-01-30 00:00:00","4.3","21.3","0.0","11.2","6","300","12.8","1.3625","48.75","1019.02","6.77272","872.7","867.5"
"40766","2018-04-20 00:00:00","1397-01-31 00:00:00","3.5","23.9","0.0","9.3","8","190","13.7","-0.8625","37.5","1013.48","5.8605","867.3","863.3"
"40766","2018-04-21 00:00:00","1397-02-01 00:00:00","15.8","21.5","0.1","3.3","8","230","18.6","-2.7","29.25","1011.97","5.24374","867.0","861.6"
"40766","2018-04-22 00:00:00","1397-02-02 00:00:00","10.9","16.8","5.0","0.7","11","300","13.8","6.3125","64.875","1013.15","9.63812","868.9","861.2"
"40766","2018-04-23 00:00:00","1397-02-03 00:00:00","7.5","18.0","3.9","10.4","8","310","12.8","3.2625","57.125","1012.81","7.8592","868.0","862.7"
"40766","2018-04-24 00:00:00","1397-02-04 00:00:00","3.3","20.4","0.0","11.3","3","260","11.8","3.9625","60.25","1018.92","7.98391","871.0","868.0"
"40766","2018-04-25 00:00:00","1397-02-05 00:00:00","5.0","23.7","0.0","11.9","5","110","14.4","1.575","46.0","1018.59","7.01427","871.2","867.8"
"40766","2018-04-26 00:00:00","1397-02-06 00:00:00","7.3","24.2","0.0","3.3","10","100","15.8","4.3375","46.75","1017.4","8.38577","869.8","867.2"
"40766","2018-04-27 00:00:00","1397-02-07 00:00:00","12.1","21.1","15.0","1.6","10","100","16.6","7.625","58.875","1014.53","10.6383","867.5","864.6"
"40766","2018-04-28 00:00:00","1397-02-08 00:00:00","13.1","21.6","10.0","4.1","9","290","17.4","6.85","61.5","1017.13","9.92809","872.7","866.3"
"40766","2018-04-29 00:00:00","1397-02-09 00:00:00","7.20001","18.5","19.0","5.7","9","80","12.9","7.6875","77.75","1017.58","10.7811","869.5","868.1"
"40766","2018-04-30 00:00:00","1397-02-10 00:00:00","10.4","15.3","22.3","0.0","4","260","12.9","9.825","89.75","1017.09","12.1607","869.2","867.4"
"40766","2018-05-01 00:00:00","1397-02-11 00:00:00","6.2","20.6","0.0","7.4","5","150","13.4","9.0125","74.125","1019.9","11.5482","871.8","869.7"
"40766","2018-05-02 00:00:00","1397-02-12 00:00:00","8.8","","0.01","9.7","7","10","","8.97143","66.1429","1020.3","11.4651","872.5","869.9"
"40766","2018-05-03 00:00:00","1397-02-13 00:00:00","12.5","21.6","12.4","5.6","7","240","17.0","9.625","69.625","1018.02","12.0897","869.6","868.4"
"40766","2018-05-04 00:00:00","1397-02-14 00:00:00","10.5","23.2","0.0","9.4","11","300","16.9","9.6625","69.0","1017.71","12.0827","870.0","867.6"
"40766","2018-05-05 00:00:00","1397-02-15 00:00:00","7.3","22.6","5.0","4.5","7","270","15.0","8.9875","74.5","1018.68","11.5229","870.7","868.7"
"40766","2018-05-06 00:00:00","1397-02-16 00:00:00","9.4","24.4","0.0","5.4","7","180","16.9","10.75","67.75","1018.12","12.9275","870.8","868.1"
"40766","2018-05-07 00:00:00","1397-02-17 00:00:00","12.3","20.8","0.5","0.5","5","110","16.5","10.1857","68.5714","1018.77","12.4728","871.3","868.2"
"40766","2018-05-08 00:00:00","1397-02-18 00:00:00","10.8","15.7","11.3","0.0","7","110","13.3","10.9125","83.25","1015.41","13.0771","869.2","864.4"
"40766","2018-05-09 00:00:00","1397-02-19 00:00:00","11.2","19.0","46.1","0.1","8","30","15.1","8.7375","76.0","1012.07","11.0621","865.6","862.9"
"40766","2018-05-10 00:00:00","1397-02-20 00:00:00","8.7","17.5","6.1","2.3","7","110","13.1","8.1","79.125","1014.6","10.8108","867.3","865.1"
"40766","2018-05-11 00:00:00","1397-02-21 00:00:00","6.3","15.7","4.1","1.2","8","200","11.0","7.8625","83.125","1011.43","10.6379","865.7","860.0"
"40766","2018-05-12 00:00:00","1397-02-22 00:00:00","6.4","20.6","7.01","6.1","8","290","13.5","7.075","67.375","1010.8","10.1187","864.0","861.5"
"40766","2018-05-13 00:00:00","1397-02-23 00:00:00","8.6","21.1","0.21","5.8","5","290","14.9","7.95","67.75","1012.05","10.7035","864.8","862.6"
"40766","2018-05-14 00:00:00","1397-02-24 00:00:00","7.3","21.5","0.0","9.8","7","280","14.4","7.4875","64.625","1014.37","10.3788","867.4","864.2"
"40766","2018-05-15 00:00:00","1397-02-25 00:00:00","7.7","23.3","0.0","9.5","5","280","15.5","5.7875","56.75","1016.32","9.35883","868.8","866.3"
"40766","2018-05-16 00:00:00","1397-02-26 00:00:00","7.9","22.4","0.0","6.4","7","120","15.1","6.95","62.25","1017.41","9.9976","869.9","867.7"
"40766","2018-05-17 00:00:00","1397-02-27 00:00:00","6.1","23.7","0.0","11.7","6","110","14.9","6.2","58.75","1019.08","9.43425","871.1","869.0"
"40766","2018-05-18 00:00:00","1397-02-28 00:00:00","10.8","25.4","0.0","11.6","7","100","18.1","4.5","45.25","1019.12","8.51362","871.3","868.8"
"40766","2018-05-19 00:00:00","1397-02-29 00:00:00","7.8","26.9","0.0","12.7","5","150","17.4","5.9","50.875","1018.72","9.40741","870.5","868.6"
"40766","2018-05-20 00:00:00","1397-02-30 00:00:00","9.9","28.0","0.0","11.6","6","280","19.0","6.75","49.25","1018.52","9.94105","870.7","868.1"
"40766","2018-05-21 00:00:00","1397-02-31 00:00:00","10.8","28.0","0.0","10.2","7","290","19.4","8.65","51.75","1018.9","11.2317","871.0","868.9"
"40766","2018-05-22 00:00:00","1397-03-01 00:00:00","13.4","25.5","3.1","1.5","13","280","19.5","7.5625","50.625","1020.43","10.4407","873.8","869.7"
"40766","2018-05-23 00:00:00","1397-03-02 00:00:00","10.7","26.4","0.8","6.3","8","360","18.5","9.25","64.0","1019.29","11.7026","871.1","869.3"
"40766","2018-05-24 00:00:00","1397-03-03 00:00:00","10.3","26.7","0.0","8.0","5","110","18.5","9.5375","59.125","1015.93","11.9277","868.7","865.5"
"40766","2018-05-25 00:00:00","1397-03-04 00:00:00","14.1","28.8","0.01","0.1","8","140","21.5","7.9375","45.875","1013.86","10.7839","866.3","863.6"
"40766","2018-05-26 00:00:00","1397-03-05 00:00:00","12.4","28.3","0.0","10.9","5","290","20.3","8.1875","48.0","1016.86","10.9876","869.8","866.2"
"40766","2018-05-27 00:00:00","1397-03-06 00:00:00","10.4","29.7","0.0","12.8","5","120","20.0","6.55","44.5","1018.99","9.99071","871.0","868.5"
"40766","2018-05-28 00:00:00","1397-03-07 00:00:00","11.5","31.3","0.0","12.2","6","120","21.4","6.8","41.25","1017.51","9.9415","870.5","866.8"
"40766","2018-05-29 00:00:00","1397-03-08 00:00:00","12.2","32.5","0.0","10.5","13","300","22.4","8.55","43.875","1015.32","11.2072","867.8","865.3"
"40766","2018-05-30 00:00:00","1397-03-09 00:00:00","10.5","31.0","0.0","8.6","7","300","20.8","8.75","49.375","1015.98","11.3788","868.4","866.5"
"40766","2018-05-31 00:00:00","1397-03-10 00:00:00","15.4","32.4","0.0","7.5","8","270","23.9","6.2875","37.75","1014.83","9.8135","866.5","865.9"
"40766","2018-06-01 00:00:00","1397-03-11 00:00:00","12.0","32.0","0.0","9.6","8","210","22.0","7.075","44.0","1013.99","10.1546","866.1","865.0"
"40766","2018-06-02 00:00:00","1397-03-12 00:00:00","10.9","29.8","1.0","5.5","6","210","20.3","7.5","51.375","1015.71","10.6343","868.0","866.3"
"40766","2018-06-03 00:00:00","1397-03-13 00:00:00","11.2","29.6","1.2","11.0","5","280","20.4","6.8125","47.25","1014.8","10.2926","867.8","864.8"
"40766","2018-06-04 00:00:00","1397-03-14 00:00:00","12.2","32.9","0.0","11.5","6","130","22.6","4.925","34.75","1012.54","8.81229","866.5","862.3"
"40766","2018-06-05 00:00:00","1397-03-15 00:00:00","15.3","34.0","0.0","10.7","8","250","24.6","2.175","25.125","1013.99","7.29572","868.0","863.6"
"40766","2018-06-06 00:00:00","1397-03-16 00:00:00","11.5","33.2","0.0","12.0","5","290","22.4","2.85","30.125","1019.27","7.53154","871.3","868.2"
"40766","2018-06-07 00:00:00","1397-03-17 00:00:00","12.3","33.3","0.0","11.6","6","300","22.8","-0.0875","25.5","1020.4","6.28784","872.8","870.1"
"40766","2018-06-08 00:00:00","1397-03-18 00:00:00","11.4","33.9","0.0","11.7","6","300","22.7","-2.6875","26.625","1016.94","5.81759","870.6","865.8"
"40766","2018-06-09 00:00:00","1397-03-19 00:00:00","13.9","33.2","0.0","12.0","8","280","23.5","2.7","26.75","1011.04","7.52887","865.5","860.8"
"40766","2018-06-10 00:00:00","1397-03-20 00:00:00","13.2","","0.0","11.6","6","280","","2.45","28.25","1007.83","7.47257","861.5","858.7"
"40766","2018-06-11 00:00:00","1397-03-21 00:00:00","12.6","33.2","0.0","12.2","6","300","22.9","-0.6375","23.375","1008.78","5.98468","861.5","860.2"
"40766","2018-06-12 00:00:00","1397-03-22 00:00:00","13.2","32.7","0.0","12.6","7","240","23.0","-3.9","18.75","1008.8","4.78801","861.4","860.0"
"40766","2018-06-13 00:00:00","1397-03-23 00:00:00","10.8","32.3","0.0","12.4","5","290","21.5","-2.1","20.875","1009.55","5.36279","862.5","860.4"
"40766","2018-06-14 00:00:00","1397-03-24 00:00:00","12.1","34.8","0.0","11.6","8","160","23.5","-2.05","21.875","1010.58","5.44729","864.0","861.2"
"40766","2018-06-15 00:00:00","1397-03-25 00:00:00","15.0","32.4","0.0","7.1","6","280","23.7","3.5","27.625","1012.21","7.89117","864.8","862.9"
"40766","2018-06-16 00:00:00","1397-03-26 00:00:00","14.6","32.1","0.0","12.8","7","290","23.3","2.0125","25.75","1013.03","7.32037","865.4","863.6"
"40766","2018-06-17 00:00:00","1397-03-27 00:00:00","12.9","33.4","0.0","12.5","10","270","23.2","1.025","23.75","1013.28","6.62717","865.9","863.6"
"40766","2018-06-18 00:00:00","1397-03-28 00:00:00","14.1","34.3","0.0","11.3","7","300","24.2","-0.45","21.875","1012.11","6.05354","864.9","863.0"
"40766","2018-06-19 00:00:00","1397-03-29 00:00:00","15.0","33.2","0.0","12.7","8","290","24.1","-2.4625","20.125","1013.66","5.45524","866.5","864.1"
"40766","2018-06-20 00:00:00","1397-03-30 00:00:00","12.4","33.5","0.0","13.2","7","280","23.0","-3.4625","18.75","1015.66","4.96368","868.2","865.9"
"40766","2018-06-21 00:00:00","1397-03-31 00:00:00","11.5","34.5","0.0","13.1","7","290","23.0","-3.4","18.875","1014.53","5.07907","867.4","864.4"
"40766","2018-06-22 00:00:00","1397-04-01 00:00:00","11.9","35.7","0.0","12.2","8","300","23.8","-0.375","21.875","1012.04","6.14537","865.6","861.5"
"40766","2018-06-23 00:00:00","1397-04-02 00:00:00","14.1","35.3","0.0","12.0","7","290","24.7","1.6125","23.625","1010.79","6.94117","863.8","861.4"
"40766","2018-06-24 00:00:00","1397-04-03 00:00:00","14.7","37.5","0.0","11.9","7","290","26.1","-1.4","19.625","1012.18","5.77567","864.7","863.1"
"40766","2018-06-25 00:00:00","1397-04-04 00:00:00","15.7","39.3","0.0","12.0","7","290","27.5","-2.2","17.5","1012.86","5.52256","865.6","863.0"
"40766","2018-06-26 00:00:00","1397-04-05 00:00:00","15.2","39.0","0.0","11.9","8","290","27.1","-5.6375","15.125","1012.1","4.66683","865.0","862.8"
"40766","2018-06-27 00:00:00","1397-04-06 00:00:00","13.4","39.2","0.0","11.6","5","280","26.3","-9.3","11.7143","1009.69","3.28215","863.3","859.6"
"40766","2018-06-28 00:00:00","1397-04-07 00:00:00","15.6","40.5","0.0","12.8","6","290","28.0","-4.9875","13.375","1008.67","4.77837","861.9","859.7"
"40766","2018-06-29 00:00:00","1397-04-08 00:00:00","19.2","40.9","0.0","11.3","7","300","30.1","-3.075","14.0","1008.84","5.15603","861.8","860.0"
"40766","2018-06-30 00:00:00","1397-04-09 00:00:00","18.7","39.7","0.0","7.0","7","290","29.2","-1.2875","16.625","1010.58","5.77723","863.6","861.4"
"40766","2018-07-01 00:00:00","1397-04-10 00:00:00","17.1","40.4","0.0","11.6","8","290","28.8","-3.775","13.375","1012.55","4.78611","865.7","863.0"
"40766","2018-07-02 00:00:00","1397-04-11 00:00:00","17.8","41.6","0.0","11.6","8","90","29.7","-7.8625","9.75","1012.95","3.67987","865.7","863.3"
"40766","2018-07-03 00:00:00","1397-04-12 00:00:00","25.1","38.8","0.0","12.3","10","100","32.0","-8.7375","6.75","1013.12","3.19688","866.2","863.8"
"40766","2018-07-04 00:00:00","1397-04-13 00:00:00","18.8","38.4","0.0","11.4","9","100","28.6","-7.375","8.5","1010.82","3.55766","864.5","861.2"
"40766","2018-07-05 00:00:00","1397-04-14 00:00:00","19.6","38.9","0.0","12.2","6","110","29.3","-10.35","8.0","1008.83","2.96223","862.1","859.7"
"40766","2018-07-06 00:00:00","1397-04-15 00:00:00","18.3","40.0","0.0","12.1","6","240","29.1","-4.6","11.875","1009.74","4.48621","863.1","860.7"
"40766","2018-07-07 00:00:00","1397-04-16 00:00:00","18.7","40.1","0.0","11.8","9","240","29.4","-2.1375","14.375","1010.55","5.43775","863.3","861.7"
"40766","2018-07-08 00:00:00","1397-04-17 00:00:00","16.4","39.7","0.0","12.4","8","300","28.0","-3.6875","14.625","1011.83","4.88528","864.3","862.4"
"40766","2018-07-09 00:00:00","1397-04-18 00:00:00","15.2","40.0","0.0","12.3","8","280","27.6","-5.05","12.5","1011.76","4.30993","865.5","862.1"
"40766","2018-07-10 00:00:00","1397-04-19 00:00:00","16.8","42.8","0.0","12.0","5","140","29.8","-5.4125","12.25","1011.34","4.46659","864.5","861.6"
"40766","2018-07-11 00:00:00","1397-04-20 00:00:00","23.5","42.1","0.0","12.2","6","120","32.8","-4.7375","9.25","1011.66","4.4662","865.1","862.0"
"40766","2018-07-12 00:00:00","1397-04-21 00:00:00","25.3","40.7","0.0","12.2","9","100","33.0","-5.825","8.25","1009.85","4.10559","863.8","859.9"
"40766","2018-07-13 00:00:00","1397-04-22 00:00:00","21.4","41.2","0.0","12.0","8","290","31.3","-4.7625","10.5","1007.66","4.43524","861.4","858.0"
"40766","2018-07-14 00:00:00","1397-04-23 00:00:00","18.9","40.5","0.0","11.7","9","170","29.7","-5.6625","12.375","1006.6","4.42114","859.8","857.4"
"40766","2018-07-15 00:00:00","1397-04-24 00:00:00","17.4","35.9","0.0","12.4","7","210","26.7","-3.9375","14.375","1007.55","4.76069","860.8","858.7"
"40766","2018-07-16 00:00:00","1397-04-25 00:00:00","17.4","36.2","0.0","12.0","7","280","26.8","-1.7","16.375","1007.43","5.57681","860.8","858.4"
"40766","2018-07-17 00:00:00","1397-04-26 00:00:00","17.1","39.1","0.0","11.1","7","290","28.1","0.15","19.0","1006.58","6.4292","860.6","857.6"
"40766","2018-07-18 00:00:00","1397-04-27 00:00:00","16.8","41.0","0.0","11.6","7","290","28.9","-1.0375","15.125","1007.01","5.7568","860.2","858.0"
"40766","2018-07-19 00:00:00","1397-04-28 00:00:00","19.6","40.9","0.0","10.5","7","290","30.3","-1.9125","13.375","1008.4","5.34694","861.8","859.2"
"40766","2018-07-20 00:00:00","1397-04-29 00:00:00","18.4","41.0","0.0","10.7","9","290","29.7","-2.9375","13.25","1008.59","4.99198","861.9","859.7"
"40766","2018-07-21 00:00:00","1397-04-30 00:00:00","18.0","41.5","0.0","11.6","8","300","29.8","-3.45","13.125","1007.87","4.7658","861.2","858.6"
"40766","2018-07-22 00:00:00","1397-04-31 00:00:00","16.2","39.3","0.0","11.8","7","220","27.8","-1.75","16.25","1007.02","5.53235","860.2","858.0"
"40766","2018-07-23 00:00:00","1397-05-01 00:00:00","17.2","36.2","0.0","11.8","7","180","26.7","-0.025","18.125","1007.21","6.17829","860.4","858.2"
"40766","2018-07-24 00:00:00","1397-05-02 00:00:00","16.4","37.9","0.0","12.2","5","200","27.2","-1.525","16.375","1008.86","5.56332","862.1","859.8"
"40766","2018-07-25 00:00:00","1397-05-03 00:00:00","18.5","40.2","0.0","10.4","7","290","29.4","0.55","16.125","1009.71","6.39","863.2","860.3"
"40766","2018-07-26 00:00:00","1397-05-04 00:00:00","21.9","42.8","0.0","10.5","10","300","32.3","-1.7625","13.0","1010.95","5.55988","863.9","861.8"
"40766","2018-07-27 00:00:00","1397-05-05 00:00:00","19.0","43.5","0.0","11.2","8","290","31.3","-4.5875","11.125","1010.19","4.499","863.8","860.6"
"40766","2018-07-28 00:00:00","1397-05-06 00:00:00","21.2","42.5","0.0","6.9","6","350","31.9","-2.15","11.875","1008.3","5.37431","861.4","859.6"
"40766","2018-07-29 00:00:00","1397-05-07 00:00:00","23.7","41.6","0.0","6.5","7","290","32.7","-1.4375","12.75","1008.93","5.72356","861.8","860.0"
"40766","2018-07-30 00:00:00","1397-05-08 00:00:00","20.2","41.6","0.0","8.4","8","210","30.9","2.4625","18.5","1010.16","7.40896","863.2","860.7"
"40766","2018-07-31 00:00:00","1397-05-09 00:00:00","19.5","40.4","0.0","10.7","8","300","30.0","2.1","19.125","1010.45","7.25285","863.3","860.9"
"40766","2018-08-01 00:00:00","1397-05-10 00:00:00","18.0","40.8","0.0","11.8","8","290","29.4","-1.5","16.875","1009.71","6.03042","863.1","860.0"
"40766","2018-08-02 00:00:00","1397-05-11 00:00:00","19.1","40.4","0.0","10.0","7","180","29.8","0.8","19.0","1008.54","6.89968","862.0","859.2"
"40766","2018-08-03 00:00:00","1397-05-12 00:00:00","18.9","38.8","0.0","11.3","9","160","28.8","0.7375","18.375","1009.86","6.68761","863.6","860.8"
"40766","2018-08-04 00:00:00","1397-05-13 00:00:00","16.5","37.6","0.0","11.8","5","230","27.0","0.6","20.0","1012.45","6.72275","865.0","863.1"
"40766","2018-08-05 00:00:00","1397-05-14 00:00:00","18.9","39.0","0.0","11.0","7","290","29.0","3.2125","22.25","1012.91","7.86161","866.1","863.1"
"40766","2018-08-06 00:00:00","1397-05-15 00:00:00","18.2","41.7","0.0","8.3","7","290","30.0","-0.7","15.75","1011.91","5.96086","865.5","862.1"
"40766","2018-08-07 00:00:00","1397-05-16 00:00:00","19.7","41.5","0.0","8.8","7","280","30.6","0.1875","15.75","1010.52","6.30682","864.0","860.9"
"40766","2018-08-08 00:00:00","1397-05-17 00:00:00","17.8","42.0","0.0","11.5","7","300","29.9","-0.85","16.125","1009.25","5.93944","862.5","859.8"
"40766","2018-08-09 00:00:00","1397-05-18 00:00:00","17.9","41.4","0.0","11.4","7","180","29.7","-1.8","14.75","1010.21","5.53193","863.5","861.2"
"40766","2018-08-10 00:00:00","1397-05-19 00:00:00","18.3","41.1","0.0","11.4","7","170","29.7","-3.8625","15.5","1012.14","5.13736","865.0","862.7"
"40766","2018-08-11 00:00:00","1397-05-20 00:00:00","17.1","41.3","0.0","11.6","7","200","29.2","-3.6875","14.375","1012.67","4.92383","865.5","863.0"
"40766","2018-08-12 00:00:00","1397-05-21 00:00:00","18.5","41.5","0.0","11.4","7","290","30.0","-4.225","13.0","1011.03","4.68248","864.4","861.3"
"40766","2018-08-13 00:00:00","1397-05-22 00:00:00","17.9","41.0","0.0","11.3","7","190","29.5","-2.8875","14.375","1007.53","5.07525","861.6","858.4"
"40766","2018-08-14 00:00:00","1397-05-23 00:00:00","18.0","40.5","0.0","11.0","8","180","29.3","-4.75","14.25","1007.69","4.74927","861.1","859.3"
"40766","2018-08-15 00:00:00","1397-05-24 00:00:00","15.5","39.8","0.0","11.2","7","190","27.6","-9.075","13.0","1009.95","3.73397","863.7","861.1"
"40766","2018-08-16 00:00:00","1397-05-25 00:00:00","15.5","40.7","0.0","11.6","7","210","28.1","-7.4","12.125","1012.05","3.91732","865.0","862.8"
"40766","2018-08-17 00:00:00","1397-05-26 00:00:00","16.5","41.0","0.0","11.5","7","210","28.8","-7.5875","12.25","1011.39","3.85397","865.1","861.5"
"40766","2018-08-18 00:00:00","1397-05-27 00:00:00","17.1","40.7","0.0","11.6","8","170","28.9","-9.3875","11.125","1008.81","3.58215","862.1","859.6"
"40766","2018-08-19 00:00:00","1397-05-28 00:00:00","15.1","39.5","0.0","11.8","7","300","27.3","-6.3875","14.75","1008.9","4.26692","862.2","859.9"
"40766","2018-08-20 00:00:00","1397-05-29 00:00:00","15.1","37.7","0.0","11.5","6","30","26.4","-1.7125","17.625","1011.5","5.58006","864.5","862.1"
"40766","2018-08-21 00:00:00","1397-05-30 00:00:00","15.7","39.3","0.0","11.6","7","300","27.5","-4.4875","14.5","1012.37","4.6505","865.6","862.9"
"40766","2018-08-22 00:00:00","1397-05-31 00:00:00","14.8","41.0","0.0","11.6","7","230","27.9","-9.875","10.0","1011.5","3.1461","864.7","861.6"
"40766","2018-08-23 00:00:00","1397-06-01 00:00:00","15.3","38.9","0.0","11.5","7","280","27.1","-7.8375","12.125","1011.71","3.71666","864.5","862.0"
"40766","2018-08-24 00:00:00","1397-06-02 00:00:00","14.9","37.3","0.0","11.4","5","290","26.1","-1.8875","16.75","1012.42","5.42295","865.6","862.8"
"40766","2018-08-25 00:00:00","1397-06-03 00:00:00","16.1","40.1","0.0","11.2","6","290","28.1","-3.775","14.0","1010.85","4.79071","864.6","860.7"
"40766","2018-08-26 00:00:00","1397-06-04 00:00:00","17.3","40.6","0.0","9.9","7","300","28.9","-3.2125","14.5","1009.37","5.0866","863.1","859.7"
"40766","2018-08-27 00:00:00","1397-06-05 00:00:00","17.2","37.8","0.0","11.8","8","230","27.5","-3.5","15.125","1010.89","4.85976","863.6","861.5"
"40766","2018-08-28 00:00:00","1397-06-06 00:00:00","16.0","36.1","0.0","11.6","6","290","26.0","-4.8625","15.25","1013.25","4.53577","865.8","863.9"
"40766","2018-08-29 00:00:00","1397-06-07 00:00:00","15.5","38.6","0.0","10.9","6","290","27.0","-6.475","14.375","1014.02","4.06784","866.3","864.5"
"40766","2018-08-30 00:00:00","1397-06-08 00:00:00","16.2","39.5","0.0","10.2","7","290","27.9","-6.6375","12.5","1014.67","3.85248","867.4","864.8"
"40766","2018-08-31 00:00:00","1397-06-09 00:00:00","15.2","39.4","0.0","11.5","8","290","27.3","-11.15","10.375","1014.31","3.11782","867.1","864.7"
"40766","2018-09-01 00:00:00","1397-06-10 00:00:00","15.4","38.6","0.0","11.6","6","290","27.0","-7.6125","12.0","1014.02","3.53941","866.9","864.2"
"40766","2018-09-02 00:00:00","1397-06-11 00:00:00","15.4","37.7","0.0","11.2","5","110","26.5","-7.85","11.75","1013.29","3.66096","867.2","863.4"
"40766","2018-09-03 00:00:00","1397-06-12 00:00:00","17.3","36.5","0.0","10.9","7","290","26.9","-6.6625","12.375","1012.11","3.84597","865.3","862.6"
"40766","2018-09-04 00:00:00","1397-06-13 00:00:00","14.2","36.2","0.0","11.0","9","260","25.2","-7.6","12.5","1013.29","3.56924","866.0","864.0"
"40766","2018-09-05 00:00:00","1397-06-14 00:00:00","12.8","35.6","0.0","11.5","5","230","24.2","-7.5125","14.0","1013.63","3.67018","866.6","863.7"
"40766","2018-09-06 00:00:00","1397-06-15 00:00:00","14.4","35.5","0.0","10.4","6","170","25.0","-6.2875","13.875","1013.19","3.94613","866.0","863.9"
"40766","2018-09-07 00:00:00","1397-06-16 00:00:00","13.5","34.8","0.0","11.4","7","260","24.1","-7.1375","13.875","1014.58","3.67586","867.0","865.0"
"40766","2018-09-08 00:00:00","1397-06-17 00:00:00","13.5","33.8","0.0","9.3","8","280","23.6","-0.825","20.125","1016.12","5.88014","868.8","866.5"
"40766","2018-09-09 00:00:00","1397-06-18 00:00:00","14.1","35.6","0.0","11.0","8","220","24.8","-2.2625","19.75","1014.88","5.36465","867.5","864.4"
"40766","2018-09-10 00:00:00","1397-06-19 00:00:00","13.2","36.1","0.0","11.6","7","300","24.6","-6.075","15.625","1017.33","4.0441","870.2","867.0"
"40766","2018-09-11 00:00:00","1397-06-20 00:00:00","11.9","36.5","0.0","11.5","9","260","24.2","-1.65","19.0","1020.18","5.42988","872.4","869.6"
"40766","2018-09-12 00:00:00","1397-06-21 00:00:00","14.0","36.3","0.0","11.5","7","290","25.1","-7.0","14.75","1020.6","3.9064","873.0","870.0"
"40766","2018-09-13 00:00:00","1397-06-22 00:00:00","11.0","36.6","0.0","10.2","4","270","23.8","-11.8875","9.875","1019.23","2.51892","871.8","868.1"
"40766","2018-09-14 00:00:00","1397-06-23 00:00:00","15.0","38.1","0.0","10.0","8","110","26.5","-4.5625","15.5","1016.83","4.45989","869.9","866.3"
"40766","2018-09-15 00:00:00","1397-06-24 00:00:00","14.2","37.4","0.0","9.6","7","290","25.8","-4.6","14.0","1017.43","4.48118","869.6","867.4"
"40766","2018-09-16 00:00:00","1397-06-25 00:00:00","15.8","36.5","0.0","10.4","8","300","26.1","-2.5875","16.375","1017.87","5.11011","870.6","867.2"
"40766","2018-09-17 00:00:00","1397-06-26 00:00:00","14.0","35.1","0.0","10.3","8","300","24.5","-5.1625","15.375","1017.13","4.27803","869.7","867.2"
"40766","2018-09-18 00:00:00","1397-06-27 00:00:00","15.4","35.1","0.0","5.4","7","290","25.3","-1.15","20.375","1017.92","5.73198","870.5","867.0"
"40766","2018-09-19 00:00:00","1397-06-28 00:00:00","16.1","35.5","0.1","4.0","9","270","25.8","1.1125","24.75","1018.51","6.77097","872.0","867.8"
"40766","2018-09-20 00:00:00","1397-06-29 00:00:00","14.8","35.8","0.0","10.5","9","260","25.3","-5.975","18.5","1017.18","4.79818","869.3","866.9"
"40766","2018-09-21 00:00:00","1397-06-30 00:00:00","10.2","33.4","0.0","10.6","7","300","21.8","-8.775","13.75","1018.96","3.20991","870.7","869.0"
"40766","2018-09-22 00:00:00","1397-06-31 00:00:00","12.2","31.0","0.11","4.4","9","300","21.6","-0.9625","22.125","1019.84","5.97532","872.9","869.5"
"40766","2018-09-23 00:00:00","1397-07-01 00:00:00","12.8","33.6","0.0","10.6","9","270","23.2","-11.325","17.75","1018.65","3.81139","870.6","868.5"
"40766","2018-09-24 00:00:00","1397-07-02 00:00:00","10.4","30.2","0.0","10.2","6","260","20.3","-8.125","14.875","1018.58","3.35513","870.5","868.5"
"40766","2018-09-25 00:00:00","1397-07-03 00:00:00","11.3","31.0","0.0","10.8","4","110","21.1","-5.325","17.0","1017.98","4.21531","870.7","867.1"
"40766","2018-09-26 00:00:00","1397-07-04 00:00:00","10.5","33.1","0.0","10.8","5","300","21.8","-9.1","14.875","1017.43","3.27461","869.7","867.3"
"40766","2018-09-27 00:00:00","1397-07-05 00:00:00","10.2","32.8","0.0","9.6","5","300","21.5","-11.0875","11.625","1019.08","2.69859","871.3","869.2"
"40766","2018-09-28 00:00:00","1397-07-06 00:00:00","11.4","33.7","0.0","10.2","5","280","22.5","-10.075","12.5","1019.32","3.13437","872.5","868.3"
"40766","2018-09-29 00:00:00","1397-07-07 00:00:00","12.2","33.3","0.0","10.2","7","290","22.8","-9.325","12.75","1018.92","3.1289","870.9","868.3"
"40766","2018-09-30 00:00:00","1397-07-08 00:00:00","10.2","32.2","0.0","10.0","8","280","21.2","-6.5625","17.125","1020.41","3.92148","872.4","869.8"
"40766","2018-10-01 00:00:00","1397-07-09 00:00:00","10.7","31.8","0.0","10.4","4","300","21.3","-6.8","18.125","1021.43","3.9426","873.6","870.7"
"40766","2018-10-02 00:00:00","1397-07-10 00:00:00","11.2","32.7","0.0","8.5","7","290","22.0","-3.6","18.0","1022.71","4.76952","875.1","872.0"
"40766","2018-10-03 00:00:00","1397-07-11 00:00:00","11.9","32.9","0.0","9.8","6","300","22.4","-2.0125","21.125","1022.09","5.32071","874.5","871.2"
"40766","2018-10-04 00:00:00","1397-07-12 00:00:00","12.1","30.8","0.0","10.2","8","300","21.5","-5.4375","19.875","1020.6","4.3427","873.1","869.9"
"40766","2018-10-05 00:00:00","1397-07-13 00:00:00","11.1","29.9","0.01","7.4","7","310","20.5","-1.0","24.625","1020.0","5.86033","872.7","868.9"
"40766","2018-10-06 00:00:00","1397-07-14 00:00:00","13.8","29.4","2.0","8.0","7","120","21.6","3.1875","34.625","1019.13","7.82903","871.4","868.0"
"40766","2018-10-07 00:00:00","1397-07-15 00:00:00","13.5","27.3","0.0","6.9","6","120","20.4","4.775","40.0","1021.22","8.64801","873.2","870.8"
"40766","2018-10-08 00:00:00","1397-07-16 00:00:00","12.5","29.2","0.3","5.8","9","280","20.9","4.6375","40.75","1021.9","8.61637","874.6","871.3"
"40766","2018-10-09 00:00:00","1397-07-17 00:00:00","12.3","29.9","0.0","7.1","4","330","21.1","1.8625","33.0","1020.89","7.14943","873.0","870.4"
"40766","2018-10-10 00:00:00","1397-07-18 00:00:00","15.6","29.8","0.0","5.5","6","90","22.7","-0.15","24.75","1021.79","6.08866","874.7","871.0"
"40766","2018-10-11 00:00:00","1397-07-19 00:00:00","13.5","31.0","0.0","6.0","7","250","22.3","-2.7125","23.25","1020.85","5.33157","873.2","870.0"
"40766","2018-10-12 00:00:00","1397-07-20 00:00:00","11.6","31.0","0.1","4.0","12","180","21.3","-2.5625","23.375","1021.49","5.21899","873.3","870.6"
"40766","2018-10-13 00:00:00","1397-07-21 00:00:00","15.3","29.3","0.02","6.8","6","330","22.3","0.0375","27.625","1023.84","6.22182","875.3","872.8"
"40766","2018-10-14 00:00:00","1397-07-22 00:00:00","11.4","24.8","0.0","1.0","8","310","18.1","3.85","42.75","1024.86","8.15019","876.0","874.4"
"40766","2018-10-15 00:00:00","1397-07-23 00:00:00","8.6","25.5","0.0","6.4","4","300","17.0","3.425","43.125","1023.3","7.84528","875.3","872.6"
"40766","2018-10-16 00:00:00","1397-07-24 00:00:00","9.4","26.2","0.01","1.1","7","300","17.8","1.2625","36.375","1023.48","6.73426","875.0","872.5"
"40766","2018-10-17 00:00:00","1397-07-25 00:00:00","10.8","25.0","0.0","3.1","4","120","17.9","1.825","37.375","1022.37","7.00233","874.5","871.6"
"40766","2018-10-18 00:00:00","1397-07-26 00:00:00","8.3","25.9","0.01","1.9","8","240","17.1","2.525","40.25","1021.58","7.44391","874.0","870.7"
"40766","2018-10-19 00:00:00","1397-07-27 00:00:00","11.5","23.9","0.11","5.0","6","260","17.7","7.275","57.5","1022.83","10.3665","874.7","871.9"
"40766","2018-10-20 00:00:00","1397-07-28 00:00:00","9.9","22.0","5.7","2.5","7","290","15.9","8.8875","71.125","1022.46","11.4226","874.2","872.1"
"40766","2018-10-21 00:00:00","1397-07-29 00:00:00","8.1","23.9","0.9","0.7","8","290","16.0","7.4125","64.25","1022.06","10.3418","875.8","870.6"
"40766","2018-10-22 00:00:00","1397-07-30 00:00:00","10.7","21.1","21.0","6.8","5","110","15.9","8.9125","71.625","1023.79","11.4309","875.5","873.2"
"40766","2018-10-23 00:00:00","1397-08-01 00:00:00","8.9","22.3","0.0","8.2","5","280","15.6","7.9","65.5","1023.21","10.7548","874.9","872.4"
"40766","2018-10-24 00:00:00","1397-08-02 00:00:00","7.7","23.7","0.0","7.8","6","280","15.7","6.5125","61.125","1021.63","9.73813","874.2","871.3"
"40766","2018-10-25 00:00:00","1397-08-03 00:00:00","9.1","25.5","0.0","3.3","6","170","17.3","4.925","47.625","1018.55","8.79005","871.1","868.0"
"40766","2018-10-26 00:00:00","1397-08-04 00:00:00","12.2","19.5","41.0","0.6","10","80","15.9","10.5375","81.5","1018.39","12.7529","870.6","868.2"
"40766","2018-10-27 00:00:00","1397-08-05 00:00:00","9.7","20.0","0.3","7.2","7","290","14.9","7.05","66.125","1021.08","10.0731","874.4","870.0"
"40766","2018-10-28 00:00:00","1397-08-06 00:00:00","7.6","19.0","0.0","7.2","6","110","13.3","3.9125","58.375","1024.82","8.13924","876.8","873.9"
"40766","2018-10-29 00:00:00","1397-08-07 00:00:00","8.4","20.8","0.0","6.6","9","100","14.6","2.3625","48.0","1023.47","7.33209","875.3","872.6"
"40766","2018-10-30 00:00:00","1397-08-08 00:00:00","5.6","18.4","0.0","10.0","6","120","12.0","-0.4125","45.5","1024.06","6.06709","876.0","873.4"
"40766","2018-10-31 00:00:00","1397-08-09 00:00:00","5.4","19.7","0.0","10.1","8","90","12.6","-3.3625","35.75","1026.02","4.80255","877.2","875.5"
"40766","2018-11-01 00:00:00","1397-08-10 00:00:00","4.5","20.4","0.0","9.5","8","90","12.4","-3.4875","36.125","1026.49","4.78586","878.2","875.4"
"40766","2018-11-02 00:00:00","1397-08-11 00:00:00","7.1","19.0","0.0","8.2","9","100","13.1","-4.45","30.25","1026.92","4.45592","879.0","875.5"
"40766","2018-11-03 00:00:00","1397-08-12 00:00:00","11.4","16.9","0.0","0.0","8","90","14.1","-4.71429","27.7143","1025.95","4.31749","877.6","874.9"
"40766","2018-11-04 00:00:00","1397-08-13 00:00:00","12.3","15.6","4.2","0.0","6","90","14.0","1.9625","55.25","1022.81","7.41085","874.5","871.4"
"40766","2018-11-05 00:00:00","1397-08-14 00:00:00","9.0","15.9","8.3","1.0","8","80","12.4","7.575","76.5","1018.81","10.4577","871.1","868.1"
"40766","2018-11-06 00:00:00","1397-08-15 00:00:00","8.8","14.3","32.0","0.6","6","100","11.6","6.9125","82.25","1016.73","9.97337","870.8","865.4"
"40766","2018-11-07 00:00:00","1397-08-16 00:00:00","4.7","12.7","0.11","0.0","4","70","8.7","6.925","88.25","1022.5","9.99346","873.9","871.3"
"40766","2018-11-08 00:00:00","1397-08-17 00:00:00","7.6","16.0","0.0","2.0","5","270","11.8","6.625","73.625","1021.05","9.77386","873.0","870.8"
"40766","2018-11-09 00:00:00","1397-08-18 00:00:00","9.5","16.0","2.0","1.1","5","150","12.8","7.8625","81.875","1019.62","10.6438","871.0","870.0"
"40766","2018-11-10 00:00:00","1397-08-19 00:00:00","7.1","18.0","0.9","7.5","6","90","12.6","5.7375","67.875","1020.27","9.30011","872.2","870.1"
"40766","2018-11-11 00:00:00","1397-08-20 00:00:00","5.8","17.2","5.0","3.7","5","110","11.5","7.375","84.0","1021.28","10.2906","872.8","870.3"
"40766","2018-11-12 00:00:00","1397-08-21 00:00:00","5.3","15.7","0.01","2.6","4","180","10.5","6.425","76.4286","1021.72","9.68102","873.3","871.5"
"40766","2018-11-13 00:00:00","1397-08-22 00:00:00","4.7","16.6","0.0","7.6","6","360","10.6","5.0","73.25","1020.1","8.76085","872.3","869.9"
"40766","2018-11-14 00:00:00","1397-08-23 00:00:00","4.9","15.8","0.01","2.2","8","110","10.4","2.3875","60.375","1016.82","7.30929","869.6","866.9"
"40766","2018-11-15 00:00:00","1397-08-24 00:00:00","7.1","16.8","0.0","4.4","7","160","11.9","6.3625","74.0","1017.61","9.63946","869.7","867.4"
"40766","2018-11-16 00:00:00","1397-08-25 00:00:00","7.1","11.9","","1.8","8","110","9.5","6.45","87.625","1021.79","9.65079","874.7","869.8"
"40766","2018-11-17 00:00:00","1397-08-26 00:00:00","6.1","16.7","0.0","7.1","4","300","11.4","6.2875","76.5","1024.62","9.54683","876.3","874.0"
"40766","2018-11-18 00:00:00","1397-08-27 00:00:00","2.6","16.4","0.0","8.0","3","280","9.5","4.6","78.375","1022.54","8.53619","874.8","871.5"
"40766","2018-11-19 00:00:00","1397-08-28 00:00:00","1.7","16.5","0.0","5.1","3","270","9.1","3.8","75.5","1021.68","8.0551","873.5","871.6"
"40766","2018-11-20 00:00:00","1397-08-29 00:00:00","4.9","16.8","0.0","7.3","5","280","10.8","1.7875","62.5","1021.29","7.01804","873.1","870.9"
"40766","2018-11-21 00:00:00","1397-08-30 00:00:00","1.3","17.1","0.0","7.7","8","290","9.2","0.9","61.0","1020.75","6.61396","872.7","870.0"
"40766","2018-11-22 00:00:00","1397-09-01 00:00:00","6.3","14.7","0.0","0.0","4","180","10.5","1.5125","54.25","1019.27","6.94508","871.9","868.9"
"40766","2018-11-23 00:00:00","1397-09-02 00:00:00","9.6","12.2","12.0","0.0","9","90","10.9","1.0375","67.625","1018.31","6.90999","870.0","868.3"
"40766","2018-11-24 00:00:00","1397-09-03 00:00:00","4.8","9.9","14.0","0.2","9","130","7.3","5.0625","87.375","1020.82","8.76255","872.5","870.6"
"40766","2018-11-25 00:00:00","1397-09-04 00:00:00","4.5","12.0","18.2","0.4","7","110","8.3","4.4375","85.25","1014.88","8.39817","869.0","867.5"
"40766","2018-11-26 00:00:00","1397-09-05 00:00:00","","12.3","3.4","4.1","6","270","","3.35","73.625","1019.54","7.82826","872.9","868.4"
"40766","2018-11-27 00:00:00","1397-09-06 00:00:00","2.0","11.4","0.0","7.4","5","280","6.7","-0.6","67.75","1023.84","5.99641","875.3","873.3"
"40766","2018-11-28 00:00:00","1397-09-07 00:00:00","-0.4","14.1","0.0","9.0","4","270","6.9","0.7375","72.625","1024.65","6.48294","876.1","873.8"
"40766","2018-11-29 00:00:00","1397-09-08 00:00:00","0.8","14.5","0.0","4.4","2","230","7.7","3.3375","79.375","1026.08","7.82323","877.4","875.4"
"40766","2018-11-30 00:00:00","1397-09-09 00:00:00","2.5","11.0","1.2","0.0","7","270","6.8","5.3","85.125","1026.52","8.94192","877.2","876.2"
"40766","2018-12-01 00:00:00","1397-09-10 00:00:00","","17.1","0.31","0.5","8","90","","2.575","56.5","1023.21","7.58034","875.9","872.5"
"40766","2018-12-02 00:00:00","1397-09-11 00:00:00","7.6","16.3","2.0","7.5","8","100","11.9","4.7375","69.0","1021.33","8.59758","873.0","871.2"
"40766","2018-12-03 00:00:00","1397-09-12 00:00:00","2.1","15.5","0.0","3.8","4","130","8.8","3.9875","81.125","1021.33","8.15311","873.1","870.7"
"40766","2018-12-04 00:00:00","1397-09-13 00:00:00","1.7","16.5","0.0","4.0","6","110","9.1","3.2125","71.25","1021.35","7.74359","874.1","867.7"
"40766","2018-12-05 00:00:00","1397-09-14 00:00:00","6.0","11.3","0.9","0.0","6","110","8.6","5.5625","79.5","1019.7","9.09234","871.6","868.6"
"40766","2018-12-06 00:00:00","1397-09-15 00:00:00","","11.2","19.0","0.0","9","80","","4.5125","80.375","1012.21","8.43703","866.4","861.7"
"40766","2018-12-07 00:00:00","1397-09-16 00:00:00","","10.4","3.0","0.4","4","60","","3.1875","76.375","1014.98","7.69569","868.2","864.0"
"40766","2018-12-08 00:00:00","1397-09-17 00:00:00","4.5","9.3","5.3","0.0","4","280","6.9","3.375","79.5","1019.15","7.79912","871.9","868.1"
"40766","2018-12-09 00:00:00","1397-09-18 00:00:00","","8.9","2.2","0.0","4","360","","3.5125","78.125","1021.06","7.87956","872.4","870.8"
"40766","2018-12-10 00:00:00","1397-09-19 00:00:00","0.3","11.2","0.0","5.4","4","280","5.8","1.95","82.375","1020.79","7.08863","872.2","870.3"
"40766","2018-12-11 00:00:00","1397-09-20 00:00:00","-1.3","12.4","0.0","8.3","5","280","5.5","1.525","84.5","1022.95","6.86894","874.4","872.7"
"40766","2018-12-12 00:00:00","1397-09-21 00:00:00","-1.7","13.6","0.0","6.1","3","80","6.0","-0.4875","77.125","1023.14","5.92655","875.1","872.7"
"40766","2018-12-13 00:00:00","1397-09-22 00:00:00","-2.2","14.1","0.0","8.0","6","260","6.0","-1.0125","61.0","1023.22","5.74509","875.2","872.6"
"40766","2018-12-14 00:00:00","1397-09-23 00:00:00","3.5","14.2","0.0","8.4","5","220","8.9","1.1875","66.75","1025.48","6.70247","876.7","874.6"
"40766","2018-12-15 00:00:00","1397-09-24 00:00:00","-1.0","13.9","0.0","6.7","4","280","6.4","0.5625","78.5","1026.38","6.41257","877.8","875.3"
"40766","2018-12-16 00:00:00","1397-09-25 00:00:00","-2.1","14.1","0.0","7.9","3","160","6.0","-1.0375","67.625","1026.68","5.67581","878.0","875.4"
"40766","2018-12-17 00:00:00","1397-09-26 00:00:00","-0.1","10.3","6.7","0.0","9","90","5.1","1.0375","72.2857","1022.7","6.65258","875.5","870.6"
"40766","2018-12-18 00:00:00","1397-09-27 00:00:00","","9.3","4.7","0.0","10","90","","3.6375","83.6","1023.55","8.21482","875.8","871.6"
"40766","2018-12-19 00:00:00","1397-09-28 00:00:00","0.1","13.0","0.0","6.3","4","140","6.6","2.1625","80.7143","1025.11","7.13757","877.2","874.1"
"40766","2018-12-20 00:00:00","1397-09-29 00:00:00","-2.2","8.0","11.2","0.0","6","130","2.9","1.5875","88.4","1021.32","7.02388","874.5","870.3"
"40766","2018-12-21 00:00:00","1397-09-30 00:00:00","3.4","7.7","0.71","0.0","3","90","5.6","2.5125","84.0","1020.28","7.37852","872.2","870.1"
"40766","2018-12-22 00:00:00","1397-10-01 00:00:00","0.5","9.8","0.0","8.0","2","90","5.2","0.0125","78.25","1020.65","5.95008","872.7","870.6"
"40766","2018-12-23 00:00:00","1397-10-02 00:00:00","-1.8","9.8","0.0","8.2","4","270","4.0","-2.175","67.3333","1021.82","5.07879","873.2","871.6"
"40766","2018-12-24 00:00:00","1397-10-03 00:00:00","-2.9","10.7","0.0","6.4","5","300","3.9","-3.1375","64.5","1021.06","4.86393","873.2","870.2"
"40766","2018-12-25 00:00:00","1397-10-04 00:00:00","0.7","10.2","0.0","8.4","5","270","5.4","-2.875","64.375","1024.42","4.98061","876.1","874.0"
"40766","2018-12-26 00:00:00","1397-10-05 00:00:00","-3.9","14.9","0.0","6.4","3","130","5.5","-6.45","51.625","1022.41","4.0","874.9","871.4"
"40766","2018-12-27 00:00:00","1397-10-06 00:00:00","","14.5","4.0","0.2","10","90","","-11.0875","50.8","1017.3","4.7859","870.4","866.4"
"40766","2018-12-28 00:00:00","1397-10-07 00:00:00","4.0","10.3","11.6","0.0","6","240","7.2","1.4","74.25","1013.93","6.83245","867.3","863.2"
"40766","2018-12-29 00:00:00","1397-10-08 00:00:00","0.7","7.4","0.0","1.7","4","280","4.1","-2.825","70.25","1019.63","4.88095","872.2","868.0"
"40766","2018-12-30 00:00:00","1397-10-09 00:00:00","-3.5","9.3","0.0","4.2","4","280","2.9","-3.125","61.8","1020.64","4.87094","872.3","870.6"
"40766","2018-12-31 00:00:00","1397-10-10 00:00:00","-1.2","9.7","0.0","7.8","4","290","4.3","-1.8625","71.75","1022.5","5.4674","874.9","871.2"
"40766","2019-01-01 00:00:00","1397-10-11 00:00:00","-3.2","10.2","0.0","5.6","2","60","3.5","-2.5625","71.25","1024.4","5.12397","877.2","873.0"
"40766","2019-01-02 00:00:00","1397-10-12 00:00:00","-1.0","9.0","2.6","0.0","6","110","4.0","1.975","81.0","1020.62","7.1951","873.0","869.7"
"40766","2019-01-03 00:00:00","1397-10-13 00:00:00","4.0","10.7","0.6","4.0","10","280","7.3","1.725","70.25","1018.59","6.70908","873.1","867.2"
"40766","2019-01-04 00:00:00","1397-10-14 00:00:00","-2.8","10.2","0.0","7.4","4","260","3.7","-1.8875","75.8","1026.76","5.32647","878.1","875.4"
"40766","2019-01-05 00:00:00","1397-10-15 00:00:00","-3.4","12.1","0.0","6.6","7","100","4.4","-3.875","59.0","1022.93","4.93419","877.6","869.4"
"40766","2019-01-06 00:00:00","1397-10-16 00:00:00","3.8","13.5","3.5","0.2","7","160","8.6","-1.625","51.4","1014.21","5.21189","868.9","863.6"
"40766","2019-01-07 00:00:00","1397-10-17 00:00:00","3.1","9.5","0.0","8.4","6","290","6.3","-4.2","53.5","1018.01","4.23798","872.8","865.0"
"40766","2019-01-08 00:00:00","1397-10-18 00:00:00","-5.3","11.6","0.0","7.7","7","160","3.2","-8.3375","45.6","1019.56","3.27531","873.2","868.4"
"40766","2019-01-09 00:00:00","1397-10-19 00:00:00","","11.2","0.0","1.0","9","230","","-4.95","46.25","1016.93","4.13821","870.6","866.2"
"40766","2019-01-10 00:00:00","1397-10-20 00:00:00","-3.2","7.4","0.0","9.2","5","300","2.1","-8.725","50.5","1023.58","3.12117","875.2","872.2"
"40766","2019-01-11 00:00:00","1397-10-21 00:00:00","-7.0","10.6","0.0","8.4","2","110","1.8","-9.6625","54.2","1022.88","2.94468","874.9","872.1"
"40766","2019-01-12 00:00:00","1397-10-22 00:00:00","-6.2","12.6","0.0","2.5","3","210","3.2","-9.65","45.25","1019.8","2.96246","872.6","869.2"
"40766","2019-01-13 00:00:00","1397-10-23 00:00:00","","10.9","0.3","0.0","12","130","","-0.5625","70.75","1015.52","6.88386","869.2","864.7"
"40766","2019-01-14 00:00:00","1397-10-24 00:00:00","5.8","12.4","6.0","6.8","10","180","9.1","3.9125","71.8","1012.58","8.24395","867.8","862.5"
"40766","2019-01-15 00:00:00","1397-10-25 00:00:00","2.1","12.8","0.0","7.4","6","110","7.4","-1.2375","56.75","1019.33","5.65124","871.2","868.6"
"40766","2019-01-16 00:00:00","1397-10-26 00:00:00","1.4","16.1","0.0","6.8","7","150","8.8","2.9","58.75","1013.99","7.81041","869.5","861.1"
"40766","2019-01-17 00:00:00","1397-10-27 00:00:00","8.6","10.7","0.1","0.0","9","250","9.6","-2.3375","69.25","1008.97","5.22736","865.6","858.3"
"40766","2019-01-18 00:00:00","1397-10-28 00:00:00","-2.5","2.7","8.5","0.0","7","270","0.1","-3.65","79.4","1016.43","4.43292","868.9","866.4"
"40766","2019-01-19 00:00:00","1397-10-29 00:00:00","-9.6","1.0","0.0","5.7","4","120","-4.3","-7.6625","81.6","1020.34","3.51122","872.4","869.2"
"40766","2019-01-20 00:00:00","1397-10-30 00:00:00","-8.6","3.9","0.0","5.3","3","120","-2.4","-7.075","76.0","1022.95","3.80988","874.5","872.7"
"40766","2019-01-21 00:00:00","1397-11-01 00:00:00","-6.8","6.9","0.0","5.5","4","110","0.0","-5.425","71.25","1021.89","4.13247","874.5","870.8"
"40766","2019-01-22 00:00:00","1397-11-02 00:00:00","-4.6","10.5","0.0","7.8","3","270","3.0","-5.9375","59.0","1018.36","4.10839","870.6","867.9"
"40766","2019-01-23 00:00:00","1397-11-03 00:00:00","-4.9","11.2","0.0","7.6","4","310","3.1","-4.9625","63.0","1019.97","4.48257","872.2","869.7"
"40766","2019-01-24 00:00:00","1397-11-04 00:00:00","-2.9","13.3","0.0","8.6","4","140","5.2","-3.75","61.25","1021.69","4.77931","873.9","871.2"
"40766","2019-01-25 00:00:00","1397-11-05 00:00:00","-0.6","13.8","0.0","0.0","6","190","6.6","-2.75","62.75","1019.4","5.13848","871.2","869.0"
"40766","2019-01-26 00:00:00","1397-11-06 00:00:00","-2.2","15.8","0.0","7.0","5","160","6.8","-2.3125","55.75","1021.09","5.34661","872.9","871.2"
"40766","2019-01-27 00:00:00","1397-11-07 00:00:00","","14.1","12.0","0.0","9","90","","2.4","65.6","1019.96","8.00134","872.0","869.6"
"40766","2019-01-28 00:00:00","1397-11-08 00:00:00","7.5","10.3","38.0","0.0","11","90","8.9","5.875","84.25","1013.93","9.22453","870.0","860.7"
"40766","2019-01-29 00:00:00","1397-11-09 00:00:00","4.4","9.4","5.01","1.6","7","280","6.9","-0.35","67.75","1018.08","5.92715","873.6","863.8"
"40766","2019-01-30 00:00:00","1397-11-10 00:00:00","-1.9","10.4","0.0","5.0","3","140","4.3","-0.7375","75.5","1022.57","5.96084","875.1","871.8"
"40766","2019-01-31 00:00:00","1397-11-11 00:00:00","1.2","14.0","0.0","4.7","7","270","7.6","-1.125","59.75","1020.35","5.36948","872.2","869.8"
"40766","2019-02-01 00:00:00","1397-11-12 00:00:00","0.8","14.0","0.0","6.2","7","230","7.4","-2.3875","54.25","1019.76","4.99686","872.2","869.4"
"40766","2019-02-02 00:00:00","1397-11-13 00:00:00","-0.5","13.0","0.0","2.3","6","290","6.3","-2.175","54.4","1016.45","5.06311","869.6","866.9"
"40766","2019-02-03 00:00:00","1397-11-14 00:00:00","-0.1","7.0","1.6","7.0","8","280","3.5","-2.8","70.4","1018.71","4.93673","872.7","867.6"
"40766","2019-02-04 00:00:00","1397-11-15 00:00:00","-4.6","8.7","0.0","8.6","5","210","2.0","-6.6625","55.6","1024.82","3.57055","877.3","873.0"
"40766","2019-02-05 00:00:00","1397-11-16 00:00:00","-5.0","10.2","0.0","9.7","5","110","2.6","-9.55","44.0","1028.55","2.92509","879.4","877.5"
"40766","2019-02-06 00:00:00","1397-11-17 00:00:00","-3.5","12.1","0.0","9.7","7","130","4.3","-8.4","43.25","1028.08","2.97712","880.1","876.2"
"40766","2019-02-07 00:00:00","1397-11-18 00:00:00","-4.0","13.1","0.0","0.6","3","130","4.6","-4.9375","56.25","1023.76","4.51438","875.9","872.6"
"40766","2019-02-08 00:00:00","1397-11-19 00:00:00","","15.4","0.2","2.6","8","110","","-5.6375","41.75","1020.5","4.00339","872.6","869.5"
"40766","2019-02-09 00:00:00","1397-11-20 00:00:00","2.9","7.3","20.5","0.0","8","130","5.1","3.3625","88.75","1018.08","7.89008","869.9","868.1"
"40766","2019-02-10 00:00:00","1397-11-21 00:00:00","1.1","12.6","0.0","7.7","5","90","6.9","1.075","72.25","1017.47","6.67111","870.5","867.3"
"40766","2019-02-11 00:00:00","1397-11-22 00:00:00","3.6","9.5","3.4","2.5","5","100","6.6","1.6125","82.75","1015.18","6.72332","867.6","865.3"
"40766","2019-02-12 00:00:00","1397-11-23 00:00:00","-0.5","10.3","0.0","8.6","3","290","4.9","-1.7375","71.25","1018.51","5.50143","872.7","867.0"
"40766","2019-02-13 00:00:00","1397-11-24 00:00:00","-3.2","12.2","0.0","8.6","3","120","4.5","-5.375","58.2","1022.87","4.21541","875.3","872.4"
"40766","2019-02-14 00:00:00","1397-11-25 00:00:00","-2.7","14.9","0.5","7.2","7","110","6.1","-5.9","48.25","1019.56","4.16812","872.9","868.1"
"40766","2019-02-15 00:00:00","1397-11-26 00:00:00","4.9","9.5","5.5","0.0","9","90","7.2","2.3","76.2","1014.46","7.38603","868.7","862.9"
"40766","2019-02-16 00:00:00","1397-11-27 00:00:00","1.6","7.3","8.0","5.0","5","280","4.5","-2.9125","65.0","1017.24","5.05438","870.0","865.5"
"40766","2019-02-17 00:00:00","1397-11-28 00:00:00","1.0","9.0","0.01","3.0","8","310","5.0","-0.2375","73.5","1017.57","6.06107","869.7","867.6"
"40766","2019-02-18 00:00:00","1397-11-29 00:00:00","-0.5","6.5","0.3","0.0","6","270","3.0","-1.0125","77.8333","1014.54","5.69125","868.1","864.0"
"40766","2019-02-19 00:00:00","1397-11-30 00:00:00","1.3","7.4","0.1","2.9","7","280","4.3","-2.25","64.3333","1014.63","5.00238","869.5","863.5"
"40766","2019-02-20 00:00:00","1397-12-01 00:00:00","-4.7","10.8","0.0","9.5","5","120","3.1","-5.55714","62.1667","1020.33","3.95974","872.6","870.0"
"40766","2019-02-21 00:00:00","1397-12-02 00:00:00","-5.0","11.8","0.01","8.4","5","290","3.4","-4.7875","56.8","1020.18","4.55419","872.2","870.0"
"40766","2019-02-22 00:00:00","1397-12-03 00:00:00","-0.2","10.5","0.0","7.4","10","270","5.2","-2.475","61.25","1019.98","5.06722","871.9","869.5"
"40766","2019-02-23 00:00:00","1397-12-04 00:00:00","0.0","13.8","0.0","8.0","8","290","6.9","-2.1625","57.5","1020.71","5.18973","872.6","870.2"
"40766","2019-02-24 00:00:00","1397-12-05 00:00:00","2.5","12.1","8.0","3.6","7","110","7.3","1.4125","73.5714","1020.72","6.77835","872.2","869.6"
"40766","2019-02-25 00:00:00","1397-12-06 00:00:00","-1.0","12.9","0.0","8.7","6","280","5.9","-1.375","66.0","1020.82","5.60995","873.3","870.0"
"40766","2019-02-26 00:00:00","1397-12-07 00:00:00","0.0","14.4","0.0","9.4","5","110","7.2","-3.125","52.75","1015.91","4.95529","871.0","862.4"
"40766","2019-02-27 00:00:00","1397-12-08 00:00:00","","14.5","0.01","6.6","10","170","","-2.1875","45.125","1006.33","5.24214","860.0","856.8"
"40766","2019-02-28 00:00:00","1397-12-09 00:00:00","4.0","","8.0","0.0","7","170","","1.1","76.75","1006.15","6.64709","860.4","857.3"
"40766","2019-03-01 00:00:00","1397-12-10 00:00:00","","6.2","8.0","1.2","8","270","","-1.0125","75.75","1004.82","5.68484","862.0","854.3"
"40766","2019-03-02 00:00:00","1397-12-11 00:00:00","-0.8","9.5","0.0","8.5","5","280","4.3","-2.8375","65.75","1012.75","4.97428","866.1","862.4"
"40766","2019-03-03 00:00:00","1397-12-12 00:00:00","-1.4","10.9","0.0","8.3","7","280","4.8","-3.575","59.875","1015.65","4.7197","868.1","866.0"
"40766","2019-03-04 00:00:00","1397-12-13 00:00:00","-2.9","10.8","0.0","5.8","7","300","4.0","-2.05","67.625","1017.43","5.29534","869.9","867.3"
"40766","2019-03-05 00:00:00","1397-12-14 00:00:00","-0.1","11.7","0.7","7.8","5","300","5.8","-0.925","69.5","1018.98","5.81267","871.6","868.6"
"40766","2019-03-06 00:00:00","1397-12-15 00:00:00","-0.6","13.9","0.0","9.7","7","290","6.6","-3.2875","54.25","1017.14","4.89246","869.1","866.8"
"40766","2019-03-07 00:00:00","1397-12-16 00:00:00","0.1","12.8","0.0","7.0","7","290","6.5","-2.575","56.0","1016.26","5.11288","869.1","866.1"
"40766","2019-03-08 00:00:00","1397-12-17 00:00:00","3.2","8.3","15.0","2.1","11","180","5.8","1.0","82.125","1015.0","6.59552","869.8","864.5"
"40766","2019-03-09 00:00:00","1397-12-18 00:00:00","0.2","10.5","0.0","7.3","4","140","5.3","-1.9125","62.25","1022.34","5.327","874.5","870.3"
"40766","2019-03-10 00:00:00","1397-12-19 00:00:00","-1.6","13.9","0.0","8.3","5","120","6.1","-1.6125","60.0","1018.89","5.51228","873.0","868.2"
"40766","2019-03-11 00:00:00","1397-12-20 00:00:00","5.2","12.8","0.0","7.6","6","280","9.0","-2.375","49.0","1017.94","5.22811","870.2","867.7"
"40766","2019-03-12 00:00:00","1397-12-21 00:00:00","-2.1","15.6","0.0","9.7","4","290","6.8","-3.85","51.75","1021.52","4.76197","873.7","870.8"
"40766","2019-03-13 00:00:00","1397-12-22 00:00:00","-0.8","18.3","0.0","5.6","5","220","8.8","-1.6625","54.125","1019.57","5.49493","872.6","868.7"
"40766","2019-03-14 00:00:00","1397-12-23 00:00:00","","12.1","0.01","0.3","10","110","","-2.325","44.875","1015.01","5.36953","869.3","863.7"
"40766","2019-03-15 00:00:00","1397-12-24 00:00:00","5.1","11.4","9.01","4.5","9","90","8.3","1.325","67.625","1014.81","6.76952","868.6","864.7"
"40766","2019-03-16 00:00:00","1397-12-25 00:00:00","1.6","15.5","0.0","9.5","6","170","8.6","-0.475","52.875","1015.51","5.92049","869.6","863.8"
"40766","2019-03-17 00:00:00","1397-12-26 00:00:00","","10.4","7.1","0.0","8","90","","1.85","71.25","1008.56","6.99727","863.1","859.1"
"40766","2019-03-18 00:00:00","1397-12-27 00:00:00","0.8","9.9","7.0","2.0","5","240","5.3","-0.975","63.875","1015.83","5.74279","870.0","862.2"
"40766","2019-03-19 00:00:00","1397-12-28 00:00:00","0.2","13.3","0.0","10.0","7","290","6.8","-1.4","60.25","1018.21","5.62468","870.2","867.7"
"40766","2019-03-20 00:00:00","1397-12-29 00:00:00","-1.9","13.6","0.0","10.0","6","290","5.9","-3.5375","54.25","1016.39","4.73883","869.3","865.9"
"40766","2019-03-21 00:00:00","1398-01-01 00:00:00","-1.0","13.9","0.0","10.5","5","320","6.4","-4.6875","52.25","1016.66","4.44829","869.3","866.4"
"40766","2019-03-22 00:00:00","1398-01-02 00:00:00","-1.5","16.0","0.0","9.6","5","310","7.3","-2.6","49.125","1018.18","5.10469","870.9","867.6"
"40766","2019-03-23 00:00:00","1398-01-03 00:00:00","1.0","16.8","0.01","9.0","6","240","8.9","-1.7125","53.375","1016.46","5.64922","869.4","865.2"
"40766","2019-03-24 00:00:00","1398-01-04 00:00:00","6.0","11.0","10.1","0.0","8","110","8.5","5.4875","85.375","1011.56","9.04061","867.1","861.0"
"40766","2019-03-25 00:00:00","1398-01-05 00:00:00","7.3","18.2","36.2","3.0","12","120","12.8","3.65","67.5","1005.39","8.00315","861.1","855.1"
"40766","2019-03-26 00:00:00","1398-01-06 00:00:00","4.0","","10.31","2.0","7","150","","3.2375","83.125","1010.79","7.71469","867.0","860.2"
"40766","2019-03-27 00:00:00","1398-01-07 00:00:00","","10.6","0.61","0.2","3","130","","2.025","71.25","1018.44","7.10597","870.5","867.7"
"40766","2019-03-28 00:00:00","1398-01-08 00:00:00","1.3","9.5","16.0","1.6","9","290","5.4","2.55","80.25","1019.57","7.33971","871.4","869.4"
"40766","2019-03-29 00:00:00","1398-01-09 00:00:00","0.5","13.3","0.01","4.8","5","300","6.9","1.2","65.875","1020.17","6.68331","872.4","869.4"
"40766","2019-03-30 00:00:00","1398-01-10 00:00:00","3.1","","7.0","3.3","7","100","","3.2375","64.25","1017.18","7.75656","869.8","867.0"
"40766","2019-03-31 00:00:00","1398-01-11 00:00:00","11.6","13.4","15.1","0.0","11","100","12.5","5.6375","78.625","1014.0","9.17037","866.4","864.5"
"40766","2019-04-01 00:00:00","1398-01-12 00:00:00","","5.9","67.0","0.3","8","140","","3.275","92.25","1009.61","7.73844","864.6","858.9"
"40766","2019-04-02 00:00:00","1398-01-13 00:00:00","4.2","12.4","7.0","2.6","8","280","8.3","2.0625","73.125","1016.57","7.09762","869.6","865.9"
"40766","2019-04-03 00:00:00","1398-01-14 00:00:00","1.0","15.6","0.0","6.5","5","300","8.3","1.9625","69.125","1018.22","7.1301","870.6","867.4"
"40766","2019-04-04 00:00:00","1398-01-15 00:00:00","4.1","17.1","","8.6","6","120","10.6","3.7","64.625","1019.26","8.0307","871.1","869.1"
"40766","2019-04-05 00:00:00","1398-01-16 00:00:00","","16.4","0.6","0.4","9","100","","5.7","66.75","1031.01","9.3038","871.6","868.2"
"40766","2019-04-06 00:00:00","1398-01-17 00:00:00","9.4","20.0","2.0","4.8","7","180","14.7","7.1","64.625","1017.17","10.128","869.1","867.3"
"40766","2019-04-07 00:00:00","1398-01-18 00:00:00","9.8","16.2","1.0","0.4","6","280","13.0","8.0625","77.125","1015.32","10.8953","867.9","865.8"
"40766","2019-04-08 00:00:00","1398-01-19 00:00:00","3.3","17.8","0.0","8.0","5","290","10.5","5.6125","72.0","1014.34","9.13132","867.0","864.2"
"40766","2019-04-09 00:00:00","1398-01-20 00:00:00","4.6","17.3","0.2","3.3","7","220","10.9","5.9875","76.0","1015.25","9.38446","868.2","865.8"
"40766","2019-04-10 00:00:00","1398-01-21 00:00:00","3.6","19.5","0.0","8.9","3","40","11.6","4.575","64.5","1017.31","8.50957","869.8","867.4"
"40766","2019-04-11 00:00:00","1398-01-22 00:00:00","6.0","20.3","0.0","8.5","8","200","13.1","6.5375","67.5","1017.41","9.7357","870.4","866.7"
"40766","2019-04-12 00:00:00","1398-01-23 00:00:00","7.3","18.9","2.0","1.4","8","250","13.1","6.125","69.875","1016.29","9.47115","868.8","866.1"
"40766","2019-04-13 00:00:00","1398-01-24 00:00:00","3.8","19.4","0.0","11.4","7","270","11.6","4.425","64.0","1016.08","8.45371","868.8","866.1"
"40766","2019-04-14 00:00:00","1398-01-25 00:00:00","3.9","21.3","0.0","10.8","4","250","12.6","2.7125","56.875","1016.94","7.47292","869.7","867.0"
"40766","2019-04-15 00:00:00","1398-01-26 00:00:00","4.6","23.2","0.0","10.3","7","280","13.9","1.8625","49.0","1017.74","7.14231","870.2","867.7"
"40766","2019-04-16 00:00:00","1398-01-27 00:00:00","5.1","21.4","0.0","0.5","8","240","13.3","2.6375","50.625","1016.33","7.49271","869.0","865.8"
"40766","2019-04-17 00:00:00","1398-01-28 00:00:00","","21.7","0.01","4.0","10","170","","2.5375","39.625","1013.02","7.37209","866.8","863.8"
"40766","2019-04-18 00:00:00","1398-01-29 00:00:00","7.3","17.0","0.01","1.1","6","130","12.1","3.2875","59.125","1015.99","7.93375","868.8","865.3"
"40766","2019-04-19 00:00:00","1398-01-30 00:00:00","6.0","18.5","0.5","9.5","6","260","12.3","3.35","57.5","1013.32","7.8649","866.1","863.7"
"40766","2019-04-20 00:00:00","1398-01-31 00:00:00","3.5","16.1","2.0","10.5","7","210","9.8","-1.875","47.75","1013.38","5.43737","865.9","864.4"
"40766","2019-04-21 00:00:00","1398-02-01 00:00:00","0.3","17.2","0.0","11.5","6","180","8.8","-1.65","49.875","1012.35","5.45928","866.0","861.2"
"40766","2019-04-22 00:00:00","1398-02-02 00:00:00","6.7","13.1","3.0","9.5","9","100","9.9","-1.6","49.125","1010.45","5.63548","867.1","859.0"
"40766","2019-04-23 00:00:00","1398-02-03 00:00:00","2.4","11.5","2.21","2.7","9","280","6.9","1.075","72.25","1019.22","6.61116","873.3","869.0"
"40766","2019-04-24 00:00:00","1398-02-04 00:00:00","-0.5","14.0","0.0","10.7","5","350","6.8","-2.4375","56.5","1022.84","5.13916","874.0","872.5"
"40766","2019-04-25 00:00:00","1398-02-05 00:00:00","-0.1","16.7","0.0","11.5","7","130","8.3","-6.2875","38.125","1020.21","3.93859","873.0","869.1"
"40766","2019-04-26 00:00:00","1398-02-06 00:00:00","1.8","18.7","0.0","10.0","7","150","10.3","-1.3875","48.375","1019.49","5.6205","871.7","869.4"
"40766","2019-04-27 00:00:00","1398-02-07 00:00:00","3.3","20.3","0.0","9.0","10","110","11.8","0.1625","46.625","1019.4","6.25361","871.6","869.0"
"40766","2019-04-28 00:00:00","1398-02-08 00:00:00","2.8","20.4","0.0","10.4","7","290","11.6","-0.7375","44.125","1019.84","5.83134","872.2","869.9"
"40766","2019-04-29 00:00:00","1398-02-09 00:00:00","2.9","22.9","0.0","11.6","8","270","12.9","0.9875","46.375","1020.45","6.61103","872.8","869.2"
"40766","2019-04-30 00:00:00","1398-02-10 00:00:00","6.6","23.1","0.0","11.1","6","280","14.9","3.375","46.625","1020.35","7.80309","872.7","870.0"
"40766","2019-05-01 00:00:00","1398-02-11 00:00:00","5.4","25.0","0.0","10.6","6","290","15.2","3.35","48.625","1019.43","7.71236","871.8","869.1"
"40766","2019-05-02 00:00:00","1398-02-12 00:00:00","6.6","26.4","0.0","10.6","7","270","16.5","3.975","47.75","1018.15","8.189","870.5","867.6"
"40766","2019-05-03 00:00:00","1398-02-13 00:00:00","9.5","24.1","0.0","8.5","8","280","16.8","5.85","52.125","1018.54","9.27101","870.6","868.2"
"40766","2019-05-04 00:00:00","1398-02-14 00:00:00","11.0","26.1","0.01","1.2","11","160","18.5","8.025","56.625","1015.48","10.8357","868.9","865.2"
"40766","2019-05-05 00:00:00","1398-02-15 00:00:00","9.5","26.2","0.0","11.4","7","230","17.9","2.3875","43.125","1019.63","7.59065","871.6","869.0"
"40766","2019-05-06 00:00:00","1398-02-16 00:00:00","5.9","28.0","0.0","10.5","7","300","17.0","1.1625","41.0","1019.98","6.82114","872.1","869.7"
"40766","2019-05-07 00:00:00","1398-02-17 00:00:00","7.7","27.5","0.0","8.3","9","10","17.6","4.5125","48.875","1017.98","8.46998","870.8","867.4"
"40766","2019-05-08 00:00:00","1398-02-18 00:00:00","","26.3","0.31","4.3","10","190","","5.7625","49.125","1016.4","9.37623","869.1","866.9"
"40766","2019-05-09 00:00:00","1398-02-19 00:00:00","12.3","26.6","2.41","2.3","11","160","19.5","9.1","62.125","1015.18","11.6991","868.3","863.0"
"40766","2019-05-10 00:00:00","1398-02-20 00:00:00","7.5","25.8","2.0","6.2","10","230","16.6","4.7875","53.375","1014.56","8.95549","868.0","864.0"
"40766","2019-05-11 00:00:00","1398-02-21 00:00:00","5.0","24.9","0.0","12.6","4","260","14.9","3.15","47.875","1019.12","7.79035","871.0","868.2"
"40766","2019-05-12 00:00:00","1398-02-22 00:00:00","5.5","26.9","0.0","12.1","5","290","16.2","2.95","44.75","1019.59","7.67026","872.2","869.3"
"40766","2019-05-13 00:00:00","1398-02-23 00:00:00","7.0","28.8","0.0","12.4","10","260","17.9","3.7","43.875","1018.85","8.12076","871.5","868.2"
"40766","2019-05-14 00:00:00","1398-02-24 00:00:00","7.6","30.1","0.0","12.6","5","270","18.9","1.825","37.625","1017.47","7.18397","870.4","866.8"
"40766","2019-05-15 00:00:00","1398-02-25 00:00:00","8.2","30.8","0.0","12.4","4","320","19.5","1.2375","35.0","1016.26","6.87647","869.2","865.7"
"40766","2019-05-16 00:00:00","1398-02-26 00:00:00","8.9","31.5","0.0","9.0","5","270","20.2","3.3","35.875","1015.34","7.86297","868.1","865.4"
"40766","2019-05-17 00:00:00","1398-02-27 00:00:00","9.1","31.7","0.0","12.0","8","290","20.4","1.4875","34.875","1015.15","7.11693","867.8","865.3"
"40766","2019-05-18 00:00:00","1398-02-28 00:00:00","8.8","30.8","0.0","7.0","7","260","19.8","2.35","35.625","1015.95","7.35936","868.1","866.1"
"40766","2019-05-19 00:00:00","1398-02-29 00:00:00","13.0","28.2","3.0","2.7","9","350","20.6","7.2625","50.625","1017.64","10.2955","870.2","867.0"
"40766","2019-05-20 00:00:00","1398-02-30 00:00:00","10.7","27.1","0.0","5.5","12","290","18.9","7.95","59.5","1019.19","10.7717","872.6","869.2"
"40766","2019-05-21 00:00:00","1398-02-31 00:00:00","7.2","26.8","0.0","10.0","6","270","17.0","5.825","51.875","1018.36","9.3454","870.7","868.3"
"40766","2019-05-22 00:00:00","1398-03-01 00:00:00","9.4","27.1","0.0","11.5","7","290","18.3","4.375","42.125","1017.9","8.43649","870.0","868.0"
"40766","2019-05-23 00:00:00","1398-03-02 00:00:00","8.8","29.3","0.0","12.1","10","260","19.0","4.8125","41.0","1017.87","8.69595","869.8","867.6"
"40766","2019-05-24 00:00:00","1398-03-03 00:00:00","10.7","31.9","0.0","11.2","8","290","21.3","3.3375","33.5","1019.69","7.95134","871.8","869.4"
"40766","2019-05-25 00:00:00","1398-03-04 00:00:00","11.0","33.3","0.0","7.1","4","130","22.1","4.125","35.875","1020.71","8.40797","873.5","870.1"
"40766","2019-05-26 00:00:00","1398-03-05 00:00:00","12.7","31.9","0.0","6.5","12","270","22.3","2.9875","34.375","1019.52","7.77645","871.4","869.6"
"40766","2019-05-27 00:00:00","1398-03-06 00:00:00","11.5","33.5","0.0","9.4","9","280","22.5","-0.5875","28.25","1018.82","6.20239","870.1","869.0"
"40766","2019-05-28 00:00:00","1398-03-07 00:00:00","9.5","33.0","0.0","7.4","13","130","21.3","-0.325","30.625","1017.8","6.30802","870.1","868.1"
"40766","2019-05-29 00:00:00","1398-03-08 00:00:00","9.9","33.9","0.0","12.0","9","280","21.9","-2.025","24.875","1016.15","5.58861","869.0","866.0"
"40766","2019-05-30 00:00:00","1398-03-09 00:00:00","10.1","31.6","0.0","12.2","5","290","20.9","-0.2875","25.75","1015.21","6.21026","868.1","865.0"
"40766","2019-05-31 00:00:00","1398-03-10 00:00:00","11.3","29.9","0.0","12.1","5","350","20.6","-0.8","23.0","1015.2","5.81036","867.8","865.1"
"40766","2019-06-01 00:00:00","1398-03-11 00:00:00","12.5","30.4","0.0","10.8","5","270","21.5","1.175","27.5","1017.04","6.68828","869.5","867.5"
"40766","2019-06-02 00:00:00","1398-03-12 00:00:00","10.9","32.3","0.0","12.5","7","110","21.6","-2.85","23.625","1017.97","5.16028","870.7","867.4"
"40766","2019-06-03 00:00:00","1398-03-13 00:00:00","11.7","33.7","0.0","11.8","6","110","22.7","-3.1","20.625","1017.47","5.08237","870.2","866.9"
"40766","2019-06-04 00:00:00","1398-03-14 00:00:00","11.9","35.6","0.0","12.2","6","110","23.8","-3.775","19.875","1016.5","4.90862","869.3","866.6"
"40766","2019-06-05 00:00:00","1398-03-15 00:00:00","13.4","36.9","0.0","12.8","5","220","25.2","0.05","22.125","1017.07","6.28682","869.3","867.1"
"40766","2019-06-06 00:00:00","1398-03-16 00:00:00","14.8","37.6","0.0","12.4","6","220","26.2","-0.6875","21.25","1017.23","6.19533","869.6","866.7"
"40766","2019-06-07 00:00:00","1398-03-17 00:00:00","14.5","36.7","0.0","9.2","8","280","25.6","3.15","24.375","1017.9","7.72524","869.9","868.1"
"40766","2019-06-08 00:00:00","1398-03-18 00:00:00","","36.5","0.0","11.7","8","290","","2.67143","22.2857","1017.97","7.51193","870.2","868.0"
"40766","2019-06-09 00:00:00","1398-03-19 00:00:00","15.5","36.9","0.0","10.5","5","280","26.2","1.375","22.25","1016.62","6.86487","869.4","866.4"
"40766","2019-06-10 00:00:00","1398-03-20 00:00:00","16.3","37.1","0.0","10.1","6","110","26.7","3.75","24.75","1016.05","8.04333","868.6","866.0"
"40766","2019-06-11 00:00:00","1398-03-21 00:00:00","19.3","37.0","0.0","10.2","6","290","28.1","4.6375","25.0","1015.68","8.56858","868.4","865.4"
"40766","2019-06-12 00:00:00","1398-03-22 00:00:00","15.7","35.0","0.0","12.7","8","280","25.4","-4.3375","18.75","1014.27","5.28165","866.7","864.8"
"40766","2019-06-13 00:00:00","1398-03-23 00:00:00","14.6","33.8","0.0","13.1","8","290","24.2","-8.7875","14.0","1013.75","3.49823","866.4","864.3"
"40766","2019-06-14 00:00:00","1398-03-24 00:00:00","12.1","34.0","0.0","12.4","5","290","23.0","-7.925","15.375","1013.73","3.69751","866.4","864.2"
"40766","2019-06-15 00:00:00","1398-03-25 00:00:00","11.5","35.8","0.0","12.4","5","320","23.6","-5.0625","16.5","1013.4","4.38467","866.2","863.9"
"40766","2019-06-16 00:00:00","1398-03-26 00:00:00","13.2","37.4","0.0","12.4","9","220","25.3","-5.1125","17.125","1013.4","4.45899","866.2","863.7"
"40766","2019-06-17 00:00:00","1398-03-27 00:00:00","13.9","36.0","0.0","12.5","8","260","25.0","-3.375","15.875","1014.13","4.88222","866.7","865.0"
"40766","2019-06-18 00:00:00","1398-03-28 00:00:00","16.9","33.8","0.0","12.3","8","300","25.3","-2.0875","17.125","1014.75","5.36878","867.6","864.7"
"40766","2019-06-19 00:00:00","1398-03-29 00:00:00","17.0","33.4","0.0","12.4","9","290","25.2","-3.125","17.0","1011.46","5.0586","864.9","861.6"
"40766","2019-06-20 00:00:00","1398-03-30 00:00:00","12.9","35.3","0.0","12.7","7","280","24.1","-0.0375","21.375","1010.29","6.21402","863.3","860.7"
"40766","2019-06-21 00:00:00","1398-03-31 00:00:00","15.1","35.2","0.0","12.4","8","300","25.2","2.2","22.625","1011.14","7.22061","864.0","861.7"
"40766","2019-06-22 00:00:00","1398-04-01 00:00:00","13.9","37.5","0.0","12.6","5","220","25.7","-3.1125","18.875","1013.09","5.30355","865.7","864.0"
"40766","2019-06-23 00:00:00","1398-04-02 00:00:00","14.3","38.5","0.0","12.7","8","200","26.4","-2.45","16.0","1014.68","5.24322","866.8","865.4"
"40766","2019-06-24 00:00:00","1398-04-03 00:00:00","15.1","39.7","0.0","12.5","7","190","27.4","-4.0375","15.625","1014.85","4.73957","867.6","865.3"
"40766","2019-06-25 00:00:00","1398-04-04 00:00:00","15.9","39.8","0.0","9.5","8","180","27.8","-3.3375","15.0","1014.7","4.93598","867.0","865.5"
"40766","2019-06-26 00:00:00","1398-04-05 00:00:00","15.2","39.5","0.0","12.0","8","290","27.4","-4.9875","13.375","1013.69","4.34484","866.8","863.4"
"40766","2019-06-27 00:00:00","1398-04-06 00:00:00","16.5","39.3","0.0","11.2","7","300","27.9","-2.0875","13.875","1010.66","5.34318","864.4","861.1"
"40766","2019-06-28 00:00:00","1398-04-07 00:00:00","16.3","38.8","0.0","12.5","5","290","27.5","-1.7125","16.0","1007.96","5.55271","861.4","858.6"
"40766","2019-06-29 00:00:00","1398-04-08 00:00:00","17.9","38.6","0.0","12.3","7","290","28.3","-2.7","14.125","1008.12","5.12562","861.2","859.3"
"40766","2019-06-30 00:00:00","1398-04-09 00:00:00","17.5","37.5","0.0","12.3","7","310","27.5","0.7375","18.0","1009.14","6.50168","862.6","860.1"
"40766","2019-07-01 00:00:00","1398-04-10 00:00:00","19.3","36.9","0.0","13.0","9","290","28.1","-4.6375","14.5","1010.58","4.67936","863.8","860.9"
"40766","2019-07-02 00:00:00","1398-04-11 00:00:00","13.6","37.2","0.0","13.0","7","120","25.4","-0.225","19.25","1011.29","6.18802","864.6","861.3"
"40766","2019-07-03 00:00:00","1398-04-12 00:00:00","16.6","40.4","0.0","11.9","8","300","28.5","-3.075","16.125","1011.71","5.29854","864.6","862.4"
"40766","2019-07-04 00:00:00","1398-04-13 00:00:00","14.3","38.8","0.0","12.9","7","280","26.5","-8.4375","11.125","1012.32","3.37129","865.2","862.8"
"40766","2019-07-05 00:00:00","1398-04-14 00:00:00","14.8","39.5","0.0","13.0","8","280","27.1","-12.8","10.125","1009.04","2.96694","863.4","859.1"
"40766","2019-07-06 00:00:00","1398-04-15 00:00:00","14.4","38.6","0.0","12.8","10","280","26.5","-12.2","9.375","1008.02","2.79392","861.1","859.2"
"40766","2019-07-07 00:00:00","1398-04-16 00:00:00","14.0","37.3","0.0","11.1","6","280","25.6","-8.75","10.875","1008.51","3.30938","862.0","858.9"
"40766","2019-07-08 00:00:00","1398-04-17 00:00:00","16.0","38.2","0.0","12.6","8","290","27.1","-4.6125","13.375","1008.73","4.48136","862.1","859.9"
"40766","2019-07-09 00:00:00","1398-04-18 00:00:00","19.6","36.1","0.0","12.6","6","300","27.8","-5.6375","11.625","1007.53","4.15336","861.2","857.7"
"40766","2019-07-10 00:00:00","1398-04-19 00:00:00","18.7","37.4","0.0","12.5","4","280","28.1","1.05","17.5","1006.04","6.65158","859.7","857.5"
"40766","2019-07-11 00:00:00","1398-04-20 00:00:00","18.9","38.7","0.0","12.5","7","290","28.8","1.71429","19.7143","1007.16","7.05602","861.0","858.5"
"40766","2019-07-12 00:00:00","1398-04-21 00:00:00","17.9","37.7","0.0","12.3","8","290","27.8","-3.025","14.25","1009.89","5.02534","863.0","860.8"
"40766","2019-07-13 00:00:00","1398-04-22 00:00:00","16.0","36.3","0.0","12.2","6","290","26.1","-3.15","14.5","1010.22","4.95056","863.4","860.9"
"40766","2019-07-14 00:00:00","1398-04-23 00:00:00","15.0","37.8","0.0","12.2","8","300","26.4","-3.5875","16.5","1009.5","4.99822","862.4","860.3"
"40766","2019-07-15 00:00:00","1398-04-24 00:00:00","15.4","38.0","0.0","12.4","8","290","26.7","-3.125","16.0","1009.38","4.99174","862.5","860.2"
"40766","2019-07-16 00:00:00","1398-04-25 00:00:00","15.9","38.2","0.0","12.1","9","290","27.0","-6.75","11.75","1008.7","3.9189","862.1","859.4"
"40766","2019-07-17 00:00:00","1398-04-26 00:00:00","15.3","39.7","0.0","12.5","8","290","27.5","-2.4","16.0","1008.8","5.21836","862.2","859.7"
"40766","2019-07-18 00:00:00","1398-04-27 00:00:00","16.4","38.0","0.0","12.0","10","290","27.2","-3.6375","15.75","1011.31","4.97668","863.9","861.8"
"40766","2019-07-19 00:00:00","1398-04-28 00:00:00","15.8","41.2","0.0","10.7","7","290","28.5","-3.7875","12.875","1010.55","4.68477","864.0","860.6"
"40766","2019-07-20 00:00:00","1398-04-29 00:00:00","18.9","43.2","0.0","10.5","6","280","31.0","-6.3875","11.75","1011.57","4.32746","864.7","862.0"
"40766","2019-07-21 00:00:00","1398-04-30 00:00:00","19.0","43.0","0.0","9.5","5","120","31.0","-4.7","12.875","1012.31","4.74965","865.6","862.4"
"40766","2019-07-22 00:00:00","1398-04-31 00:00:00","25.1","42.2","0.0","8.6","7","110","33.7","-2.9875","11.625","1010.86","5.16447","864.4","861.2"
"40766","2019-07-23 00:00:00","1398-05-01 00:00:00","22.6","41.1","0.0","5.4","8","290","31.8","0.1875","14.75","1009.52","6.26287","862.6","860.1"
"40766","2019-07-24 00:00:00","1398-05-02 00:00:00","18.4","38.9","0.0","12.0","7","290","28.7","-4.5875","13.0","1011.1","4.68897","864.0","861.7"
"40766","2019-07-25 00:00:00","1398-05-03 00:00:00","15.8","38.1","0.0","12.5","9","280","26.9","-5.6875","12.125","1011.81","4.0768","865.4","862.2"
"40766","2019-07-26 00:00:00","1398-05-04 00:00:00","16.1","39.1","0.0","11.5","9","280","27.6","-5.975","11.125","1008.26","3.95402","862.8","858.4"
"40766","2019-07-27 00:00:00","1398-05-05 00:00:00","16.3","40.2","0.0","12.2","8","300","28.3","-7.1","10.375","1005.36","3.68091","858.8","856.6"
"40766","2019-07-28 00:00:00","1398-05-06 00:00:00","15.9","36.6","0.0","12.3","8","210","26.3","-6.7625","11.875","1008.33","3.88359","862.6","858.4"
"40766","2019-07-29 00:00:00","1398-05-07 00:00:00","14.3","36.2","0.0","12.3","8","280","25.3","-4.8375","14.25","1011.73","4.39806","864.5","862.5"
"40766","2019-07-30 00:00:00","1398-05-08 00:00:00","15.9","36.7","0.0","12.4","5","280","26.3","-3.4","14.375","1011.47","4.79124","865.2","861.5"
"40766","2019-07-31 00:00:00","1398-05-09 00:00:00","15.8","","0.0","12.2","5","280","","-5.125","12.75","1009.99","4.40843","863.5","860.0"
"40766","2019-08-01 00:00:00","1398-05-10 00:00:00","17.9","40.6","0.0","12.0","8","290","29.3","-4.0625","12.125","1009.57","4.58456","862.8","860.1"
"40766","2019-08-02 00:00:00","1398-05-11 00:00:00","17.6","39.3","0.0","12.3","8","290","28.5","-8.625","10.25","1008.53","3.54068","862.3","859.5"
"40766","2019-08-03 00:00:00","1398-05-12 00:00:00","16.2","38.9","0.0","11.9","7","300","27.6","-2.025","16.0","1006.3","5.41215","859.6","856.9"
"40766","2019-08-04 00:00:00","1398-05-13 00:00:00","17.6","37.5","0.0","11.9","6","290","27.5","0.9625","19.0","1007.08","6.66056","860.3","858.2"
"40766","2019-08-05 00:00:00","1398-05-14 00:00:00","17.7","","0.0","11.4","6","280","","-1.0125","16.625","1007.33","5.91307","860.8","858.0"
"40766","2019-08-06 00:00:00","1398-05-15 00:00:00","17.5","39.4","0.0","12.1","7","290","28.5","-1.25","15.875","1007.79","5.61073","861.2","858.9"
"40766","2019-08-07 00:00:00","1398-05-16 00:00:00","19.0","41.3","0.0","12.0","7","290","30.1","3.1875","19.125","1008.46","7.91938","862.3","859.3"
"40766","2019-08-08 00:00:00","1398-05-17 00:00:00","21.4","43.2","0.0","8.6","7","290","32.3","3.2875","18.375","1007.92","7.89928","861.3","858.6"
"40766","2019-08-09 00:00:00","1398-05-18 00:00:00","21.4","42.1","0.0","5.5","6","160","31.8","0.275","16.125","1007.97","6.53221","861.5","859.0"
"40766","2019-08-10 00:00:00","1398-05-19 00:00:00","20.6","41.9","0.0","11.0","9","290","31.3","-1.35","15.125","1008.33","6.07981","861.1","858.6"
"40766","2019-08-11 00:00:00","1398-05-20 00:00:00","19.6","41.3","0.0","9.5","9","340","30.5","-0.125","14.5","1007.95","6.16336","861.3","859.0"
"40766","2019-08-12 00:00:00","1398-05-21 00:00:00","25.5","40.8","0.0","9.6","8","10","33.2","0.25","14.125","1009.89","6.40642","863.2","860.4"
"40766","2019-08-13 00:00:00","1398-05-22 00:00:00","23.3","39.8","0.0","8.2","10","290","31.5","3.2125","18.125","1012.49","7.81822","866.6","862.3"
"40766","2019-08-14 00:00:00","1398-05-23 00:00:00","20.1","38.7","0.0","11.9","7","100","29.4","2.2","20.625","1014.57","7.46547","867.8","864.5"
"40766","2019-08-15 00:00:00","1398-05-24 00:00:00","20.0","39.8","0.0","9.7","7","300","29.9","0.875","16.75","1014.54","6.62805","867.2","864.4"
"40766","2019-08-16 00:00:00","1398-05-25 00:00:00","19.2","39.7","0.0","9.2","7","170","29.5","3.1625","20.375","1012.47","7.95843","866.3","862.3"
"40766","2019-08-17 00:00:00","1398-05-26 00:00:00","20.2","40.1","0.0","10.0","9","180","30.1","4.675","24.0","1009.84","8.69061","863.2","860.0"
"40766","2019-08-18 00:00:00","1398-05-27 00:00:00","18.6","40.1","0.0","10.1","8","90","29.3","1.4875","20.0","1011.36","6.95861","865.2","862.0"
"40766","2019-08-19 00:00:00","1398-05-28 00:00:00","17.4","39.4","0.0","9.0","6","300","28.4","-0.3","18.75","1015.05","6.2256","867.6","865.2"
"40766","2019-08-20 00:00:00","1398-05-29 00:00:00","17.5","39.7","0.0","8.3","5","310","28.6","-2.675","16.75","1016.26","5.52443","869.4","866.1"
"40766","2019-08-21 00:00:00","1398-05-30 00:00:00","20.2","","0.0","9.0","6","290","","-3.7625","13.0","1015.41","4.79426","868.9","865.2"
"40766","2019-08-22 00:00:00","1398-05-31 00:00:00","18.2","39.5","0.0","11.3","8","290","28.9","-7.0125","11.75","1013.76","4.02662","866.7","863.3"
"40766","2019-08-23 00:00:00","1398-06-01 00:00:00","17.2","39.6","0.0","10.5","7","280","28.4","-9.4375","10.625","1014.57","3.28296","867.2","864.4"
"40766","2019-08-24 00:00:00","1398-06-02 00:00:00","15.2","37.9","0.0","11.8","7","280","26.6","-9.1","10.5","1016.23","3.39024","869.4","866.5"
"40766","2019-08-25 00:00:00","1398-06-03 00:00:00","15.7","38.9","0.0","9.1","8","300","27.3","-2.6875","15.125","1015.83","5.13908","868.5","865.8"
"40766","2019-08-26 00:00:00","1398-06-04 00:00:00","16.3","38.6","0.0","11.7","9","280","27.4","-3.5375","15.125","1016.06","4.99928","868.7","866.4"
"40766","2019-08-27 00:00:00","1398-06-05 00:00:00","16.8","38.6","0.0","10.0","8","290","27.7","-3.025","15.0","1016.1","5.12653","869.2","865.9"
"40766","2019-08-28 00:00:00","1398-06-06 00:00:00","17.6","38.4","0.0","10.8","8","290","28.0","-3.575","15.0","1016.09","4.85029","868.2","866.3"
"40766","2019-08-29 00:00:00","1398-06-07 00:00:00","15.8","37.5","0.0","11.2","7","290","26.6","-5.3375","13.625","1016.93","4.2912","869.6","866.3"
"40766","2019-08-30 00:00:00","1398-06-08 00:00:00","15.8","37.9","0.0","11.1","8","280","26.9","-4.55","14.125","1015.51","4.52499","868.8","865.3"
"40766","2019-08-31 00:00:00","1398-06-09 00:00:00","18.1","38.0","0.0","6.8","9","280","28.0","-2.4375","15.375","1012.91","5.22989","866.2","863.2"
"40766","2019-09-01 00:00:00","1398-06-10 00:00:00","15.1","36.9","0.0","11.7","10","280","26.0","-11.1429","13.1429","1012.63","3.85697","865.8","862.4"
"40766","2019-09-02 00:00:00","1398-06-11 00:00:00","12.8","35.6","0.0","11.2","10","300","24.2","-3.9125","15.625","1014.1","4.7147","867.1","864.7"
"40766","2019-09-03 00:00:00","1398-06-12 00:00:00","14.8","35.9","0.0","10.8","8","290","25.4","-6.2","16.375","1012.88","4.57424","865.5","863.2"
"40766","2019-09-04 00:00:00","1398-06-13 00:00:00","13.5","35.5","0.0","11.6","7","290","24.5","-4.01429","17.0","1012.31","4.71103","865.2","862.7"
"40766","2019-09-05 00:00:00","1398-06-14 00:00:00","14.0","35.9","0.0","11.0","8","300","25.0","-5.95","15.75","1013.72","4.19141","866.2","864.2"
"40766","2019-09-06 00:00:00","1398-06-15 00:00:00","13.3","35.1","0.0","10.3","5","300","24.2","-3.1875","16.625","1014.44","4.86191","867.8","864.6"
"40766","2019-09-07 00:00:00","1398-06-16 00:00:00","13.4","35.8","0.0","11.4","7","290","24.6","-2.3625","18.75","1011.34","5.27758","864.7","861.1"
"40766","2019-09-08 00:00:00","1398-06-17 00:00:00","14.2","34.3","0.0","11.0","6","290","24.3","-0.875","21.125","1011.07","5.86912","863.9","861.7"
"40766","2019-09-09 00:00:00","1398-06-18 00:00:00","13.0","32.7","0.0","10.8","7","290","22.9","0.4375","23.0","1012.27","6.37625","865.7","862.8"
"40766","2019-09-10 00:00:00","1398-06-19 00:00:00","13.4","33.5","0.0","10.6","7","290","23.5","-1.775","20.25","1012.85","5.50677","866.0","863.1"
"40766","2019-09-11 00:00:00","1398-06-20 00:00:00","12.6","33.6","0.0","11.0","7","290","23.1","-5.1375","17.5","1015.27","4.43758","867.8","865.6"
"40766","2019-09-12 00:00:00","1398-06-21 00:00:00","11.7","32.5","0.0","10.4","7","290","22.1","-3.2125","19.25","1015.18","4.95463","868.3","865.2"
"40766","2019-09-13 00:00:00","1398-06-22 00:00:00","12.1","31.0","0.0","11.3","5","310","21.5","0.0428571","24.1429","1015.75","6.19794","868.4","866.1"
"40766","2019-09-14 00:00:00","1398-06-23 00:00:00","12.2","32.4","0.0","10.6","5","280","22.3","-1.625","21.75","1017.37","5.49906","869.9","867.4"
"40766","2019-09-15 00:00:00","1398-06-24 00:00:00","11.7","35.5","0.0","11.0","4","90","23.6","-4.65","16.75","1018.25","4.37627","870.7","868.0"
"40766","2019-09-16 00:00:00","1398-06-25 00:00:00","19.9","36.5","0.0","8.0","8","280","28.2","-4.9125","12.875","1019.39","4.35501","871.2","869.3"
"40766","2019-09-17 00:00:00","1398-06-26 00:00:00","14.5","36.6","0.0","8.9","7","300","25.5","-1.45","18.125","1019.15","5.51632","871.9","868.5"
"40766","2019-09-18 00:00:00","1398-06-27 00:00:00","15.0","35.5","0.0","10.5","8","300","25.3","-4.075","17.0","1019.62","4.6699","871.7","869.4"
"40766","2019-09-19 00:00:00","1398-06-28 00:00:00","9.1","33.9","0.0","11.0","6","270","21.5","-16.4875","10.625","1019.57","2.02331","872.0","869.2"
"40766","2019-09-20 00:00:00","1398-06-29 00:00:00","9.6","36.0","0.0","10.3","7","280","22.8","-13.1125","10.375","1018.55","2.52871","871.6","867.9"
"40766","2019-09-21 00:00:00","1398-06-30 00:00:00","13.7","36.8","0.0","10.0","7","300","25.3","-5.3375","14.5","1015.78","4.19257","869.1","865.3"
"40766","2019-09-22 00:00:00","1398-06-31 00:00:00","18.6","35.4","0.0","10.3","9","260","27.0","-3.1625","17.5","1016.94","5.07121","869.6","866.3"
"40766","2019-09-23 00:00:00","1398-07-01 00:00:00","14.4","34.3","0.0","10.0","10","290","24.3","-3.5875","18.75","1018.59","4.85732","870.7","868.6"
"40766","2019-09-24 00:00:00","1398-07-02 00:00:00","10.8","","0.0","10.0","7","270","","-7.2","17.75","1019.05","3.77162","871.8","868.7"
"40766","2019-09-25 00:00:00","1398-07-03 00:00:00","7.9","32.1","0.0","10.8","7","290","20.0","-11.95","13.875","1019.93","2.64864","871.8","869.5"
"40766","2019-09-26 00:00:00","1398-07-04 00:00:00","12.7","35.0","0.0","9.2","9","250","23.9","-7.7625","12.125","1019.94","3.43462","871.9","869.4"
"40766","2019-09-27 00:00:00","1398-07-05 00:00:00","13.8","34.9","0.0","10.0","9","270","24.4","-7.2","14.125","1020.77","3.65069","872.3","870.2"
"40766","2019-09-28 00:00:00","1398-07-06 00:00:00","9.8","34.4","0.0","9.6","8","290","22.1","-6.7","16.125","1019.25","3.74618","872.1","868.5"
"40766","2019-09-29 00:00:00","1398-07-07 00:00:00","13.1","35.5","0.0","8.6","10","240","24.3","-7.4","13.375","1016.69","3.56331","869.5","866.7"
"40766","2019-09-30 00:00:00","1398-07-08 00:00:00","12.0","33.3","0.0","9.8","8","290","22.6","-5.65","15.5","1017.2","4.02631","869.5","867.5"
"40766","2019-10-01 00:00:00","1398-07-09 00:00:00","9.2","32.5","0.0","10.0","7","300","20.9","-8.4625","17.25","1017.9","3.53656","870.3","867.9"
"40766","2019-10-02 00:00:00","1398-07-10 00:00:00","12.0","32.1","0.0","8.5","5","330","22.0","-3.2875","17.625","1019.5","4.82466","871.5","869.4"
"40766","2019-10-03 00:00:00","1398-07-11 00:00:00","13.7","32.9","0.0","6.7","7","290","23.3","0.3875","22.125","1018.39","6.37068","871.3","868.0"
"40766","2019-10-04 00:00:00","1398-07-12 00:00:00","12.1","31.6","0.0","10.2","7","290","21.9","-7.9","19.0","1016.76","4.04812","869.6","866.5"
"40766","2019-10-05 00:00:00","1398-07-13 00:00:00","8.1","30.3","0.0","10.4","6","110","19.2","-6.9125","20.875","1015.52","3.92806","868.5","865.5"
"40766","2019-10-06 00:00:00","1398-07-14 00:00:00","10.1","29.9","0.0","9.5","10","290","20.0","-6.3125","18.75","1015.42","3.9019","868.0","865.6"
"40766","2019-10-07 00:00:00","1398-07-15 00:00:00","10.0","30.0","0.0","8.0","7","270","20.0","-1.925","22.75","1019.98","5.38827","873.6","867.7"
"40766","2019-10-08 00:00:00","1398-07-16 00:00:00","11.9","29.6","0.0","7.5","5","300","20.8","0.525","26.5","1024.76","6.35706","876.9","873.4"
"40766","2019-10-09 00:00:00","1398-07-17 00:00:00","9.8","30.5","0.0","10.0","7","290","20.1","0.1375","27.625","1024.4","6.19355","876.9","872.7"
"40766","2019-10-10 00:00:00","1398-07-18 00:00:00","10.6","31.7","0.0","10.0","5","100","21.2","-5.125","20.375","1022.36","4.28631","874.9","871.4"
"40766","2019-10-11 00:00:00","1398-07-19 00:00:00","10.3","32.1","0.0","9.9","5","290","21.2","-7.875","15.875","1020.87","3.46627","873.5","870.0"
"40766","2019-10-12 00:00:00","1398-07-20 00:00:00","","30.9","0.0","7.8","10","280","","-3.07143","20.8571","1020.41","5.40689","872.3","869.5"
"40766","2019-10-13 00:00:00","1398-07-21 00:00:00","12.3","28.0","0.0","8.8","4","110","20.1","2.7375","32.5","1023.34","7.45086","875.5","872.0"
"40766","2019-10-14 00:00:00","1398-07-22 00:00:00","11.2","28.3","0.0","9.9","8","110","19.8","-0.7625","28.375","1025.29","5.99371","877.2","873.9"
"40766","2019-10-15 00:00:00","1398-07-23 00:00:00","11.5","28.9","0.0","9.9","6","110","20.2","-4.6875","22.125","1023.54","4.60388","875.9","872.3"
"40766","2019-10-16 00:00:00","1398-07-24 00:00:00","6.6","28.9","0.0","9.6","6","290","17.8","-9.6","15.625","1023.03","3.00577","874.8","872.2"
"40766","2019-10-17 00:00:00","1398-07-25 00:00:00","8.1","28.2","0.0","9.4","6","280","18.2","-7.775","17.5","1023.86","3.45287","876.0","873.0"
"40766","2019-10-18 00:00:00","1398-07-26 00:00:00","11.6","28.3","0.0","8.1","7","290","20.0","-3.9875","20.875","1021.69","4.56258","873.6","870.7"
"40766","2019-10-19 00:00:00","1398-07-27 00:00:00","8.7","28.1","0.0","9.0","6","310","18.4","-1.8125","25.75","1021.72","5.47707","873.8","870.9"
"40766","2019-10-20 00:00:00","1398-07-28 00:00:00","14.3","25.2","1.02","5.2","8","210","19.8","7.65","57.25","1022.49","10.5389","874.0","871.8"
"40766","2019-10-21 00:00:00","1398-07-29 00:00:00","7.9","22.1","0.7","4.6","7","200","15.0","7.4","64.75","1022.36","10.4149","874.3","870.7"
"40766","2019-10-22 00:00:00","1398-07-30 00:00:00","11.6","22.9","13.3","1.7","10","100","17.3","9.7875","69.375","1018.99","12.1421","871.1","868.6"
"40766","2019-10-23 00:00:00","1398-08-01 00:00:00","10.1","25.4","0.0","5.2","9","240","17.8","7.15","57.625","1019.59","10.2706","871.6","869.5"
"40766","2019-10-24 00:00:00","1398-08-02 00:00:00","9.3","19.4","3.0","1.2","7","280","14.4","9.325","78.25","1021.05","11.8162","872.7","870.8"
"40766","2019-10-25 00:00:00","1398-08-03 00:00:00","10.9","21.7","26.0","2.0","6","70","16.3","10.2625","78.125","1019.7","12.5167","871.9","868.9"
"40766","2019-10-26 00:00:00","1398-08-04 00:00:00","9.0","20.5","9.0","9.3","9","290","14.8","8.4375","72.375","1019.69","11.1116","872.5","869.4"
"40766","2019-10-27 00:00:00","1398-08-05 00:00:00","10.8","17.8","2.4","0.9","6","300","14.3","9.425","81.25","1018.78","11.8299","870.5","869.0"
"40766","2019-10-28 00:00:00","1398-08-06 00:00:00","8.9","17.4","0.21","2.1","4","140","13.1","8.9","81.5","1018.55","11.4018","870.6","868.9"
"40766","2019-10-29 00:00:00","1398-08-07 00:00:00","6.0","20.1","0.0","5.4","4","160","13.1","8.3375","78.625","1018.79","11.0346","871.0","869.1"
"40766","2019-10-30 00:00:00","1398-08-08 00:00:00","9.4","15.8","11.91","5.0","7","280","12.6","8.0","81.25","1019.5","10.7668","872.7","869.3"
"40766","2019-10-31 00:00:00","1398-08-09 00:00:00","5.4","19.5","0.0","9.4","7","140","12.4","5.6","71.625","1018.59","9.14686","870.9","868.3"
"40766","2019-11-01 00:00:00","1398-08-10 00:00:00","4.5","20.3","0.0","9.3","4","230","12.4","3.6125","63.625","1018.12","7.99574","870.5","868.1"
"40766","2019-11-02 00:00:00","1398-08-11 00:00:00","5.0","20.2","0.0","7.8","6","300","12.6","4.5","62.375","1019.49","8.55159","871.9","869.0"
"40766","2019-11-03 00:00:00","1398-08-12 00:00:00","7.2","19.8","0.0","8.5","6","280","13.5","5.1875","62.25","1023.03","8.87891","874.6","872.5"
"40766","2019-11-04 00:00:00","1398-08-13 00:00:00","5.3","20.3","0.0","6.9","5","260","12.8","3.25","61.0","1023.91","7.80554","875.5","873.3"
"40766","2019-11-05 00:00:00","1398-08-14 00:00:00","4.6","21.4","0.0","9.5","4","100","13.0","2.1875","58.5","1023.32","7.24664","876.4","872.2"
"40766","2019-11-06 00:00:00","1398-08-15 00:00:00","3.1","21.5","0.0","9.5","3","260","12.3","0.325","55.375","1020.99","6.42668","873.1","870.7"
"40766","2019-11-07 00:00:00","1398-08-16 00:00:00","2.1","20.9","0.0","9.7","4","100","11.5","-1.575","50.0","1021.15","5.592","873.4","870.6"
"40766","2019-11-08 00:00:00","1398-08-17 00:00:00","2.0","19.6","0.0","8.5","5","170","10.8","-4.475","40.875","1022.19","4.53435","874.0","871.6"
"40766","2019-11-09 00:00:00","1398-08-18 00:00:00","3.3","19.1","0.0","9.7","7","100","11.2","-8.0375","27.375","1023.49","3.39083","875.6","872.8"
"40766","2019-11-10 00:00:00","1398-08-19 00:00:00","5.2","19.6","0.0","10.0","8","110","12.4","-6.15","22.75","1024.69","2.74545","876.8","873.9"
"40766","2019-11-11 00:00:00","1398-08-20 00:00:00","1.4","19.5","0.0","9.5","5","120","10.4","-9.525","30.0","1024.56","3.07767","877.1","873.3"
"40766","2019-11-12 00:00:00","1398-08-21 00:00:00","-0.4","19.0","0.0","9.4","2","60","9.3","-7.575","37.875","1023.71","3.52156","875.9","873.0"
"40766","2019-11-13 00:00:00","1398-08-22 00:00:00","-2.3","18.6","0.0","9.8","3","260","8.2","-7.4875","40.125","1023.01","3.54101","875.1","872.4"
"40766","2019-11-14 00:00:00","1398-08-23 00:00:00","-1.3","18.4","0.0","8.0","6","290","8.6","-4.5","39.375","1022.91","4.54536","875.5","871.8"
"40766","2019-11-15 00:00:00","1398-08-24 00:00:00","2.0","16.4","0.0","8.7","3","90","9.2","-7.3","36.375","1022.32","3.83123","874.9","871.5"
"40766","2019-11-16 00:00:00","1398-08-25 00:00:00","-0.4","11.7","0.0","9.8","5","80","5.7","-11.9375","28.25","1022.9","2.54896","874.4","872.2"
"40766","2019-11-17 00:00:00","1398-08-26 00:00:00","0.7","9.9","0.0","7.2","7","100","5.3","-11.525","31.125","1023.42","2.55713","875.8","872.4"
"40766","2019-11-18 00:00:00","1398-08-27 00:00:00","-2.2","10.0","0.0","8.0","5","130","3.9","-6.4375","51.375","1020.84","3.78635","872.6","870.1"
"40766","2019-11-19 00:00:00","1398-08-28 00:00:00","-4.3","9.5","0.0","5.8","5","180","2.6","-6.0","56.625","1020.25","3.91943","872.8","869.4"
"40766","2019-11-20 00:00:00","1398-08-29 00:00:00","-4.2","11.0","0.0","5.4","6","360","3.4","-5.5125","54.5","1019.47","4.06903","871.5","869.6"
"40766","2019-11-21 00:00:00","1398-08-30 00:00:00","-4.6","13.5","0.0","9.3","4","110","4.4","-6.65714","53.5714","1021.37","3.74644","873.2","870.8"
"40766","2019-11-22 00:00:00","1398-09-01 00:00:00","-5.0","14.7","0.0","8.3","6","160","4.8","-9.0625","41.5","1022.91","3.16741","874.8","872.0"
"40766","2019-11-23 00:00:00","1398-09-02 00:00:00","-0.3","15.0","0.0","5.8","3","150","7.3","-10.05","35.875","1022.76","2.93625","874.6","872.3"
"40766","2019-11-24 00:00:00","1398-09-03 00:00:00","-2.7","12.3","0.0","1.7","5","110","4.8","-4.225","54.25","1023.25","4.56292","875.1","872.5"
"40766","2019-11-25 00:00:00","1398-09-04 00:00:00","1.4","13.7","0.0","3.5","6","110","7.5","-3.7","49.875","1022.36","4.66479","874.5","871.4"
"40766","2019-11-26 00:00:00","1398-09-05 00:00:00","2.6","15.4","0.0","3.0","3","140","9.0","-2.2875","49.875","1023.01","5.17223","874.7","872.3"
"40766","2019-11-27 00:00:00","1398-09-06 00:00:00","-0.7","17.5","0.0","4.4","5","270","8.4","-0.8625","54.5","1022.43","5.82042","874.4","871.5"
"40766","2019-11-28 00:00:00","1398-09-07 00:00:00","6.6","11.8","6.01","0.0","5","300","9.2","5.3875","82.625","1022.46","9.01376","875.2","872.2"
"40766","2019-11-29 00:00:00","1398-09-08 00:00:00","2.0","15.6","0.0","3.6","3","300","8.8","4.1875","79.5","1022.83","8.27476","874.6","872.4"
"40766","2019-11-30 00:00:00","1398-09-09 00:00:00","3.0","14.4","0.0","3.0","4","320","8.7","3.2","71.25","1022.98","7.70306","875.0","872.4"
"40766","2019-12-01 00:00:00","1398-09-10 00:00:00","0.0","17.1","0.0","6.8","3","200","8.6","0.8375","64.625","1021.06","6.57087","873.8","870.4"
"40766","2019-12-02 00:00:00","1398-09-11 00:00:00","6.8","10.0","31.6","0.0","7","100","8.4","4.4875","80.75","1017.94","8.4364","870.3","867.9"
"40766","2019-12-03 00:00:00","1398-09-12 00:00:00","4.0","8.4","26.0","0.0","5","140","6.2","4.725","90.125","1017.13","8.56675","869.5","867.3"
"40766","2019-12-04 00:00:00","1398-09-13 00:00:00","3.6","12.9","0.0","2.2","3","90","8.3","3.4375","76.75","1020.24","7.877","871.9","870.0"
"40766","2019-12-05 00:00:00","1398-09-14 00:00:00","0.4","13.7","0.0","7.6","6","90","7.0","1.0","73.625","1021.95","6.6001","874.4","871.2"
"40766","2019-12-06 00:00:00","1398-09-15 00:00:00","0.2","12.6","0.3","0.0","7","280","6.4","0.825","76.5714","1021.33","6.82548","874.0","870.5"
"40766","2019-12-07 00:00:00","1398-09-16 00:00:00","","10.2","27.01","0.0","8","110","","2.375","85.375","1017.21","7.27757","868.9","867.8"
"40766","2019-12-08 00:00:00","1398-09-17 00:00:00","","5.2","9.6","0.0","4","320","","1.4625","89.375","1015.68","6.79276","869.0","865.2"
"40766","2019-12-09 00:00:00","1398-09-18 00:00:00","0.8","8.7","0.0","2.2","4","210","4.8","-0.75","73.75","1019.81","5.81695","871.6","869.0"
"40766","2019-12-10 00:00:00","1398-09-19 00:00:00","-2.3","10.2","0.0","2.0","4","330","3.9","-0.8875","73.375","1020.06","5.77139","872.6","869.6"
"40766","2019-12-11 00:00:00","1398-09-20 00:00:00","3.8","11.2","2.0","5.7","5","300","7.5","0.75","74.0","1019.23","6.49003","871.1","869.1"
"40766","2019-12-12 00:00:00","1398-09-21 00:00:00","-2.4","11.5","0.0","6.6","3","140","4.6","-0.3875","71.5","1018.04","5.95674","871.2","866.9"
"40766","2019-12-13 00:00:00","1398-09-22 00:00:00","","8.3","2.7","0.0","3","100","","2.9375","82.625","1016.67","7.55912","870.0","866.6"
"40766","2019-12-14 00:00:00","1398-09-23 00:00:00","-1.1","12.6","0.0","5.7","3","270","5.8","2.825","81.75","1020.77","7.53913","872.0","870.4"
"40766","2019-12-15 00:00:00","1398-09-24 00:00:00","-0.7","13.4","0.0","8.5","4","150","6.3","0.9375","77.75","1020.7","6.57365","872.7","870.4"
"40766","2019-12-16 00:00:00","1398-09-25 00:00:00","-0.4","10.2","0.0","1.0","8","90","4.9","0.2","72.25","1019.0","6.21396","872.4","867.3"
"40766","2019-12-17 00:00:00","1398-09-26 00:00:00","","","7.02","0.0","6","100","","2.6625","87.125","1020.58","7.40889","874.6","868.0"
"40766","2019-12-18 00:00:00","1398-09-27 00:00:00","-0.9","11.3","0.0","8.6","7","110","5.2","-0.6625","70.25","1027.08","5.85927","879.0","875.0"
"40766","2019-12-19 00:00:00","1398-09-28 00:00:00","-1.0","11.2","0.0","9.4","4","110","5.1","-1.9625","68.625","1029.41","5.2934","880.7","878.2"
"40766","2019-12-20 00:00:00","1398-09-29 00:00:00","-3.0","12.5","0.0","8.5","4","110","4.8","-2.25","68.25","1027.1","5.18982","878.6","875.8"
"40766","2019-12-21 00:00:00","1398-09-30 00:00:00","-2.7","13.8","0.0","8.3","2","100","5.6","-2.0125","67.75","1025.87","5.29224","877.6","874.6"
"40766","2019-12-22 00:00:00","1398-10-01 00:00:00","-2.8","14.0","0.0","7.8","3","270","5.6","-2.2625","65.875","1024.32","5.20052","876.2","873.0"
"40766","2019-12-23 00:00:00","1398-10-02 00:00:00","-3.1","14.9","0.0","8.1","3","290","5.9","-4.1625","60.875","1022.73","4.60763","875.2","871.9"
"40766","2019-12-24 00:00:00","1398-10-03 00:00:00","-3.8","16.5","0.0","8.3","5","170","6.3","-3.7875","49.875","1022.26","3.45568","874.1","872.0"
"40766","2019-12-25 00:00:00","1398-10-04 00:00:00","-4.7","16.9","0.0","8.9","8","100","6.1","-5.7625","26.375","1020.4","2.03161","873.3","868.4"
"40766","2019-12-26 00:00:00","1398-10-05 00:00:00","5.4","10.5","11.0","0.0","10","150","7.9","0.1375","71.0","1017.16","6.60157","870.4","866.6"
"40766","2019-12-27 00:00:00","1398-10-06 00:00:00","","12.8","0.21","1.3","8","180","","0.575","60.375","1014.77","6.3718","867.8","864.2"
"40766","2019-12-28 00:00:00","1398-10-07 00:00:00","0.2","11.4","0.1","6.0","5","190","5.8","-1.325","68.125","1017.75","5.58106","870.9","866.6"
"40766","2019-12-29 00:00:00","1398-10-08 00:00:00","-2.5","11.1","0.0","6.1","3","100","4.3","-2.4375","72.875","1021.66","5.14961","873.9","871.3"
"40766","2019-12-30 00:00:00","1398-10-09 00:00:00","-2.6","","0.0","0.5","5","120","","-1.7625","71.375","1021.43","5.3936","874.2","870.3"
"40766","2019-12-31 00:00:00","1398-10-10 00:00:00","-1.8","13.1","0.0","4.9","6","230","5.7","-0.425","68.125","1017.28","5.94986","869.9","867.0"
"40766","2020-01-01 00:00:00","1398-10-11 00:00:00","","12.3","0.0","7.5","7","300","","-2.7","65.5","1015.93","5.04848","869.0","865.1"
"40766","2020-01-02 00:00:00","1398-10-12 00:00:00","-3.1","11.2","0.0","7.0","5","210","4.1","-3.0","66.875","1019.13","4.92594","871.2","868.8"
"40766","2020-01-03 00:00:00","1398-10-13 00:00:00","","12.2","0.0","2.1","5","180","","-3.1375","55.25","1019.36","4.91477","871.9","868.8"
"40766","2020-01-04 00:00:00","1398-10-14 00:00:00","-0.2","12.6","0.0","1.7","8","260","6.2","-1.225","65.875","1013.79","5.6037","868.0","863.4"
"40766","2020-01-05 00:00:00","1398-10-15 00:00:00","-0.4","8.1","0.0","4.9","4","310","3.9","-4.7625","57.5","1014.94","4.33437","868.7","865.1"
"40766","2020-01-06 00:00:00","1398-10-16 00:00:00","","10.1","0.01","7.2","5","280","","-4.175","60.5","1021.24","4.52359","873.9","869.1"
"40766","2020-01-07 00:00:00","1398-10-17 00:00:00","-5.8","11.7","0.0","6.0","4","110","2.9","-7.4875","57.75","1022.73","3.58379","875.8","871.4"
"40766","2020-01-08 00:00:00","1398-10-18 00:00:00","-6.4","12.7","0.2","4.0","12","160","3.1","-6.3125","57.125","1015.79","4.09781","870.3","864.5"
"40766","2020-01-09 00:00:00","1398-10-19 00:00:00","0.5","9.0","6.0","7.0","5","290","4.8","-1.8375","70.125","1014.43","5.37664","867.6","865.2"
"40766","2020-01-10 00:00:00","1398-10-20 00:00:00","-1.2","9.1","0.01","1.7","5","10","4.0","-2.275","75.25","1013.18","5.18561","865.6","863.4"
"40766","2020-01-11 00:00:00","1398-10-21 00:00:00","-2.9","8.3","0.0","7.0","5","360","2.7","-5.5125","61.875","1014.97","4.1343","869.7","864.8"
"40766","2020-01-12 00:00:00","1398-10-22 00:00:00","-6.5","8.4","0.0","6.2","5","110","0.9","-7.5375","57.125","1019.42","3.50401","872.1","869.4"
"40766","2020-01-13 00:00:00","1398-10-23 00:00:00","-2.8","8.2","0.0","1.0","6","190","2.7","-6.1625","52.5","1016.69","3.88008","869.1","866.9"
"40766","2020-01-14 00:00:00","1398-10-24 00:00:00","0.0","8.7","0.0","8.3","6","110","4.3","-5.475","58.625","1022.68","4.17535","875.8","869.1"
"40766","2020-01-15 00:00:00","1398-10-25 00:00:00","-4.3","10.3","0.0","5.0","4","70","3.0","-6.0375","55.0","1025.17","3.94313","876.5","873.9"
"40766","2020-01-16 00:00:00","1398-10-26 00:00:00","1.1","12.5","0.0","3.5","5","120","6.8","-6.8375","43.125","1024.67","3.8868","876.4","873.2"
"40766","2020-01-17 00:00:00","1398-10-27 00:00:00","2.8","14.5","0.1","1.5","7","110","8.6","-8.8125","39.375","1020.35","3.93206","874.4","868.2"
"40766","2020-01-18 00:00:00","1398-10-28 00:00:00","5.2","9.6","0.0","0.0","10","160","7.4","0.0125","62.75","1015.39","6.23292","868.5","865.4"
"40766","2020-01-19 00:00:00","1398-10-29 00:00:00","3.8","8.3","1.3","0.2","5","350","6.1","1.475","79.5","1018.01","6.81181","871.8","866.9"
"40766","2020-01-20 00:00:00","1398-10-30 00:00:00","-0.8","9.3","0.2","7.4","4","10","4.3","-0.275","75.75","1021.29","6.0231","873.6","870.6"
"40766","2020-01-21 00:00:00","1398-11-01 00:00:00","1.2","9.1","3.6","4.1","10","90","5.2","0.7875","81.125","1017.2","6.47904","870.0","866.8"
"40766","2020-01-22 00:00:00","1398-11-02 00:00:00","1.1","4.4","8.0","0.0","7","150","2.8","-0.3125","84.375","1013.66","5.99041","866.7","863.5"
"40766","2020-01-23 00:00:00","1398-11-03 00:00:00","","4.1","0.53","0.5","6","230","","-2.1625","76.375","1016.46","5.22597","869.6","865.4"
"40766","2020-01-24 00:00:00","1398-11-04 00:00:00","0.2","5.8","0.01","0.5","5","70","3.0","-4.25","59.625","1017.09","4.46632","869.5","867.1"
"40766","2020-01-25 00:00:00","1398-11-05 00:00:00","0.2","8.2","1.0","3.6","6","120","4.2","-3.95","66.875","1020.64","4.61889","873.4","869.4"
"40766","2020-01-26 00:00:00","1398-11-06 00:00:00","-6.0","7.8","0.0","7.8","4","120","0.9","-5.425","67.875","1022.54","4.09526","873.8","872.1"
"40766","2020-01-27 00:00:00","1398-11-07 00:00:00","-5.3","10.1","0.0","7.6","4","130","2.4","-5.9875","60.75","1023.55","3.93337","875.3","872.9"
"40766","2020-01-28 00:00:00","1398-11-08 00:00:00","-4.7","11.7","0.0","8.7","5","110","3.5","-7.325","52.25","1022.36","3.5745","875.2","871.0"
"40766","2020-01-29 00:00:00","1398-11-09 00:00:00","-0.5","12.7","0.0","3.6","6","200","6.1","-7.8375","40.5","1018.68","3.47214","871.4","867.5"
"40766","2020-01-30 00:00:00","1398-11-10 00:00:00","3.0","11.7","0.0","9.0","5","280","7.3","-5.9625","44.5","1021.53","3.95783","873.8","871.2"
"40766","2020-01-31 00:00:00","1398-11-11 00:00:00","-4.7","12.7","0.0","4.6","7","110","4.0","-7.1375","47.375","1016.84","3.62246","871.1","864.1"
"40766","2020-02-01 00:00:00","1398-11-12 00:00:00","-1.2","5.3","4.0","4.9","9","300","2.1","-6.72857","57.0","1013.8","3.76004","868.0","862.7"
"40766","2020-02-02 00:00:00","1398-11-13 00:00:00","-3.9","5.0","0.0","6.4","5","290","0.5","-7.7875","52.875","1020.43","3.41894","873.1","869.3"
"40766","2020-02-03 00:00:00","1398-11-14 00:00:00","-5.9","8.1","0.0","8.5","4","280","1.1","-6.55","62.25","1022.26","3.78107","874.9","871.5"
"40766","2020-02-04 00:00:00","1398-11-15 00:00:00","-5.0","10.0","0.0","4.3","6","300","2.5","-3.45","63.125","1019.0","4.76501","871.0","868.2"
"40766","2020-02-05 00:00:00","1398-11-16 00:00:00","1.6","12.7","0.0","8.0","4","330","7.2","-2.8875","54.125","1022.2","4.95762","874.6","870.4"
"40766","2020-02-06 00:00:00","1398-11-17 00:00:00","-3.6","16.7","0.0","9.5","5","180","6.6","-5.875","51.0","1023.37","4.02831","876.4","872.4"
"40766","2020-02-07 00:00:00","1398-11-18 00:00:00","0.7","17.8","0.0","7.2","14","160","9.3","-1.925","44.0","1018.15","5.31194","872.0","867.2"
"40766","2020-02-08 00:00:00","1398-11-19 00:00:00","8.2","14.6","1.0","4.1","10","190","11.4","-3.0","44.875","1013.69","5.02797","866.5","864.1"
"40766","2020-02-09 00:00:00","1398-11-20 00:00:00","3.0","5.1","0.01","0.6","10","260","4.1","-7.5","49.375","1016.39","3.55879","868.8","865.4"
"40766","2020-02-10 00:00:00","1398-11-21 00:00:00","-2.7","1.3","0.11","0.5","8","280","-0.7","-11.925","51.75","1014.7","2.66648","867.0","864.6"
"40766","2020-02-11 00:00:00","1398-11-22 00:00:00","-9.5","-2.9","0.0","3.8","6","250","-6.2","-17.925","42.5","1017.01","1.51303","871.6","866.4"
"40766","2020-02-12 00:00:00","1398-11-23 00:00:00","-12.4","3.2","0.0","9.4","7","260","-4.6","-17.7375","34.0","1023.84","1.53897","876.4","872.2"
"40766","2020-02-13 00:00:00","1398-11-24 00:00:00","-1.3","6.2","0.0","0.1","3","350","2.4","-7.725","46.125","1026.29","3.49125","878.1","875.4"
"40766","2020-02-14 00:00:00","1398-11-25 00:00:00","-1.8","13.2","0.0","8.3","8","290","5.7","-6.0375","48.875","1024.75","3.95264","876.2","873.9"
"40766","2020-02-15 00:00:00","1398-11-26 00:00:00","-3.1","14.2","0.0","4.2","6","110","5.6","-8.4625","41.0","1024.45","3.2799","877.1","873.0"
"40766","2020-02-16 00:00:00","1398-11-27 00:00:00","-1.0","16.6","0.01","3.0","10","140","7.8","-8.025","41.875","1020.74","3.89896","873.4","869.2"
"40766","2020-02-17 00:00:00","1398-11-28 00:00:00","6.2","12.5","5.0","0.5","7","100","9.4","0.7375","57.625","1020.48","6.57389","873.6","869.4"
"40766","2020-02-18 00:00:00","1398-11-29 00:00:00","2.9","18.5","0.0","8.0","6","100","10.7","-0.6375","51.625","1023.78","5.95193","876.2","872.6"
"40766","2020-02-19 00:00:00","1398-11-30 00:00:00","7.0","14.9","0.0","0.1","8","130","10.9","3.9125","62.625","1016.87","8.25332","873.0","864.0"
"40766","2020-02-20 00:00:00","1398-12-01 00:00:00","3.8","7.8","21.0","0.0","15","140","5.8","3.6875","88.0","1013.96","7.97725","868.0","864.0"
"40766","2020-02-21 00:00:00","1398-12-02 00:00:00","5.3","14.5","0.0","6.5","6","230","9.9","2.725","69.75","1018.69","7.4984","871.0","868.4"
"40766","2020-02-22 00:00:00","1398-12-03 00:00:00","0.3","16.2","0.0","9.8","8","180","8.3","-0.6","57.875","1020.06","5.89925","872.4","869.7"
"40766","2020-02-23 00:00:00","1398-12-04 00:00:00","6.3","17.5","0.0","5.0","8","160","11.9","-1.4625","43.0","1021.76","5.50141","873.2","871.4"
"40766","2020-02-24 00:00:00","1398-12-05 00:00:00","3.3","16.4","7.01","0.0","8","100","9.8","3.2125","62.5","1019.02","7.90185","872.0","867.5"
"40766","2020-02-25 00:00:00","1398-12-06 00:00:00","9.7","11.8","3.0","0.0","8","120","10.8","7.0125","88.625","1011.2","10.0748","865.8","860.6"
"40766","2020-02-26 00:00:00","1398-12-07 00:00:00","4.6","12.8","0.0","4.0","12","160","8.7","2.2125","71.5","1013.22","7.18272","871.7","857.5"
"40766","2020-02-27 00:00:00","1398-12-08 00:00:00","0.7","14.2","0.0","10.0","4","120","7.4","0.65","67.125","1022.29","6.40239","875.2","871.8"
"40766","2020-02-28 00:00:00","1398-12-09 00:00:00","-0.8","18.4","0.0","7.4","4","150","8.8","-0.425","60.5","1018.83","6.0039","872.5","868.0"
"40766","2020-02-29 00:00:00","1398-12-10 00:00:00","0.0","18.7","0.0","10.0","5","200","9.4","-3.05","46.75","1014.74","5.06051","867.8","864.4"
"40766","2020-03-01 00:00:00","1398-12-11 00:00:00","4.9","19.0","12.0","7.8","12","230","11.9","-1.6","48.125","1011.36","5.59681","865.1","860.1"
"40766","2020-03-02 00:00:00","1398-12-12 00:00:00","4.5","10.2","6.3","2.5","9","250","7.3","1.025","72.5","1017.1","6.58585","871.0","865.2"
"40766","2020-03-03 00:00:00","1398-12-13 00:00:00","1.2","12.4","0.0","9.2","6","280","6.8","-0.2875","67.75","1020.78","6.01663","872.4","870.7"
"40766","2020-03-04 00:00:00","1398-12-14 00:00:00","-0.7","15.5","0.0","9.9","3","120","7.4","-1.475","57.0","1020.89","5.49846","873.2","869.8"
"40766","2020-03-05 00:00:00","1398-12-15 00:00:00","0.2","18.8","0.0","10.5","6","120","9.5","-2.6125","51.25","1020.57","5.15444","873.6","870.0"
"40766","2020-03-06 00:00:00","1398-12-16 00:00:00","-0.2","20.5","0.0","10.5","5","140","10.1","-4.0625","43.0","1017.92","4.60963","870.9","867.3"
"40766","2020-03-07 00:00:00","1398-12-17 00:00:00","","16.4","0.0","0.3","13","140","","-3.0125","34.0","1014.67","4.96246","867.2","865.0"
"40766","2020-03-08 00:00:00","1398-12-18 00:00:00","5.4","16.6","0.0","0.3","9","90","11.0","-1.3","46.5","1018.71","5.65049","871.2","867.4"
"40766","2020-03-09 00:00:00","1398-12-19 00:00:00","2.1","17.9","0.0","10.0","8","120","10.0","-10.9125","25.5","1021.85","2.82588","873.9","871.2"
"40766","2020-03-10 00:00:00","1398-12-20 00:00:00","-1.0","18.7","0.0","10.6","4","130","8.9","-13.8","25.125","1022.63","2.34684","875.5","871.5"
"40766","2020-03-11 00:00:00","1398-12-21 00:00:00","0.1","20.3","0.0","9.3","4","300","10.2","-6.375","34.625","1022.13","3.86382","874.2","871.0"
"40766","2020-03-12 00:00:00","1398-12-22 00:00:00","1.6","21.6","0.0","8.5","5","120","11.6","-5.125","36.25","1021.95","4.31434","874.0","871.5"
"40766","2020-03-13 00:00:00","1398-12-23 00:00:00","6.2","20.1","0.0","0.5","6","120","13.1","-2.1","36.25","1019.8","5.37227","873.6","868.7"
"40766","2020-03-14 00:00:00","1398-12-24 00:00:00","11.2","14.2","4.01","1.0","14","90","12.7","1.9625","59.75","1016.02","7.30728","870.5","865.0"
"40766","2020-03-15 00:00:00","1398-12-25 00:00:00","7.6","14.7","0.0","0.2","5","110","11.1","5.3625","75.125","1016.39","8.9496","869.5","865.9"
"40766","2020-03-16 00:00:00","1398-12-26 00:00:00","6.6","17.7","0.0","6.0","5","180","12.2","4.5","64.25","1018.86","8.43232","870.8","869.2"
"40766","2020-03-17 00:00:00","1398-12-27 00:00:00","6.9","19.7","0.0","7.5","9","90","13.3","2.925","50.75","1017.88","7.55086","870.5","866.9"
"40766","2020-03-18 00:00:00","1398-12-28 00:00:00","12.6","14.3","29.0","0.0","9","100","13.5","4.6625","68.125","1014.77","8.55443","868.0","865.4"
"40766","2020-03-19 00:00:00","1398-12-29 00:00:00","7.3","17.1","0.0","10.2","7","190","12.2","0.35","50.625","1014.66","6.43275","866.9","865.2"
"40766","2020-03-20 00:00:00","1399-01-01 00:00:00","1.2","","0.0","9.6","5","100","","-4.825","40.375","1015.04","4.45271","868.5","865.0"
"40766","2020-03-21 00:00:00","1399-01-02 00:00:00","5.8","14.9","12.0","3.8","10","180","10.4","2.97778","65.1111","1011.09","7.5762","865.6","860.6"
"40766","2020-03-22 00:00:00","1399-01-03 00:00:00","5.8","10.2","5.7","0.0","9","80","8.0","2.125","78.25","1009.18","7.1205","862.6","860.5"
"40766","2020-03-23 00:00:00","1399-01-04 00:00:00","2.3","14.5","0.0","6.6","7","290","8.4","1.0375","62.625","1012.78","6.59906","866.5","861.4"
"40766","2020-03-24 00:00:00","1399-01-05 00:00:00","1.6","16.5","0.0","10.7","4","270","9.1","0.8875","60.0","1015.04","6.55661","867.8","865.2"
"40766","2020-03-25 00:00:00","1399-01-06 00:00:00","2.0","18.2","0.0","7.5","7","280","10.1","0.5625","55.125","1015.72","6.41696","868.2","866.5"
"40766","2020-03-26 00:00:00","1399-01-07 00:00:00","5.1","16.7","10.1","5.5","7","120","10.9","4.0","68.875","1017.48","8.164","869.7","867.0"
"40766","2020-03-27 00:00:00","1399-01-08 00:00:00","4.1","17.1","6.0","8.0","6","360","10.6","3.7875","67.25","1018.81","8.08958","871.6","868.7"
"40766","2020-03-28 00:00:00","1399-01-09 00:00:00","","13.0","1.11","0.0","6","100","","5.875","73.5","1013.89","9.29055","867.4","863.6"
"40766","2020-03-29 00:00:00","1399-01-10 00:00:00","7.5","15.8","0.2","5.4","7","300","11.6","2.525","60.625","1010.4","7.51717","863.8","860.9"
"40766","2020-03-30 00:00:00","1399-01-11 00:00:00","1.3","15.2","3.0","8.6","11","250","8.3","0.7125","63.5","1012.45","6.47829","867.1","862.0"
"40766","2020-03-31 00:00:00","1399-01-12 00:00:00","2.6","15.4","0.0","6.5","7","290","9.0","1.1375","58.5","1018.38","6.65723","870.7","866.9"
"40766","2020-04-01 00:00:00","1399-01-13 00:00:00","5.2","15.5","7.8","1.9","10","100","10.4","4.3875","62.625","1016.53","8.37563","870.5","865.7"
"40766","2020-04-02 00:00:00","1399-01-14 00:00:00","8.0","19.8","5.0","8.1","7","210","13.9","2.4875","47.5","1014.71","7.33829","867.6","865.3"
"40766","2020-04-03 00:00:00","1399-01-15 00:00:00","4.3","18.4","0.0","5.8","6","240","11.4","1.3125","53.625","1017.71","6.7873","870.8","867.4"
"40766","2020-04-04 00:00:00","1399-01-16 00:00:00","3.6","18.8","0.0","5.0","9","260","11.2","1.0875","52.0","1020.55","6.63745","873.3","870.0"
"40766","2020-04-05 00:00:00","1399-01-17 00:00:00","1.6","20.0","0.0","10.5","5","310","10.8","-0.7625","49.625","1023.08","5.96442","874.9","872.4"
"40766","2020-04-06 00:00:00","1399-01-18 00:00:00","4.7","22.1","0.01","4.3","7","100","13.4","1.15","45.625","1021.15","6.7879","874.2","869.6"
"40766","2020-04-07 00:00:00","1399-01-19 00:00:00","10.9","21.6","1.0","0.4","7","300","16.3","6.85","59.625","1017.37","9.97336","869.3","867.0"
"40766","2020-04-08 00:00:00","1399-01-20 00:00:00","8.3","21.0","2.51","3.5","8","320","14.6","6.9875","65.875","1016.91","10.0137","870.5","866.2"
"40766","2020-04-09 00:00:00","1399-01-21 00:00:00","7.6","16.9","21.0","0.5","35","230","12.3","7.875","82.125","1013.94","10.6577","868.8","863.0"
"40766","2020-04-10 00:00:00","1399-01-22 00:00:00","7.4","20.7","2.0","6.5","14","230","14.1","5.8125","67.75","1010.7","9.31682","863.5","861.4"
"40766","2020-04-11 00:00:00","1399-01-23 00:00:00","5.1","17.3","0.0","7.6","7","20","11.2","0.875","54.375","1013.65","6.57814","867.4","863.4"
"40766","2020-04-12 00:00:00","1399-01-24 00:00:00","2.3","16.6","0.3","6.3","7","270","9.4","2.325","60.0","1016.99","7.2667","869.1","867.3"
"40766","2020-04-13 00:00:00","1399-01-25 00:00:00","4.3","16.5","0.01","8.9","8","290","10.4","1.2","57.75","1018.38","6.72035","871.0","868.1"
"40766","2020-04-14 00:00:00","1399-01-26 00:00:00","2.0","18.6","0.0","11.2","4","140","10.3","0.55","54.125","1019.13","6.4103","871.2","868.7"
"40766","2020-04-15 00:00:00","1399-01-27 00:00:00","3.2","20.1","0.0","10.7","4","120","11.7","-1.3625","45.0","1018.44","5.67967","870.9","868.1"
"40766","2020-04-16 00:00:00","1399-01-28 00:00:00","4.4","20.5","0.0","9.8","6","280","12.4","-1.4375","41.625","1016.62","5.68105","869.7","865.7"
"40766","2020-04-17 00:00:00","1399-01-29 00:00:00","4.7","21.8","0.0","9.0","8","280","13.3","2.125","52.375","1016.67","7.17984","868.9","866.5"
"40766","2020-04-18 00:00:00","1399-01-30 00:00:00","5.0","20.7","0.0","3.0","7","90","12.9","3.8375","56.125","1017.48","8.06502","869.7","867.2"
"40766","2020-04-19 00:00:00","1399-01-31 00:00:00","3.9","22.8","0.0","10.2","7","280","13.3","3.7","53.875","1017.33","8.05302","869.3","867.3"
"40766","2020-04-20 00:00:00","1399-02-01 00:00:00","7.1","23.5","0.0","7.3","7","100","15.3","6.375","59.25","1017.54","9.64793","869.9","867.6"
"40766","2020-04-21 00:00:00","1399-02-02 00:00:00","7.1","23.8","0.0","9.0","5","290","15.4","4.025","49.625","1018.21","8.2754","870.7","868.4"
"40766","2020-04-22 00:00:00","1399-02-03 00:00:00","8.7","24.1","0.0","5.0","7","280","16.4","6.0","55.625","1016.76","9.3981","869.7","866.2"
"40766","2020-04-23 00:00:00","1399-02-04 00:00:00","10.7","21.1","30.0","3.8","7","160","15.9","9.1125","64.375","1013.63","11.6338","866.5","863.3"
"40766","2020-04-24 00:00:00","1399-02-05 00:00:00","14.2","24.7","0.0","9.0","10","210","19.5","4.1625","40.375","1013.02","8.50706","865.6","863.8"
"40766","2020-04-25 00:00:00","1399-02-06 00:00:00","15.4","24.7","0.9","0.0","10","160","20.0","3.7125","36.125","1009.5","8.05821","863.0","859.6"
"40766","2020-04-26 00:00:00","1399-02-07 00:00:00","13.7","21.8","0.0","9.2","10","270","17.8","2.0375","40.25","1009.5","7.14555","864.7","859.6"
"40766","2020-04-27 00:00:00","1399-02-08 00:00:00","6.9","19.9","0.0","7.9","6","290","13.4","2.7","51.625","1014.9","7.47114","867.6","864.8"
"40766","2020-04-28 00:00:00","1399-02-09 00:00:00","5.1","17.3","1.0","3.5","6","360","11.2","3.4125","57.875","1017.17","7.82208","869.3","867.4"
"40766","2020-04-29 00:00:00","1399-02-10 00:00:00","6.9","20.2","0.2","3.0","6","110","13.6","6.425","65.125","1016.43","9.67663","868.4","866.4"
"40766","2020-04-30 00:00:00","1399-02-11 00:00:00","7.1","21.8","0.1","9.6","8","270","14.4","5.6625","59.0","1015.74","9.17447","868.1","865.6"
"40766","2020-05-01 00:00:00","1399-02-12 00:00:00","6.1","24.2","0.0","9.8","6","360","15.2","2.325","48.875","1015.91","7.39742","868.9","865.0"
"40766","2020-05-02 00:00:00","1399-02-13 00:00:00","7.5","22.9","0.8","5.5","17","190","15.2","5.85","58.875","1014.03","9.36368","867.9","864.0"
"40766","2020-05-03 00:00:00","1399-02-14 00:00:00","6.9","24.5","0.0","10.0","8","240","15.7","2.0625","44.25","1015.32","7.21746","869.0","864.7"
"40766","2020-05-04 00:00:00","1399-02-15 00:00:00","5.5","26.6","0.0","9.0","6","280","16.0","0.8875","38.125","1019.22","6.6421","871.0","869.3"
"40766","2020-05-05 00:00:00","1399-02-16 00:00:00","11.9","27.0","0.0","1.9","10","140","19.5","1.15","28.875","1017.26","6.76645","870.5","865.9"
"40766","2020-05-06 00:00:00","1399-02-17 00:00:00","14.6","21.8","7.0","3.0","15","130","18.2","4.9875","48.5","1012.41","9.09326","867.3","862.0"
"40766","2020-05-07 00:00:00","1399-02-18 00:00:00","11.0","21.7","0.0","9.0","8","260","16.4","2.8375","44.75","1017.27","7.51807","870.7","866.7"
"40766","2020-05-08 00:00:00","1399-02-19 00:00:00","3.7","24.6","0.0","11.8","6","260","14.2","3.175","49.25","1019.25","7.75689","871.0","868.8"
"40766","2020-05-09 00:00:00","1399-02-20 00:00:00","6.2","28.2","0.0","10.2","7","110","17.2","2.875","39.875","1016.02","7.61583","869.5","865.0"
"40766","2020-05-10 00:00:00","1399-02-21 00:00:00","16.8","27.6","0.0","4.9","9","270","22.2","3.8875","35.75","1015.76","8.1177","869.4","865.2"
"40766","2020-05-11 00:00:00","1399-02-22 00:00:00","9.4","24.0","0.0","12.1","7","270","16.7","-0.175","34.75","1018.61","6.10617","870.5","868.4"
"40766","2020-05-12 00:00:00","1399-02-23 00:00:00","5.0","24.1","0.0","12.5","6","280","14.6","-1.0625","35.875","1018.34","5.74799","870.8","868.1"
"40766","2020-05-13 00:00:00","1399-02-24 00:00:00","4.5","26.6","0.0","12.2","6","270","15.6","-0.7625","36.375","1017.71","5.92802","870.6","867.3"
"40766","2020-05-14 00:00:00","1399-02-25 00:00:00","7.3","28.4","0.0","12.2","3","180","17.9","2.375","39.875","1016.89","7.34719","869.4","866.7"
"40766","2020-05-15 00:00:00","1399-02-26 00:00:00","10.3","29.8","0.0","12.0","5","120","20.0","2.95","36.625","1017.24","7.67201","869.8","867.1"
"40766","2020-05-16 00:00:00","1399-02-27 00:00:00","9.7","31.2","0.0","12.2","4","270","20.5","3.4","34.375","1018.21","7.90567","870.6","867.8"
"40766","2020-05-17 00:00:00","1399-02-28 00:00:00","11.4","32.4","0.0","12.0","4","110","21.9","3.55","36.5","1018.19","8.1622","870.9","867.5"
"40766","2020-05-18 00:00:00","1399-02-29 00:00:00","12.7","33.2","0.0","11.8","5","290","23.0","3.8625","34.0","1017.33","8.25235","870.1","866.6"
"40766","2020-05-19 00:00:00","1399-02-30 00:00:00","13.4","33.5","0.0","9.7","7","270","23.5","3.3875","32.25","1014.9","8.02829","868.2","864.5"
"40766","2020-05-20 00:00:00","1399-02-31 00:00:00","13.7","31.9","0.0","11.9","6","120","22.8","5.725","35.25","1014.46","9.30721","866.9","864.9"
"40766","2020-05-21 00:00:00","1399-03-01 00:00:00","15.7","33.0","0.0","11.5","4","330","24.4","5.9","33.25","1016.74","9.50579","869.3","866.6"
"40766","2020-05-22 00:00:00","1399-03-02 00:00:00","12.6","33.8","0.0","12.0","8","290","23.2","-1.925","24.875","1017.88","5.81701","870.2","868.1"
"40766","2020-05-23 00:00:00","1399-03-03 00:00:00","10.9","34.5","0.0","11.5","8","260","22.7","-3.025","21.25","1016.82","5.10495","869.5","866.4"
"40766","2020-05-24 00:00:00","1399-03-04 00:00:00","11.8","31.5","0.0","3.0","6","160","21.6","-1.15","23.25","1015.41","5.70784","867.8","865.8"
"40766","2020-05-25 00:00:00","1399-03-05 00:00:00","20.3","34.7","0.0","5.4","10","180","27.5","-4.525","13.25","1016.76","4.52695","870.6","865.2"
"40766","2020-05-26 00:00:00","1399-03-06 00:00:00","11.9","34.4","0.0","8.2","8","230","23.2","-3.15","22.5","1020.07","5.15208","872.1","869.9"
"40766","2020-05-27 00:00:00","1399-03-07 00:00:00","11.6","35.2","0.0","11.0","7","300","23.4","-4.775","20.375","1021.09","4.60759","873.1","870.8"
"40766","2020-05-28 00:00:00","1399-03-08 00:00:00","10.7","35.2","0.0","11.7","6","270","23.0","-5.075","21.0","1018.66","4.81145","871.6","867.6"
"40766","2020-05-29 00:00:00","1399-03-09 00:00:00","11.8","36.6","0.0","8.4","8","300","24.2","-1.775","19.5","1016.63","5.51565","869.5","866.4"
"40766","2020-05-30 00:00:00","1399-03-10 00:00:00","12.9","34.8","0.0","10.3","7","260","23.8","-8.9625","15.5","1017.1","3.67785","869.4","867.2"
"40766","2020-05-31 00:00:00","1399-03-11 00:00:00","10.1","33.7","0.0","12.5","7","300","21.9","-13.6375","13.5","1017.64","2.72485","869.7","867.5"
"40766","2020-06-01 00:00:00","1399-03-12 00:00:00","9.8","35.1","0.0","10.6","5","280","22.4","-7.775","14.375","1016.29","3.58611","869.4","866.2"
"40766","2020-06-02 00:00:00","1399-03-13 00:00:00","17.6","36.2","0.01","0.8","12","170","26.9","-3.4375","14.0","1013.89","4.78141","866.2","865.0"
"40766","2020-06-03 00:00:00","1399-03-14 00:00:00","14.7","35.0","0.0","12.0","9","240","24.9","-7.55","14.125","1015.08","3.85825","867.9","865.4"
"40766","2020-06-04 00:00:00","1399-03-15 00:00:00","14.9","34.8","0.0","12.4","8","280","24.8","-6.0375","16.25","1017.85","4.1896","870.3","867.8"
"40766","2020-06-05 00:00:00","1399-03-16 00:00:00","14.6","33.6","0.0","12.1","9","290","24.1","-7.575","14.75","1019.87","3.70735","871.9","869.8"
"40766","2020-06-06 00:00:00","1399-03-17 00:00:00","10.5","32.4","0.0","12.4","9","290","21.5","-5.075","17.75","1018.41","4.28129","871.4","867.6"
"40766","2020-06-07 00:00:00","1399-03-18 00:00:00","10.5","32.3","0.0","12.6","7","120","21.4","-6.575","14.875","1014.85","3.83954","868.6","864.4"
"40766","2020-06-08 00:00:00","1399-03-19 00:00:00","12.4","35.0","0.0","12.4","7","110","23.7","-3.0","18.5","1012.07","5.08757","865.1","862.3"
"40766","2020-06-09 00:00:00","1399-03-20 00:00:00","13.7","35.0","0.0","12.2","7","300","24.4","-7.725","13.625","1014.63","3.77446","867.0","864.4"
"40766","2020-06-10 00:00:00","1399-03-21 00:00:00","12.5","35.3","0.0","11.3","7","280","23.9","-3.875","16.875","1015.76","4.80264","868.6","865.7"
"40766","2020-06-11 00:00:00","1399-03-22 00:00:00","14.1","36.0","0.0","12.0","5","280","25.0","-5.1375","15.125","1013.97","4.41704","867.6","863.8"
"40766","2020-06-12 00:00:00","1399-03-23 00:00:00","15.1","33.6","0.0","12.4","7","300","24.3","-6.2125","15.25","1011.74","4.15052","864.4","862.7"
"40766","2020-06-13 00:00:00","1399-03-24 00:00:00","11.9","33.7","0.0","12.6","8","300","22.8","-7.4625","14.25","1011.87","3.67195","864.5","862.5"
"40766","2020-06-14 00:00:00","1399-03-25 00:00:00","16.0","32.0","0.0","12.4","8","280","24.0","-6.9875","12.625","1015.18","3.72284","868.1","864.8"
"40766","2020-06-15 00:00:00","1399-03-26 00:00:00","12.0","34.8","0.0","12.3","14","300","23.4","-4.45","16.25","1016.36","4.49251","869.5","865.7"
"40766","2020-06-16 00:00:00","1399-03-27 00:00:00","14.3","37.2","0.0","12.0","8","280","25.8","-4.61429","13.5714","1013.49","4.58485","867.2","863.4"
"40766","2020-06-17 00:00:00","1399-03-28 00:00:00","16.0","37.3","0.0","12.5","7","290","26.6","-5.8125","14.75","1010.42","4.30103","863.8","861.1"
"40766","2020-06-18 00:00:00","1399-03-29 00:00:00","12.4","37.6","0.0","12.5","6","290","25.0","-6.95","13.875","1009.24","3.94236","862.3","860.1"
"40766","2020-06-19 00:00:00","1399-03-30 00:00:00","13.9","36.2","0.0","12.3","7","310","25.0","-4.175","14.875","1009.62","4.57718","862.7","860.4"
"40766","2020-06-20 00:00:00","1399-03-31 00:00:00","14.5","32.9","0.0","12.5","9","260","23.7","-6.0375","14.625","1009.54","4.21951","862.6","861.0"
"40766","2020-06-21 00:00:00","1399-04-01 00:00:00","13.1","30.7","0.0","8.4","8","280","21.9","-0.175","22.5","1010.76","6.17839","864.2","861.9"
"40766","2020-06-22 00:00:00","1399-04-02 00:00:00","16.2","31.5","0.0","12.4","6","290","23.9","2.1125","25.625","1012.34","7.18992","865.2","863.0"
"40766","2020-06-23 00:00:00","1399-04-03 00:00:00","13.9","36.4","0.0","12.8","7","110","25.2","-4.025","17.5","1012.75","4.82501","865.6","863.2"
"40766","2020-06-24 00:00:00","1399-04-04 00:00:00","15.2","39.2","0.0","12.8","8","210","27.2","-5.675","13.25","1013.42","4.21677","865.9","864.0"
"40766","2020-06-25 00:00:00","1399-04-05 00:00:00","15.0","38.5","0.0","12.6","6","190","26.8","-7.85","13.0","1012.37","3.80702","865.5","862.9"
"40766","2020-06-26 00:00:00","1399-04-06 00:00:00","13.4","38.7","0.0","12.4","4","120","26.0","-7.9375","11.375","1011.49","3.52643","864.4","862.1"
"40766","2020-06-27 00:00:00","1399-04-07 00:00:00","16.3","36.6","0.0","12.0","8","290","26.4","-3.0125","15.0","1011.12","5.09958","864.6","861.4"
"40766","2020-06-28 00:00:00","1399-04-08 00:00:00","16.1","36.0","0.0","12.6","8","290","26.0","-7.7875","11.75","1010.15","3.66039","863.6","860.9"
"40766","2020-06-29 00:00:00","1399-04-09 00:00:00","15.5","35.6","0.0","12.4","6","240","25.5","-5.675","12.375","1007.45","4.12246","860.8","858.3"
"40766","2020-06-30 00:00:00","1399-04-10 00:00:00","15.3","36.0","0.0","12.0","6","260","25.6","-3.5125","14.25","1007.45","4.76935","861.0","858.6"
"40766","2020-07-01 00:00:00","1399-04-11 00:00:00","15.8","35.8","0.0","12.0","6","170","25.8","-2.6375","15.5","1008.46","5.15214","861.4","859.7"
"40766","2020-07-02 00:00:00","1399-04-12 00:00:00","16.6","35.6","0.0","9.8","4","170","26.1","-2.5625","15.0","1010.97","5.17496","863.9","861.9"
"40766","2020-07-03 00:00:00","1399-04-13 00:00:00","16.6","36.4","0.0","10.6","6","300","26.5","-2.025","15.375","1012.25","5.40217","865.5","862.8"
"40766","2020-07-04 00:00:00","1399-04-14 00:00:00","17.2","38.2","0.0","11.8","6","70","27.7","-1.75","15.625","1009.96","5.60325","864.5","859.6"
"40766","2020-07-05 00:00:00","1399-04-15 00:00:00","18.8","38.3","0.0","11.5","6","340","28.5","-1.4","14.375","1004.82","5.63766","859.4","855.4"
"40766","2020-07-06 00:00:00","1399-04-16 00:00:00","22.9","38.0","0.0","6.3","24","210","30.5","-3.0","13.0","1004.82","5.01637","858.6","856.4"
"40766","2020-07-07 00:00:00","1399-04-17 00:00:00","19.0","38.2","0.0","10.0","6","90","28.6","-1.1","15.375","1007.52","5.71071","861.4","858.6"
"40766","2020-07-08 00:00:00","1399-04-18 00:00:00","18.8","39.2","0.0","8.8","5","320","29.0","-2.9","13.5","1009.89","5.14577","862.7","861.0"
"40766","2020-07-09 00:00:00","1399-04-19 00:00:00","20.6","38.6","0.0","6.5","5","280","29.6","-1.0","14.0","1010.13","5.75296","863.2","860.7"
"40766","2020-07-10 00:00:00","1399-04-20 00:00:00","20.0","39.4","0.0","11.0","6","290","29.7","0.4875","15.625","1010.69","6.45685","864.1","861.0"
"40766","2020-07-11 00:00:00","1399-04-21 00:00:00","18.5","38.6","0.0","9.0","7","290","28.5","0.8875","17.25","1009.27","6.60136","863.2","859.4"
"40766","2020-07-12 00:00:00","1399-04-22 00:00:00","18.4","36.2","0.0","12.0","7","290","27.3","5.0","25.25","1007.14","8.94061","860.5","858.1"
"40766","2020-07-13 00:00:00","1399-04-23 00:00:00","18.2","36.4","0.0","11.7","9","270","27.3","-1.3","19.5","1007.19","6.38679","861.0","857.7"
"40766","2020-07-14 00:00:00","1399-04-24 00:00:00","18.5","36.5","0.0","11.0","8","270","27.5","-2.25","16.375","1010.9","5.58409","864.4","861.2"
"40766","2020-07-15 00:00:00","1399-04-25 00:00:00","17.0","36.6","0.0","12.5","7","360","26.8","-3.4","15.25","1011.73","5.0512","865.6","861.9"
"40766","2020-07-16 00:00:00","1399-04-26 00:00:00","18.8","37.7","0.0","12.1","10","360","28.3","3.2875","19.875","1009.17","7.79988","863.1","858.7"
"40766","2020-07-17 00:00:00","1399-04-27 00:00:00","22.2","37.8","0.0","10.5","9","110","30.0","4.025","19.75","1009.05","8.26109","862.3","859.7"
"40766","2020-07-18 00:00:00","1399-04-28 00:00:00","20.4","39.1","0.0","8.0","7","300","29.8","2.3375","18.25","1011.39","7.46514","864.8","861.9"
"40766","2020-07-19 00:00:00","1399-04-29 00:00:00","19.4","41.0","0.0","12.0","5","290","30.2","-5.25","11.375","1013.48","4.32764","866.2","863.7"
"40766","2020-07-20 00:00:00","1399-04-30 00:00:00","17.8","42.7","0.0","12.0","7","280","30.3","-6.85714","9.42857","1011.66","3.68117","865.3","861.3"
"40766","2020-07-21 00:00:00","1399-04-31 00:00:00","22.0","41.7","0.0","10.1","6","80","31.9","-6.225","9.125","1008.61","3.96893","862.8","858.3"
"40766","2020-07-22 00:00:00","1399-05-01 00:00:00","24.2","41.3","0.0","6.2","6","270","32.8","-3.9","11.125","1009.1","4.64568","862.1","860.1"
"40766","2020-07-23 00:00:00","1399-05-02 00:00:00","18.0","39.6","0.0","10.2","10","360","28.8","-3.8875","12.875","1011.13","4.72559","863.9","861.9"
"40766","2020-07-24 00:00:00","1399-05-03 00:00:00","20.1","39.2","0.0","11.8","7","290","29.7","-0.55","14.875","1012.1","5.99913","864.6","862.5"
"40766","2020-07-25 00:00:00","1399-05-04 00:00:00","24.6","39.3","0.0","3.7","9","220","32.0","1.55","15.625","1014.7","6.99872","868.6","864.2"
"40766","2020-07-26 00:00:00","1399-05-05 00:00:00","22.3","40.5","0.0","8.5","14","300","31.4","-0.357143","18.0","1016.59","7.04192","869.0","866.9"
"40766","2020-07-27 00:00:00","1399-05-06 00:00:00","19.5","41.4","0.0","11.0","6","280","30.5","-2.45","14.0","1015.68","5.42926","869.1","864.7"
"40766","2020-07-28 00:00:00","1399-05-07 00:00:00","20.1","42.2","0.0","9.6","4","180","31.2","-2.4125","13.375","1014.13","5.30997","867.0","864.0"
"40766","2020-07-29 00:00:00","1399-05-08 00:00:00","20.3","42.0","0.0","9.0","8","300","31.1","1.7125","16.75","1014.04","7.04452","867.0","864.1"
"40766","2020-07-30 00:00:00","1399-05-09 00:00:00","20.6","41.4","0.0","11.8","8","280","31.0","-2.4","14.625","1012.76","5.67253","866.1","862.7"
"40766","2020-07-31 00:00:00","1399-05-10 00:00:00","17.9","39.1","0.0","12.2","7","280","28.5","-3.0625","14.5","1010.38","5.52775","864.5","860.4"
"40766","2020-08-01 00:00:00","1399-05-11 00:00:00","17.0","38.6","0.0","12.0","8","250","27.8","-3.81429","15.5714","1008.64","5.09716","861.6","859.8"
"40766","2020-08-02 00:00:00","1399-05-12 00:00:00","15.6","38.1","0.0","12.5","9","240","26.8","-5.9875","11.625","1010.41","4.03409","863.3","861.5"
"40766","2020-08-03 00:00:00","1399-05-13 00:00:00","16.1","37.2","0.0","12.5","6","290","26.7","-5.925","12.625","1010.13","4.1051","864.2","860.1"
"40766","2020-08-04 00:00:00","1399-05-14 00:00:00","15.6","38.7","0.0","12.2","7","100","27.2","-5.2375","13.0","1005.93","4.5305","860.5","856.2"
"40766","2020-08-05 00:00:00","1399-05-15 00:00:00","17.3","35.8","0.0","12.0","7","290","26.5","2.575","20.375","1005.44","6.99698","859.6","856.9"
"40766","2020-08-06 00:00:00","1399-05-16 00:00:00","17.7","36.1","0.0","10.3","4","250","26.9","3.45","22.0","1008.66","7.86346","861.9","859.6"
"40766","2020-08-07 00:00:00","1399-05-17 00:00:00","21.0","36.6","0.0","11.0","7","360","28.8","2.9","19.375","1009.89","7.61421","863.9","860.4"
"40766","2020-08-08 00:00:00","1399-05-18 00:00:00","21.3","36.7","0.0","11.8","8","110","29.0","4.1875","22.625","1007.42","8.40799","862.0","857.5"
"40766","2020-08-09 00:00:00","1399-05-19 00:00:00","18.3","38.3","0.0","11.0","7","300","28.3","1.2875","19.0","1007.01","6.90571","860.7","858.3"
"40766","2020-08-10 00:00:00","1399-05-20 00:00:00","18.2","38.3","0.0","11.8","7","290","28.3","-1.6625","16.25","1009.29","5.71031","862.3","860.2"
"40766","2020-08-11 00:00:00","1399-05-21 00:00:00","16.3","38.9","0.0","12.0","6","300","27.6","1.1625","20.875","1009.68","6.88529","862.8","860.6"
"40766","2020-08-12 00:00:00","1399-05-22 00:00:00","16.6","39.1","0.0","12.0","6","210","27.8","-0.8","19.0","1009.64","6.17611","862.4","860.8"
"40766","2020-08-13 00:00:00","1399-05-23 00:00:00","15.1","","0.0","11.9","6","280","","-1.85714","17.8571","1008.76","5.76806","862.4","858.9"
"40766","2020-08-14 00:00:00","1399-05-24 00:00:00","17.3","40.5","0.0","11.5","7","290","28.9","-2.5125","14.25","1005.56","5.13788","860.1","856.0"
"40766","2020-08-15 00:00:00","1399-05-25 00:00:00","17.5","38.4","0.0","10.6","6","290","28.0","-1.3375","16.5","1005.02","5.71889","858.6","856.4"
"40766","2020-08-16 00:00:00","1399-05-26 00:00:00","17.9","36.4","0.0","11.6","6","280","27.2","1.7375","20.125","1007.67","7.18791","861.0","858.8"
"40766","2020-08-17 00:00:00","1399-05-27 00:00:00","17.1","37.3","0.0","11.8","8","290","27.2","-4.05","15.0","1008.63","4.93057","862.0","859.3"
"40766","2020-08-18 00:00:00","1399-05-28 00:00:00","16.1","38.8","0.0","11.9","5","290","27.5","-2.8625","15.125","1008.06","5.23163","861.7","858.4"
"40766","2020-08-19 00:00:00","1399-05-29 00:00:00","15.5","38.3","0.0","11.1","6","130","26.9","-9.8875","11.625","1008.15","3.55005","861.4","859.5"
"40766","2020-08-20 00:00:00","1399-05-30 00:00:00","15.3","37.6","0.0","11.7","6","290","26.4","-10.0","11.25","1009.2","3.28039","862.1","860.2"
"40766","2020-08-21 00:00:00","1399-05-31 00:00:00","14.3","37.8","0.0","11.9","7","300","26.0","-8.9125","12.125","1008.86","3.4418","862.5","859.3"
"40766","2020-08-22 00:00:00","1399-06-01 00:00:00","14.8","36.1","0.0","12.0","8","260","25.4","-8.225","12.5","1008.43","3.49784","861.9","859.5"
"40766","2020-08-23 00:00:00","1399-06-02 00:00:00","","34.2","0.0","12.0","9","240","","-3.11667","16.8333","1008.51","5.09936","862.2","859.8"
"40766","2020-08-24 00:00:00","1399-06-03 00:00:00","14.0","32.9","0.0","12.2","6","290","23.5","-1.7125","21.5","1010.39","5.76221","863.5","861.3"
"40766","2020-08-25 00:00:00","1399-06-04 00:00:00","14.4","33.3","0.0","11.6","7","120","23.8","-1.3","19.25","1012.29","5.65064","865.6","862.7"
"40766","2020-08-26 00:00:00","1399-06-05 00:00:00","16.0","34.4","0.0","11.5","7","110","25.2","-1.325","17.875","1011.55","5.56968","864.9","861.8"
"40766","2020-08-27 00:00:00","1399-06-06 00:00:00","16.1","36.3","0.0","11.6","6","280","26.2","-7.775","14.5","1011.41","4.19493","864.4","861.8"
"40766","2020-08-28 00:00:00","1399-06-07 00:00:00","14.1","35.8","0.0","11.4","5","290","25.0","-10.875","10.75","1012.0","2.92247","864.6","862.6"
"40766","2020-08-29 00:00:00","1399-06-08 00:00:00","13.4","37.5","0.0","11.6","4","280","25.5","-11.775","9.75","1013.86","2.7261","866.6","864.3"
"40766","2020-08-30 00:00:00","1399-06-09 00:00:00","15.7","37.8","0.0","11.6","7","120","26.8","-10.7875","8.875","1015.68","2.84136","869.0","865.6"
"40766","2020-08-31 00:00:00","1399-06-10 00:00:00","18.3","36.9","0.0","10.6","4","280","27.6","-5.0875","11.875","1014.95","4.27886","868.1","864.7"
"40766","2020-09-01 00:00:00","1399-06-11 00:00:00","18.3","35.6","0.1","10.0","9","290","26.9","-0.675","17.5","1016.86","5.87334","870.2","866.2"
"40766","2020-09-02 00:00:00","1399-06-12 00:00:00","16.7","36.4","0.0","8.8","13","290","26.6","1.1","21.25","1020.55","6.66068","873.5","869.6"
"40766","2020-09-03 00:00:00","1399-06-13 00:00:00","15.1","35.7","0.0","10.7","4","240","25.4","-0.925","19.5","1020.29","5.8557","873.3","869.1"
"40766","2020-09-04 00:00:00","1399-06-14 00:00:00","15.5","37.2","0.0","9.5","6","290","26.4","-4.6375","15.375","1016.29","4.49685","869.1","865.9"
"40766","2020-09-05 00:00:00","1399-06-15 00:00:00","14.5","35.8","0.0","9.7","4","280","25.1","-2.8875","16.75","1015.38","5.07484","868.4","865.1"
"40766","2020-09-06 00:00:00","1399-06-16 00:00:00","15.2","36.3","0.0","10.1","7","290","25.8","-3.35","15.375","1016.65","4.82991","869.0","866.8"
"40766","2020-09-07 00:00:00","1399-06-17 00:00:00","15.7","37.3","0.0","10.3","7","280","26.5","-6.4375","13.0","1018.21","3.90957","871.0","868.1"
"40766","2020-09-08 00:00:00","1399-06-18 00:00:00","15.2","37.0","0.0","11.0","10","290","26.1","-6.925","12.25","1017.7","3.71581","870.8","867.4"
"40766","2020-09-09 00:00:00","1399-06-19 00:00:00","15.7","36.1","0.0","11.2","9","290","25.9","-8.3375","11.5","1015.88","3.43142","868.9","865.8"
"40766","2020-09-10 00:00:00","1399-06-20 00:00:00","12.4","35.2","0.0","10.3","8","200","23.8","-7.575","13.0","1015.98","3.58439","868.3","866.4"
"40766","2020-09-11 00:00:00","1399-06-21 00:00:00","13.6","35.5","0.0","10.8","7","110","24.5","-6.65","12.75","1016.26","3.94943","868.3","866.3"
"40766","2020-09-12 00:00:00","1399-06-22 00:00:00","17.1","35.8","0.0","10.8","4","110","26.5","-4.4625","14.75","1018.71","4.56714","871.2","868.5"
"40766","2020-09-13 00:00:00","1399-06-23 00:00:00","15.0","35.2","0.0","10.0","4","270","25.1","-6.1125","13.0","1019.59","3.89418","872.6","869.2"
"40766","2020-09-14 00:00:00","1399-06-24 00:00:00","14.8","34.8","0.0","11.2","7","360","24.8","-7.825","11.75","1019.01","3.59424","871.5","868.6"
"40766","2020-09-15 00:00:00","1399-06-25 00:00:00","13.6","34.0","0.0","11.5","7","120","23.8","-8.8875","11.25","1018.21","3.23049","871.2","867.8"
"40766","2020-09-16 00:00:00","1399-06-26 00:00:00","13.7","34.5","0.0","12.0","7","110","24.1","-9.7875","10.75","1018.14","2.94753","870.9","867.8"
"40766","2020-09-17 00:00:00","1399-06-27 00:00:00","13.7","35.4","0.0","10.7","4","110","24.6","-14.3625","9.25","1019.23","2.29319","871.5","869.1"
"40766","2020-09-18 00:00:00","1399-06-28 00:00:00","11.5","35.2","0.0","10.1","8","280","23.4","-10.8625","10.375","1018.82","2.92675","871.8","868.1"
"40766","2020-09-19 00:00:00","1399-06-29 00:00:00","14.3","34.6","0.0","10.4","10","290","24.4","-7.9","14.625","1016.02","3.70396","868.7","866.0"
"40766","2020-09-20 00:00:00","1399-06-30 00:00:00","12.3","33.3","0.0","10.5","8","280","22.8","-6.2625","16.25","1015.61","4.00011","868.1","865.8"
"40766","2020-09-21 00:00:00","1399-06-31 00:00:00","11.6","34.9","0.0","11.0","7","300","23.3","-10.9625","13.25","1017.64","2.9958","870.0","867.3"
"40766","2020-09-22 00:00:00","1399-07-01 00:00:00","13.3","34.8","0.0","9.4","5","250","24.0","-9.2","15.375","1018.42","4.45262","871.0","868.1"
"40766","2020-09-23 00:00:00","1399-07-02 00:00:00","12.9","34.5","0.0","10.0","8","300","23.7","-8.3875","12.375","1017.92","3.29886","870.7","867.3"
"40766","2020-09-24 00:00:00","1399-07-03 00:00:00","11.4","34.2","0.0","10.5","6","300","22.8","-14.6375","13.125","1016.87","2.75116","869.3","866.6"
"40766","2020-09-25 00:00:00","1399-07-04 00:00:00","10.9","33.5","0.0","10.6","6","290","22.2","-10.3375","14.625","1016.69","3.10186","869.2","866.8"
"40766","2020-09-26 00:00:00","1399-07-05 00:00:00","9.2","32.8","0.0","10.3","8","300","21.0","-4.5875","18.625","1015.69","4.45571","868.5","865.7"
"40766","2020-09-27 00:00:00","1399-07-06 00:00:00","12.0","32.7","0.0","10.1","6","290","22.4","-2.1375","20.875","1016.46","5.27466","868.9","866.8"
"40766","2020-09-28 00:00:00","1399-07-07 00:00:00","12.2","31.7","0.0","10.4","6","350","22.0","-1.4625","20.875","1017.79","5.53926","870.5","867.5"
"40766","2020-09-29 00:00:00","1399-07-08 00:00:00","13.4","29.0","0.0","10.1","8","110","21.2","0.2125","26.0","1016.24","6.21242","869.9","865.6"
"40766","2020-09-30 00:00:00","1399-07-09 00:00:00","12.5","30.4","0.01","7.7","7","120","21.5","2.6","31.25","1014.0","7.5704","867.0","863.7"
"40766","2020-10-01 00:00:00","1399-07-10 00:00:00","14.5","29.8","0.0","8.4","6","280","22.1","3.95","34.875","1017.81","8.34063","870.3","867.3"
"40766","2020-10-02 00:00:00","1399-07-11 00:00:00","12.7","30.5","0.0","8.7","7","280","21.6","-0.3875","26.25","1020.74","6.04594","872.5","870.4"
"40766","2020-10-03 00:00:00","1399-07-12 00:00:00","12.8","31.1","0.0","8.4","5","280","22.0","-1.3625","23.875","1020.94","5.57914","873.5","870.4"
"40766","2020-10-04 00:00:00","1399-07-13 00:00:00","12.5","31.0","0.81","4.8","7","200","21.8","0.8375","32.5","1019.53","6.77327","871.3","869.4"
"40766","2020-10-05 00:00:00","1399-07-14 00:00:00","11.3","28.5","0.01","5.5","5","80","19.9","3.2","38.625","1019.33","7.74815","871.8","868.9"
"40766","2020-10-06 00:00:00","1399-07-15 00:00:00","9.7","28.9","0.0","8.7","6","260","19.3","-0.9875","29.5","1018.51","5.82886","870.9","868.1"
"40766","2020-10-07 00:00:00","1399-07-16 00:00:00","8.3","26.8","0.0","10.2","5","260","17.5","-6.3125","23.75","1019.03","4.28114","871.3","868.7"
"40766","2020-10-08 00:00:00","1399-07-17 00:00:00","7.8","24.4","0.0","10.1","5","260","16.1","-3.3","27.25","1020.51","4.9225","872.3","870.5"
"40766","2020-10-09 00:00:00","1399-07-18 00:00:00","7.9","23.4","0.0","9.0","8","110","15.6","0.5625","37.625","1023.24","6.39211","874.7","872.8"
"40766","2020-10-10 00:00:00","1399-07-19 00:00:00","10.8","23.9","0.0","9.9","12","100","17.4","-0.325","31.875","1023.47","6.01009","875.2","872.5"
"40766","2020-10-11 00:00:00","1399-07-20 00:00:00","9.4","25.9","0.0","10.7","8","100","17.6","-5.9","23.625","1022.23","4.15984","874.4","871.4"
"40766","2020-10-12 00:00:00","1399-07-21 00:00:00","6.8","26.7","0.0","10.0","6","120","16.8","-13.6125","17.375","1021.65","2.48213","874.0","870.9"
"40766","2020-10-13 00:00:00","1399-07-22 00:00:00","6.2","26.8","0.0","10.0","6","110","16.5","-17.9","13.375","1020.65","1.85807","873.2","870.1"
"40766","2020-10-14 00:00:00","1399-07-23 00:00:00","4.1","27.0","0.0","10.3","4","120","15.6","-20.6125","11.375","1020.9","1.43769","873.3","870.3"
"40766","2020-10-15 00:00:00","1399-07-24 00:00:00","4.3","27.2","0.0","10.3","4","120","15.8","-20.5125","10.0","1021.05","1.38897","873.7","870.5"
"40766","2020-10-16 00:00:00","1399-07-25 00:00:00","4.1","27.8","0.0","10.2","3","290","15.9","-18.875","10.125","1020.0","1.46717","872.6","869.5"
"40766","2020-10-17 00:00:00","1399-07-26 00:00:00","4.1","27.4","0.0","9.8","3","290","15.8","-21.0625","11.25","1020.7","1.38535","872.7","870.1"
"40766","2020-10-18 00:00:00","1399-07-27 00:00:00","4.4","27.4","0.0","9.6","3","220","15.9","-21.6","8.875","1021.29","1.22249","873.6","870.6"
"40766","2020-10-19 00:00:00","1399-07-28 00:00:00","4.4","27.1","0.0","11.8","5","290","15.8","-21.075","9.5","1022.12","1.30631","874.5","871.7"
"40766","2020-10-20 00:00:00","1399-07-29 00:00:00","3.6","27.7","0.0","10.2","6","90","15.7","-19.5","11.625","1021.59","1.46791","874.1","871.0"
"40766","2020-10-21 00:00:00","1399-07-30 00:00:00","2.0","28.2","0.0","10.0","3","360","15.1","-22.325","9.5","1022.12","1.14332","874.5","871.7"
"40766","2020-10-22 00:00:00","1399-08-01 00:00:00","4.3","26.9","0.0","10.0","3","50","15.6","-18.1625","11.125","1023.04","1.5422","875.3","872.2"
"40766","2020-10-23 00:00:00","1399-08-02 00:00:00","4.5","26.2","0.0","10.0","3","90","15.4","-14.5125","14.0","1023.27","2.03487","875.0","872.2"
"40766","2020-10-24 00:00:00","1399-08-03 00:00:00","6.4","27.9","0.0","10.0","5","130","17.1","-13.15","14.0","1022.7","2.24076","874.6","872.1"
"40766","2020-10-25 00:00:00","1399-08-04 00:00:00","5.1","28.6","0.0","9.5","4","200","16.9","-19.6875","11.875","1022.19","1.71952","874.5","871.2"
"40766","2020-10-26 00:00:00","1399-08-05 00:00:00","4.0","25.7","0.0","9.7","5","250","14.9","-18.9875","10.875","1022.36","1.50662","874.3","872.0"
"40766","2020-10-27 00:00:00","1399-08-06 00:00:00","4.1","25.3","0.0","10.0","3","150","14.7","-14.525","13.875","1023.04","2.03084","875.2","872.4"
"40766","2020-10-28 00:00:00","1399-08-07 00:00:00","3.4","26.6","0.0","10.0","4","110","15.0","-15.2875","15.375","1023.57","2.00423","875.1","872.6"
"40766","2020-10-29 00:00:00","1399-08-08 00:00:00","4.0","26.6","0.0","9.5","2","110","15.3","-15.2375","14.875","1024.39","1.96892","876.4","873.5"
"40766","2020-10-30 00:00:00","1399-08-09 00:00:00","3.5","26.4","0.0","9.4","2","310","14.9","-16.35","12.625","1024.09","1.75011","876.2","873.1"
"40766","2020-10-31 00:00:00","1399-08-10 00:00:00","3.3","26.5","0.0","9.9","7","200","14.9","-18.8","11.75","1023.25","1.50206","875.6","872.2"
"40766","2020-11-01 00:00:00","1399-08-11 00:00:00","2.1","24.0","0.0","9.4","4","280","13.1","-16.4625","13.5","1024.63","1.73494","876.4","873.4"
"40766","2020-11-02 00:00:00","1399-08-12 00:00:00","3.8","24.9","0.0","8.4","4","280","14.3","-16.1875","11.75","1025.73","1.77479","877.2","874.9"
"40766","2020-11-03 00:00:00","1399-08-13 00:00:00","10.6","25.2","0.0","6.8","7","300","17.9","-9.875","16.375","1024.8","3.49045","876.0","873.4"
"40766","2020-11-04 00:00:00","1399-08-14 00:00:00","9.4","25.3","0.0","9.0","10","360","17.3","-3.0375","29.125","1022.29","5.01105","875.2","871.1"
"40766","2020-11-05 00:00:00","1399-08-15 00:00:00","8.6","27.0","0.0","7.2","7","180","17.8","-12.0375","16.125","1018.61","2.6698","871.5","867.8"
"40766","2020-11-06 00:00:00","1399-08-16 00:00:00","13.2","24.7","0.0","4.8","7","190","19.0","-16.425","10.0","1019.2","1.98095","871.4","869.1"
"40766","2020-11-07 00:00:00","1399-08-17 00:00:00","13.8","19.6","2.0","0.0","11","170","16.7","2.8125","46.0","1022.06","7.7002","874.0","871.2"
"40766","2020-11-08 00:00:00","1399-08-18 00:00:00","10.5","19.2","31.0","2.2","7","270","14.9","8.6625","80.875","1024.8","11.2452","877.8","873.3"
"40766","2020-11-09 00:00:00","1399-08-19 00:00:00","7.9","19.3","1.0","5.2","6","80","13.6","8.025","71.875","1025.94","10.7487","878.6","873.7"
"40766","2020-11-10 00:00:00","1399-08-20 00:00:00","11.2","20.9","1.0","6.0","5","240","16.0","8.1125","71.0","1021.39","10.8418","873.3","870.8"
"40766","2020-11-11 00:00:00","1399-08-21 00:00:00","6.7","15.4","0.3","3.4","6","270","11.0","7.4375","84.875","1020.81","10.3177","873.0","870.5"
"40766","2020-11-12 00:00:00","1399-08-22 00:00:00","4.9","17.1","5.0","6.8","5","130","11.0","6.4125","80.5","1022.41","9.63349","874.4","871.7"
"40766","2020-11-13 00:00:00","1399-08-23 00:00:00","5.0","16.8","0.1","7.5","4","10","10.9","3.3125","68.25","1022.56","7.84382","874.5","871.6"
"40766","2020-11-14 00:00:00","1399-08-24 00:00:00","1.7","14.7","0.0","8.8","6","120","8.2","-0.8625","58.75","1022.89","5.77506","875.5","871.6"
"40766","2020-11-15 00:00:00","1399-08-25 00:00:00","2.1","16.6","0.0","9.4","5","220","9.4","-2.0","52.875","1019.39","5.40207","871.3","869.1"
"40766","2020-11-16 00:00:00","1399-08-26 00:00:00","2.2","16.8","0.3","5.0","5","230","9.5","0.675","58.125","1020.91","6.54706","872.7","870.2"
"40766","2020-11-17 00:00:00","1399-08-27 00:00:00","7.2","14.8","0.1","1.5","4","150","11.0","3.9125","70.375","1022.02","8.11187","873.6","871.6"
"40766","2020-11-18 00:00:00","1399-08-28 00:00:00","1.5","15.7","0.0","8.6","4","150","8.6","0.1375","65.625","1022.06","6.25822","874.0","871.8"
"40766","2020-11-19 00:00:00","1399-08-29 00:00:00","1.5","16.2","0.0","7.6","5","120","8.9","-0.9625","56.875","1021.01","5.7171","873.5","870.2"
"40766","2020-11-20 00:00:00","1399-08-30 00:00:00","5.0","11.0","8.0","0.0","7","100","8.0","4.2875","71.875","1020.34","8.46338","872.7","869.6"
"40766","2020-11-21 00:00:00","1399-09-01 00:00:00","10.4","12.2","55.5","0.0","7","290","11.3","7.4375","90.0","1017.11","10.349","869.4","866.0"
"40766","2020-11-22 00:00:00","1399-09-02 00:00:00","6.1","13.8","1.0","5.8","4","110","9.9","4.4125","76.875","1020.01","8.37745","871.9","868.8"
"40766","2020-11-23 00:00:00","1399-09-03 00:00:00","1.5","14.2","0.0","8.8","3","270","7.8","1.4","73.25","1020.57","6.81455","872.2","870.2"
"40766","2020-11-24 00:00:00","1399-09-04 00:00:00","0.1","14.2","0.0","9.4","4","120","7.2","0.95","72.25","1020.8","6.57215","873.5","870.2"
"40766","2020-11-25 00:00:00","1399-09-05 00:00:00","-0.3","16.6","0.0","5.3","4","100","8.2","-4.1875","45.1429","1019.26","5.41252","871.9","869.1"
"40766","2020-11-26 00:00:00","1399-09-06 00:00:00","10.0","13.5","0.61","0.0","10","140","11.8","-0.6375","47.375","1016.23","6.32718","869.5","865.0"
"40766","2020-11-27 00:00:00","1399-09-07 00:00:00","6.4","16.1","0.0","4.1","6","160","11.3","1.5375","58.5","1022.63","6.8623","876.3","869.6"
"40766","2020-11-28 00:00:00","1399-09-08 00:00:00","4.2","9.7","0.51","0.0","7","100","6.9","3.5125","77.5","1023.21","7.88936","876.4","869.8"
"40766","2020-11-29 00:00:00","1399-09-09 00:00:00","5.6","8.8","34.9","1.0","6","110","7.2","4.875","87.875","1019.86","8.64751","871.9","869.9"
"40766","2020-11-30 00:00:00","1399-09-10 00:00:00","2.8","14.2","0.0","7.5","3","220","8.5","3.8875","79.875","1021.89","8.08799","873.9","871.7"
"40766","2020-12-01 00:00:00","1399-09-11 00:00:00","1.0","15.1","0.0","8.5","3","110","8.1","1.8","72.375","1021.76","6.98479","873.9","871.1"
"40766","2020-12-02 00:00:00","1399-09-12 00:00:00","1.8","11.4","2.7","1.0","5","290","6.6","3.0625","81.125","1022.91","7.69504","874.9","872.3"
"40766","2020-12-03 00:00:00","1399-09-13 00:00:00","3.7","12.3","0.9","3.0","3","220","8.0","5.1125","88.625","1023.76","8.80007","875.1","873.1"
"40766","2020-12-04 00:00:00","1399-09-14 00:00:00","0.7","12.5","0.0","5.0","5","120","6.6","2.9375","78.875","1022.42","7.56742","874.6","871.4"
"40766","2020-12-05 00:00:00","1399-09-15 00:00:00","0.6","12.6","0.0","4.2","5","120","6.6","2.925","78.75","1018.22","7.58026","871.6","866.6"
"40766","2020-12-06 00:00:00","1399-09-16 00:00:00","6.1","7.4","17.0","0.0","4","290","6.8","4.35","87.625","1013.16","8.35007","867.6","863.2"
"40766","2020-12-07 00:00:00","1399-09-17 00:00:00","3.0","11.6","0.01","8.1","4","120","7.3","0.55","71.25","1020.7","6.40409","873.8","868.7"
"40766","2020-12-08 00:00:00","1399-09-18 00:00:00","-0.4","11.1","0.0","8.5","4","100","5.4","-1.5625","67.625","1023.24","5.50925","874.9","872.5"
"40766","2020-12-09 00:00:00","1399-09-19 00:00:00","-2.0","10.5","0.0","3.3","7","270","4.3","-0.4875","76.5","1022.27","5.92483","874.3","871.8"
"40766","2020-12-10 00:00:00","1399-09-20 00:00:00","-1.5","12.7","0.0","8.1","3","340","5.6","0.05","75.875","1021.69","6.15761","873.8","871.2"
"40766","2020-12-11 00:00:00","1399-09-21 00:00:00","-0.8","10.3","0.0","7.7","5","100","4.8","-0.275","74.375","1022.02","6.00138","874.0","871.3"
"40766","2020-12-12 00:00:00","1399-09-22 00:00:00","-0.6","9.5","0.0","7.2","4","290","4.4","0.05","79.875","1022.77","6.14248","874.3","871.8"
"40766","2020-12-13 00:00:00","1399-09-23 00:00:00","-1.5","5.4","0.0","1.6","3","320","2.0","0.475","90.625","1024.28","6.33388","875.6","873.0"
"40766","2020-12-14 00:00:00","1399-09-24 00:00:00","0.2","11.2","0.0","4.8","4","120","5.7","0.925","81.25","1023.85","6.55669","876.1","873.4"
"40766","2020-12-15 00:00:00","1399-09-25 00:00:00","0.1","16.4","0.0","6.6","7","110","8.3","0.2625","61.875","1021.25","6.25919","874.0","870.2"
"40766","2020-12-16 00:00:00","1399-09-26 00:00:00","5.0","10.6","8.01","0.5","8","120","7.8","3.9","80.5","1019.71","8.08547","871.8","869.5"
"40766","2020-12-17 00:00:00","1399-09-27 00:00:00","3.4","12.8","0.01","3.6","6","140","8.1","3.175","77.25","1020.61","7.6938","872.3","870.2"
"40766","2020-12-18 00:00:00","1399-09-28 00:00:00","1.3","11.0","2.0","3.7","4","300","6.2","2.7125","79.0","1020.94","7.44287","872.8","870.5"
"40766","2020-12-19 00:00:00","1399-09-29 00:00:00","2.7","9.0","0.0","8.6","6","110","5.8","-2.225","66.25","1024.05","5.24025","875.7","872.7"
"40766","2020-12-20 00:00:00","1399-09-30 00:00:00","-3.1","10.0","0.0","7.0","4","120","3.5","-2.9375","69.0","1025.67","4.95316","877.5","874.8"
"40766","2020-12-21 00:00:00","1399-10-01 00:00:00","-3.1","9.8","0.0","7.8","4","270","3.4","-4.05","68.625","1025.02","4.57585","876.4","873.9"
"40766","2020-12-22 00:00:00","1399-10-02 00:00:00","-3.2","11.8","0.0","7.1","4","120","4.3","-3.5875","64.0","1022.94","4.69869","875.8","870.9"
"40766","2020-12-23 00:00:00","1399-10-03 00:00:00","1.8","12.6","5.4","0.5","9","160","7.2","0.4375","68.875","1016.49","6.45495","870.1","865.2"
"40766","2020-12-24 00:00:00","1399-10-04 00:00:00","3.3","9.1","0.01","5.2","8","280","6.2","-3.575","57.25","1014.67","4.75019","867.5","864.5"
"40766","2020-12-25 00:00:00","1399-10-05 00:00:00","-3.9","4.7","0.0","9.2","5","270","0.4","-10.75","50.0","1022.06","2.73838","875.9","868.8"
"40766","2020-12-26 00:00:00","1399-10-06 00:00:00","-6.7","6.6","0.0","9.5","8","20","0.0","-11.7125","46.625","1027.4","2.52283","878.7","876.3"
"40766","2020-12-27 00:00:00","1399-10-07 00:00:00","-5.9","10.6","0.0","8.0","4","90","2.4","-10.3125","43.25","1027.43","2.83407","878.7","876.1"
"40766","2020-12-28 00:00:00","1399-10-08 00:00:00","-3.0","12.2","0.0","8.1","3","20","4.6","-5.4625","54.5","1025.97","4.093","877.8","874.8"
"40766","2020-12-29 00:00:00","1399-10-09 00:00:00","-3.4","13.2","0.0","8.0","3","120","4.9","-2.825","66.25","1023.86","4.9782","876.0","872.6"
"40766","2020-12-30 00:00:00","1399-10-10 00:00:00","-2.9","14.0","0.0","8.2","6","120","5.6","-3.95","58.625","1023.71","4.58194","875.9","872.9"
"40766","2020-12-31 00:00:00","1399-10-11 00:00:00","-1.0","13.4","0.0","9.0","5","120","6.2","-4.3125","54.25","1023.79","4.45108","876.0","872.8"
"40766","2021-01-01 00:00:00","1399-10-12 00:00:00","-3.4","13.9","0.0","8.2","3","120","5.3","-3.8375","60.25","1023.91","4.61037","876.0","873.0"
"40766","2021-01-02 00:00:00","1399-10-13 00:00:00","-3.4","14.4","0.0","8.0","3","90","5.5","-4.75","57.375","1024.93","4.3144","877.1","874.1"
"40766","2021-01-03 00:00:00","1399-10-14 00:00:00","-2.7","13.3","0.0","7.8","5","100","5.3","-5.4625","54.625","1022.81","4.09045","875.3","871.6"
"40766","2021-01-04 00:00:00","1399-10-15 00:00:00","-3.8","10.8","0.0","8.0","8","110","3.5","-7.0875","50.375","1022.71","3.64167","874.4","871.8"
"40766","2021-01-05 00:00:00","1399-10-16 00:00:00","-5.0","10.7","0.0","9.2","4","110","2.8","-9.575","47.0","1024.87","2.99276","876.9","873.9"
"40766","2021-01-06 00:00:00","1399-10-17 00:00:00","-6.5","10.1","0.0","9.2","4","50","1.8","-13.775","34.875","1026.04","2.16749","878.1","874.7"
"40766","2021-01-07 00:00:00","1399-10-18 00:00:00","-5.2","11.1","0.0","8.1","3","120","3.0","-14.8875","31.0","1026.11","1.97243","877.7","875.2"
"40766","2021-01-08 00:00:00","1399-10-19 00:00:00","-6.7","12.6","0.0","9.2","3","120","3.0","-13.1125","39.25","1025.85","2.26462","877.9","874.6"
"40766","2021-01-09 00:00:00","1399-10-20 00:00:00","-7.6","12.6","0.0","8.9","3","110","2.5","-12.3125","42.625","1032.02","2.48887","876.8","873.8"
"40766","2021-01-10 00:00:00","1399-10-21 00:00:00","-7.8","12.2","0.0","9.1","3","270","2.2","-13.775","38.625","1025.02","2.15775","877.1","874.0"
"40766","2021-01-11 00:00:00","1399-10-22 00:00:00","-7.8","12.3","0.0","9.2","2","70","2.3","-14.3","38.375","1025.81","2.0881","877.0","874.8"
"40766","2021-01-12 00:00:00","1399-10-23 00:00:00","-5.3","15.4","0.0","9.2","4","120","5.0","-13.775","33.0","1025.8","2.20438","878.0","874.6"
"40766","2021-01-13 00:00:00","1399-10-24 00:00:00","-4.5","17.7","0.0","8.8","4","110","6.6","-9.125","36.75","1022.44","3.07236","875.9","870.5"
"40766","2021-01-14 00:00:00","1399-10-25 00:00:00","1.0","17.1","0.0","1.0","8","160","9.1","-27.3","13.75","1016.32","1.12955","870.1","865.6"
"40766","2021-01-15 00:00:00","1399-10-26 00:00:00","7.9","11.5","2.0","2.7","9","110","9.7","-4.775","55.375","1017.53","4.80979","870.3","865.6"
"40766","2021-01-16 00:00:00","1399-10-27 00:00:00","-3.0","15.6","0.0","8.0","5","180","6.3","-3.3625","55.5","1016.49","4.83615","870.5","864.3"
"40766","2021-01-17 00:00:00","1399-10-28 00:00:00","5.6","12.6","0.0","5.5","6","250","9.1","-3.175","47.875","1013.46","4.91348","866.0","863.7"
"40766","2021-01-18 00:00:00","1399-10-29 00:00:00","2.2","12.4","1.01","4.3","10","220","7.3","-1.5875","56.0","1017.31","5.48704","870.9","866.1"
"40766","2021-01-19 00:00:00","1399-10-30 00:00:00","-1.7","12.2","0.0","8.5","7","210","5.3","-4.1","56.0","1020.04","4.54448","872.3","869.2"
"40766","2021-01-20 00:00:00","1399-11-01 00:00:00","-2.8","11.9","4.01","1.5","11","290","4.5","-3.2375","64.875","1015.45","4.92638","870.0","864.4"
"40766","2021-01-21 00:00:00","1399-11-02 00:00:00","-0.6","5.4","5.0","6.6","6","280","2.4","-5.775","61.0","1020.97","4.0134","875.8","866.3"
"40766","2021-01-22 00:00:00","1399-11-03 00:00:00","-5.9","4.5","0.0","9.6","9","110","-0.7","-10.175","50.5","1026.65","2.83951","878.3","875.8"
"40766","2021-01-23 00:00:00","1399-11-04 00:00:00","-6.8","8.0","0.0","9.2","5","130","0.6","-10.125","49.5","1025.58","2.85687","877.2","874.5"
"40766","2021-01-24 00:00:00","1399-11-05 00:00:00","-7.3","11.8","0.0","8.2","3","170","2.3","-8.95","53.875","1024.52","3.14412","876.4","873.2"
"40766","2021-01-25 00:00:00","1399-11-06 00:00:00","-6.1","12.9","0.0","9.5","3","280","3.4","-11.675","44.25","1023.82","2.71547","876.0","872.8"
"40766","2021-01-26 00:00:00","1399-11-07 00:00:00","-5.9","13.2","0.0","8.6","4","290","3.6","-7.45","50.125","1023.88","3.51405","875.9","872.8"
"40766","2021-01-27 00:00:00","1399-11-08 00:00:00","-3.9","15.4","0.0","7.9","3","100","5.8","-7.2","47.625","1022.7","3.60574","875.1","871.9"
"40766","2021-01-28 00:00:00","1399-11-09 00:00:00","0.5","15.6","0.1","1.1","8","140","8.1","-7.175","40.125","1018.68","3.93821","870.9","868.6"
"40766","2021-01-29 00:00:00","1399-11-10 00:00:00","8.7","15.5","0.01","6.5","11","130","12.1","-0.375","52.125","1015.66","5.95298","869.4","865.2"
"40766","2021-01-30 00:00:00","1399-11-11 00:00:00","1.1","8.9","11.0","6.6","6","290","5.0","-2.6875","65.75","1017.63","5.12211","871.7","866.2"
"40766","2021-01-31 00:00:00","1399-11-12 00:00:00","-2.4","10.2","0.0","7.0","4","300","3.9","-4.775","55.875","1021.34","4.32406","873.6","871.1"
"40766","2021-02-01 00:00:00","1399-11-13 00:00:00","0.4","12.0","0.0","9.8","5","260","6.2","-2.625","60.75","1025.17","5.0578","876.6","874.0"
"40766","2021-02-02 00:00:00","1399-11-14 00:00:00","-3.0","15.2","0.0","9.0","7","110","6.1","-3.7125","60.375","1025.41","4.67728","877.7","873.9"
"40766","2021-02-03 00:00:00","1399-11-15 00:00:00","-3.4","17.5","0.0","9.1","3","110","7.1","-6.0375","50.0","1022.71","4.03047","875.1","871.3"
"40766","2021-02-04 00:00:00","1399-11-16 00:00:00","-2.8","15.4","0.0","3.7","4","110","6.3","-4.7375","45.125","1021.69","4.32264","874.7","870.3"
"40766","2021-02-05 00:00:00","1399-11-17 00:00:00","6.9","10.5","17.5","0.0","9","100","8.7","3.1625","74.0","1021.14","7.72216","872.7","870.8"
"40766","2021-02-06 00:00:00","1399-11-18 00:00:00","4.5","8.0","31.0","0.0","10","130","6.3","4.5625","90.125","1018.98","8.46795","871.7","868.5"
"40766","2021-02-07 00:00:00","1399-11-19 00:00:00","5.4","11.4","4.0","2.4","5","290","8.4","4.125","80.125","1019.56","8.22432","873.3","868.3"
"40766","2021-02-08 00:00:00","1399-11-20 00:00:00","-0.5","14.6","0.0","8.5","6","280","7.1","1.6","74.75","1026.49","6.92866","877.9","874.5"
"40766","2021-02-09 00:00:00","1399-11-21 00:00:00","0.1","15.1","0.0","3.3","3","120","7.6","2.075","74.75","1027.69","7.12201","879.0","876.6"
"40766","2021-02-10 00:00:00","1399-11-22 00:00:00","-0.9","15.5","0.0","4.3","3","120","7.3","1.1","69.625","1023.71","6.65169","876.8","871.5"
"40766","2021-02-11 00:00:00","1399-11-23 00:00:00","-0.9","15.7","0.0","9.7","6","270","7.4","-4.4625","52.0","1020.25","4.52725","872.1","870.1"
"40766","2021-02-12 00:00:00","1399-11-24 00:00:00","-0.9","17.4","0.0","10.0","3","360","8.3","-5.4375","48.75","1019.03","4.19893","872.2","868.1"
"40766","2021-02-13 00:00:00","1399-11-25 00:00:00","-2.5","16.9","0.0","11.7","6","280","7.2","-6.4625","42.0","1019.99","3.85357","873.5","868.8"
"40766","2021-02-14 00:00:00","1399-11-26 00:00:00","-2.3","17.1","0.0","10.2","4","270","7.4","-6.3125","44.125","1023.12","3.9032","875.3","871.9"
"40766","2021-02-15 00:00:00","1399-11-27 00:00:00","-2.3","19.9","0.0","9.8","5","110","8.8","-4.675","40.25","1019.8","4.39137","873.1","868.4"
"40766","2021-02-16 00:00:00","1399-11-28 00:00:00","9.4","21.0","0.0","7.5","10","170","15.2","-3.7","26.375","1015.29","4.67658","868.1","865.5"
"40766","2021-02-17 00:00:00","1399-11-29 00:00:00","14.1","15.5","12.01","0.0","16","140","14.8","1.4875","59.375","1012.04","6.94251","864.7","863.6"
"40766","2021-02-18 00:00:00","1399-11-30 00:00:00","5.5","9.6","2.0","3.2","10","250","7.6","-2.7125","59.875","1014.42","5.11842","870.3","862.5"
"40766","2021-02-19 00:00:00","1399-12-01 00:00:00","-3.0","7.9","0.0","6.6","5","230","2.5","-6.5375","56.75","1021.58","3.82076","872.9","870.9"
"40766","2021-02-20 00:00:00","1399-12-02 00:00:00","-4.3","9.5","0.01","3.1","7","220","2.6","-3.6","65.75","1022.05","4.73265","873.3","871.9"
"40766","2021-02-21 00:00:00","1399-12-03 00:00:00","0.8","8.6","0.41","3.4","6","300","4.7","-1.45","69.375","1023.1","5.52298","874.6","872.8"
"40766","2021-02-22 00:00:00","1399-12-04 00:00:00","-3.6","12.5","0.0","9.3","5","260","4.4","-10.6875","44.25","1022.93","3.06458","875.4","872.3"
"40766","2021-02-23 00:00:00","1399-12-05 00:00:00","-4.1","13.7","0.0","10.4","6","290","4.8","-11.4625","37.125","1021.38","2.71615","874.2","870.2"
"40766","2021-02-24 00:00:00","1399-12-06 00:00:00","-4.5","14.7","0.0","9.8","5","150","5.1","-10.6","34.5","1017.14","2.77103","870.9","866.3"
"40766","2021-02-25 00:00:00","1399-12-07 00:00:00","2.8","6.9","0.0","0.2","8","100","4.8","-5.25","49.375","1018.78","4.1518","871.5","867.0"
"40766","2021-02-26 00:00:00","1399-12-08 00:00:00","-2.0","11.3","0.0","10.0","6","110","4.7","-5.0","53.25","1019.7","4.22112","872.0","869.4"
"40766","2021-02-27 00:00:00","1399-12-09 00:00:00","-2.9","13.8","0.0","9.6","5","100","5.4","-6.225","48.875","1018.8","3.8942","871.7","868.6"
"40766","2021-02-28 00:00:00","1399-12-10 00:00:00","-2.7","14.9","0.0","7.5","4","90","6.1","-6.55","43.375","1017.29","3.89626","870.0","866.9"
"40766","2021-03-01 00:00:00","1399-12-11 00:00:00","5.3","10.5","0.21","1.0","4","100","7.9","1.275","64.875","1018.89","6.70776","872.3","868.1"
"40766","2021-03-02 00:00:00","1399-12-12 00:00:00","1.0","14.9","0.0","9.0","5","280","7.9","-4.1125","46.125","1022.26","4.619","874.4","871.7"
"40766","2021-03-03 00:00:00","1399-12-13 00:00:00","-0.8","15.8","0.0","7.6","10","360","7.5","-3.3125","48.375","1021.02","4.80639","873.7","870.0"
"40766","2021-03-04 00:00:00","1399-12-14 00:00:00","-1.2","16.7","0.2","5.2","9","140","7.8","-2.3875","46.75","1017.57","5.20765","871.5","865.0"
"40766","2021-03-05 00:00:00","1399-12-15 00:00:00","7.6","12.0","0.5","4.8","9","270","9.8","0.15","57.625","1016.56","6.21951","873.6","863.0"
"40766","2021-03-06 00:00:00","1399-12-16 00:00:00","-2.0","14.1","0.0","10.2","5","260","6.1","-2.7875","56.0","1021.96","5.05588","875.0","871.1"
"40766","2021-03-07 00:00:00","1399-12-17 00:00:00","-2.6","16.5","0.0","9.4","5","340","6.9","-11.4125","36.625","1018.27","3.00606","871.7","867.2"
"40766","2021-03-08 00:00:00","1399-12-18 00:00:00","-0.8","18.0","0.0","9.0","8","260","8.6","-9.4875","26.5","1015.49","3.01472","868.8","864.5"
"40766","2021-03-09 00:00:00","1399-12-19 00:00:00","4.7","16.4","0.0","9.3","9","280","10.5","-5.2","35.75","1017.33","4.26072","869.8","866.5"
"40766","2021-03-10 00:00:00","1399-12-20 00:00:00","-0.2","16.4","0.0","7.8","7","300","8.1","-1.9","48.625","1019.77","5.32849","872.2","869.7"
"40766","2021-03-11 00:00:00","1399-12-21 00:00:00","5.4","18.6","0.0","0.1","7","180","12.0","-2.5","36.25","1013.12","5.12422","868.9","859.9"
"40766","2021-03-12 00:00:00","1399-12-22 00:00:00","9.0","14.6","18.01","0.0","17","260","11.8","3.55","75.125","1005.51","8.08812","860.2","855.3"
"40766","2021-03-13 00:00:00","1399-12-23 00:00:00","4.1","13.5","0.6","8.7","5","280","8.8","1.05","63.875","1015.75","6.61053","869.8","861.7"
"40766","2021-03-14 00:00:00","1399-12-24 00:00:00","0.6","16.0","0.0","6.4","5","110","8.3","1.25","64.0","1017.78","6.77121","870.7","867.4"
"40766","2021-03-15 00:00:00","1399-12-25 00:00:00","3.7","19.1","0.0","3.0","6","200","11.4","-0.025","51.75","1016.59","6.26456","868.7","867.1"
"40766","2021-03-16 00:00:00","1399-12-26 00:00:00","4.7","20.1","0.0","1.8","6","90","12.4","-1.4875","39.5","1016.89","5.59927","869.6","867.1"
"40766","2021-03-17 00:00:00","1399-12-27 00:00:00","10.0","23.0","1.0","4.2","8","170","16.5","1.85","38.5","1015.07","7.05575","867.6","865.5"
"40766","2021-03-18 00:00:00","1399-12-28 00:00:00","12.8","21.3","0.0","4.8","9","240","17.0","-0.9","32.0","1013.57","5.93444","865.9","864.6"
"40766","2021-03-19 00:00:00","1399-12-29 00:00:00","4.2","16.4","0.0","8.4","11","280","10.3","-3.875","40.0","1016.73","4.64222","869.7","866.4"
"40766","2021-03-20 00:00:00","1399-12-30 00:00:00","1.1","15.8","0.0","7.2","6","280","8.4","-8.375","34.75","1018.72","3.48929","872.4","868.5"
"40766","2021-03-21 00:00:00","1400-01-01 00:00:00","1.3","18.6","0.0","10.7","8","280","9.9","-5.1125","34.375","1015.61","4.22491","868.5","865.2"
"40766","2021-03-22 00:00:00","1400-01-02 00:00:00","1.3","19.7","0.0","6.9","7","270","10.5","-2.82222","42.0","1017.52","5.02683","869.6","867.4"
"40766","2021-03-23 00:00:00","1400-01-03 00:00:00","9.4","15.6","0.7","0.0","5","110","12.5","4.3875","57.125","1017.61","8.41559","871.4","866.7"
"40766","2021-03-24 00:00:00","1400-01-04 00:00:00","10.0","23.8","0.02","0.3","12","160","16.9","1.875","33.75","1009.66","7.09428","864.4","859.8"
"40766","2021-03-25 00:00:00","1400-01-05 00:00:00","11.8","18.7","2.2","6.8","11","30","15.3","-0.225","44.625","1012.69","6.55169","868.6","861.3"
"40766","2021-03-26 00:00:00","1400-01-06 00:00:00","1.7","19.5","0.0","9.5","8","260","10.6","-4.7125","38.875","1016.67","4.4655","869.7","866.2"
"40766","2021-03-27 00:00:00","1400-01-07 00:00:00","2.5","18.2","0.0","9.7","11","260","10.4","-8.0625","31.0","1016.98","3.39995","871.5","866.3"
"40766","2021-03-28 00:00:00","1400-01-08 00:00:00","-0.8","15.9","0.0","10.4","6","110","7.5","-10.9","31.625","1020.94","2.76496","873.7","870.4"
"40766","2021-03-29 00:00:00","1400-01-09 00:00:00","-2.3","19.0","0.0","11.0","5","220","8.4","-11.35","29.875","1020.24","2.71832","872.8","869.7"
"40766","2021-03-30 00:00:00","1400-01-10 00:00:00","-2.4","22.1","0.0","11.0","5","210","9.9","-11.9125","26.75","1018.86","2.73284","871.9","868.2"
"40766","2021-03-31 00:00:00","1400-01-11 00:00:00","8.1","22.5","0.1","1.2","6","170","15.3","-3.175","29.0","1017.74","4.89651","870.6","867.6"
"40766","2021-04-01 00:00:00","1400-01-12 00:00:00","14.0","24.7","0.1","6.2","9","90","19.4","0.9125","32.75","1017.66","6.54738","869.7","868.1"
"40766","2021-04-02 00:00:00","1400-01-13 00:00:00","11.3","23.7","0.0","5.2","7","220","17.5","-4.05","25.125","1014.72","4.60291","868.1","864.4"
"40766","2021-04-03 00:00:00","1400-01-14 00:00:00","5.9","16.4","0.0","11.3","11","300","11.1","-5.425","37.0","1016.2","4.23673","871.2","865.0"
"40766","2021-04-04 00:00:00","1400-01-15 00:00:00","-0.8","17.4","0.0","11.1","8","280","8.3","-5.85","42.75","1020.88","4.20246","873.1","870.0"
"40766","2021-04-05 00:00:00","1400-01-16 00:00:00","1.0","19.4","0.0","9.5","7","280","10.2","-4.3875","38.5","1022.09","4.50446","874.1","871.2"
"40766","2021-04-06 00:00:00","1400-01-17 00:00:00","3.7","23.1","0.0","7.0","7","290","13.4","-2.6125","36.125","1022.91","5.0955","874.6","872.1"
"40766","2021-04-07 00:00:00","1400-01-18 00:00:00","4.6","25.7","0.0","9.0","4","130","15.2","-6.55","27.875","1022.43","4.02687","875.1","871.5"
"40766","2021-04-08 00:00:00","1400-01-19 00:00:00","5.3","24.3","0.0","4.0","5","300","14.8","-2.1625","33.0","1019.39","5.33533","872.1","868.2"
"40766","2021-04-09 00:00:00","1400-01-20 00:00:00","10.3","27.0","0.0","7.9","10","190","18.6","1.225","36.5","1014.48","6.76787","867.2","864.2"
"40766","2021-04-10 00:00:00","1400-01-21 00:00:00","10.1","26.2","0.0","0.3","9","170","18.2","-2.1","28.25","1014.46","5.48407","867.4","864.9"
"40766","2021-04-11 00:00:00","1400-01-22 00:00:00","13.6","24.8","1.3","9.2","12","170","19.2","-0.8375","30.875","1017.2","5.9978","871.3","865.8"
"40766","2021-04-12 00:00:00","1400-01-23 00:00:00","5.0","24.4","0.0","10.3","8","170","14.7","-3.6875","33.125","1019.27","4.88329","871.0","868.7"
"40766","2021-04-13 00:00:00","1400-01-24 00:00:00","3.1","24.8","0.0","10.1","12","250","13.9","-3.5625","32.5","1019.22","4.75801","871.2","869.0"
"40766","2021-04-14 00:00:00","1400-01-25 00:00:00","5.7","23.6","0.0","9.8","8","250","14.6","-8.375","29.125","1018.31","4.01152","870.4","868.0"
"40766","2021-04-15 00:00:00","1400-01-26 00:00:00","0.4","23.8","0.0","10.6","8","290","12.1","-11.05","22.25","1018.95","2.73359","871.2","868.7"
"40766","2021-04-16 00:00:00","1400-01-27 00:00:00","1.9","24.3","0.0","11.8","8","300","13.1","-9.4","22.125","1019.69","3.09366","871.8","869.6"
"40766","2021-04-17 00:00:00","1400-01-28 00:00:00","3.3","25.8","0.0","9.3","6","270","14.5","-4.2625","28.625","1020.18","4.47737","872.6","869.4"
"40766","2021-04-18 00:00:00","1400-01-29 00:00:00","4.9","27.3","0.0","9.6","7","290","16.1","-3.3125","29.25","1020.62","4.90049","873.1","870.0"
"40766","2021-04-19 00:00:00","1400-01-30 00:00:00","6.3","28.3","0.0","8.6","8","280","17.3","-0.1625","31.25","1020.13","6.09371","872.6","869.3"
"40766","2021-04-20 00:00:00","1400-01-31 00:00:00","9.0","30.0","0.0","7.0","5","130","19.5","1.1","31.625","1020.2","6.6858","872.6","869.4"
"40766","2021-04-21 00:00:00","1400-02-01 00:00:00","11.6","31.8","0.0","11.1","5","310","21.7","0.075","27.375","1020.64","6.26437","872.9","870.0"
"40766","2021-04-22 00:00:00","1400-02-02 00:00:00","10.3","30.9","0.0","7.6","7","280","20.6","0.5125","27.75","1020.99","6.41827","873.3","870.3"
"40766","2021-04-23 00:00:00","1400-02-03 00:00:00","13.3","30.2","0.0","8.4","7","290","21.8","-0.9375","25.375","1020.37","5.90098","872.9","869.9"
"40766","2021-04-24 00:00:00","1400-02-04 00:00:00","8.9","29.8","0.0","11.5","8","290","19.3","-12.2375","17.25","1019.15","3.07482","871.1","868.4"
"40766","2021-04-25 00:00:00","1400-02-05 00:00:00","7.3","30.1","0.0","11.2","5","310","18.7","-6.3125","20.0","1019.33","3.90073","871.4","868.9"
"40766","2021-04-26 00:00:00","1400-02-06 00:00:00","9.9","32.3","0.0","7.8","14","180","21.1","-2.6375","25.375","1016.87","5.25404","869.7","866.6"
"40766","2021-04-27 00:00:00","1400-02-07 00:00:00","16.3","27.1","3.0","1.6","11","170","21.7","2.5125","29.5","1017.07","7.40802","869.2","867.1"
"40766","2021-04-28 00:00:00","1400-02-08 00:00:00","12.6","28.7","0.0","11.5","9","240","20.7","-0.9125","29.375","1017.63","6.04771","870.3","866.8"
"40766","2021-04-29 00:00:00","1400-02-09 00:00:00","5.5","27.6","0.0","12.0","4","110","16.5","-0.65","33.875","1018.79","5.87292","871.7","868.1"
"40766","2021-04-30 00:00:00","1400-02-10 00:00:00","8.6","29.5","0.0","11.8","6","280","19.0","-0.6125","28.375","1016.47","5.89054","869.6","865.5"
"40766","2021-05-01 00:00:00","1400-02-11 00:00:00","10.3","28.5","0.2","9.0","14","240","19.4","-2.0375","26.75","1014.22","5.36261","867.3","864.4"
"40766","2021-05-02 00:00:00","1400-02-12 00:00:00","8.8","26.5","0.0","10.4","7","150","17.6","-2.9875","28.5","1012.79","5.10012","865.2","863.4"
"40766","2021-05-03 00:00:00","1400-02-13 00:00:00","7.1","26.4","0.0","10.7","7","110","16.8","-0.9","32.625","1013.66","5.85879","866.6","863.0"
"40766","2021-05-04 00:00:00","1400-02-14 00:00:00","8.2","27.5","0.0","11.8","7","280","17.9","-0.1875","32.25","1013.77","6.18371","866.8","863.8"
"40766","2021-05-05 00:00:00","1400-02-15 00:00:00","9.5","28.7","0.0","7.9","8","270","19.1","-2.6875","23.625","1014.64","5.06108","867.2","865.3"
"40766","2021-05-06 00:00:00","1400-02-16 00:00:00","12.8","30.0","0.0","8.0","9","170","21.4","-2.05","21.375","1014.37","5.3208","867.1","864.9"
"40766","2021-05-07 00:00:00","1400-02-17 00:00:00","12.6","27.3","0.0","2.0","7","190","20.0","-0.4875","26.625","1014.28","5.92665","866.7","864.8"
"40766","2021-05-08 00:00:00","1400-02-18 00:00:00","8.3","28.5","0.0","11.4","10","310","18.4","1.25","32.125","1015.68","6.71787","868.3","865.7"
"40766","2021-05-09 00:00:00","1400-02-19 00:00:00","9.1","30.1","0.0","11.3","8","300","19.6","-0.2875","27.125","1015.35","6.06792","868.4","865.0"
"40766","2021-05-10 00:00:00","1400-02-20 00:00:00","11.4","29.5","0.11","6.5","10","300","20.5","0.8625","30.25","1015.66","6.59222","868.2","866.0"
"40766","2021-05-11 00:00:00","1400-02-21 00:00:00","11.2","28.8","0.0","4.0","9","210","20.0","0.5625","31.125","1016.62","6.4458","868.9","867.2"
"40766","2021-05-12 00:00:00","1400-02-22 00:00:00","16.2","29.7","0.0","8.2","7","350","23.0","0.971429","26.1429","1016.16","6.67465","868.7","866.0"
"40766","2021-05-13 00:00:00","1400-02-23 00:00:00","14.9","31.4","4.0","8.2","7","100","23.1","1.7875","28.625","1016.13","7.05975","869.1","865.6"
"40766","2021-05-14 00:00:00","1400-02-24 00:00:00","10.8","30.5","0.0","12.0","5","20","20.6","0.7","30.375","1015.69","6.75208","868.9","865.0"
"40766","2021-05-15 00:00:00","1400-02-25 00:00:00","14.5","30.0","0.0","12.2","8","100","22.3","0.5125","24.5","1013.6","6.39271","866.6","863.5"
"40766","2021-05-16 00:00:00","1400-02-26 00:00:00","13.5","31.6","0.0","11.0","20","290","22.5","0.15","24.375","1014.0","6.29598","866.4","864.3"
"40766","2021-05-17 00:00:00","1400-02-27 00:00:00","11.7","34.1","0.0","12.0","9","270","22.9","-5.1","19.5","1015.75","4.50653","868.3","866.0"
"40766","2021-05-18 00:00:00","1400-02-28 00:00:00","11.4","34.2","0.0","12.0","10","280","22.8","-7.2375","15.875","1016.38","3.81244","869.0","866.6"
"40766","2021-05-19 00:00:00","1400-02-29 00:00:00","11.0","34.0","0.0","12.6","7","310","22.5","-8.325","13.875","1017.14","3.4652","869.3","867.6"
"40766","2021-05-20 00:00:00","1400-02-30 00:00:00","10.3","34.3","0.0","12.7","5","120","22.3","-12.8375","14.0","1017.92","2.90572","870.4","867.8"
"40766","2021-05-21 00:00:00","1400-02-31 00:00:00","","36.3","0.0","9.3","5","170","","-14.5875","10.25","1016.63","2.43559","869.8","866.4"
"40766","2021-05-22 00:00:00","1400-03-01 00:00:00","14.3","36.4","0.0","8.3","9","240","25.4","-7.8125","11.0","1013.6","3.55745","867.1","863.2"
"40766","2021-05-23 00:00:00","1400-03-02 00:00:00","17.1","32.4","0.0","3.5","10","90","24.8","0.1625","22.25","1012.74","6.25184","866.2","862.8"
"40766","2021-05-24 00:00:00","1400-03-03 00:00:00","11.9","32.0","0.0","10.2","7","180","22.0","-2.4125","23.0","1015.49","5.38323","867.5","866.1"
"40766","2021-05-25 00:00:00","1400-03-04 00:00:00","12.8","32.0","0.1","8.2","13","100","22.4","-3.1125","20.75","1011.77","5.1213","866.0","861.7"
"40766","2021-05-26 00:00:00","1400-03-05 00:00:00","12.1","29.7","0.0","12.3","7","300","20.9","0.7375","28.125","1014.37","6.63902","867.3","864.6"
"40766","2021-05-27 00:00:00","1400-03-06 00:00:00","10.6","31.9","0.0","12.6","5","300","21.3","-3.1125","20.375","1016.5","4.93671","869.0","866.7"
"40766","2021-05-28 00:00:00","1400-03-07 00:00:00","10.4","34.1","0.0","11.5","6","280","22.3","-5.9125","17.125","1016.09","4.28135","868.9","866.0"
"40766","2021-05-29 00:00:00","1400-03-08 00:00:00","12.6","35.1","0.0","12.4","8","250","23.8","-11.8375","12.875","1016.49","2.97226","868.7","866.8"
"40766","2021-05-30 00:00:00","1400-03-09 00:00:00","11.7","35.1","0.0","12.2","9","280","23.4","-9.4125","11.875","1018.31","3.25801","870.1","868.5"
"40766","2021-05-31 00:00:00","1400-03-10 00:00:00","12.4","34.1","0.0","12.1","6","310","23.3","-7.575","14.125","1016.97","3.61404","870.1","866.4"
"40766","2021-06-01 00:00:00","1400-03-11 00:00:00","11.7","34.8","0.0","12.4","7","290","23.3","-7.3625","12.875","1016.17","3.61206","868.5","866.4"
"40766","2021-06-02 00:00:00","1400-03-12 00:00:00","12.4","36.2","0.0","12.2","11","270","24.3","-6.425","13.0","1017.0","3.88354","869.0","867.1"
"40766","2021-06-03 00:00:00","1400-03-13 00:00:00","14.5","35.3","0.0","12.3","8","290","24.9","-6.475","13.5","1017.27","3.8692","869.3","867.4"
"40766","2021-06-04 00:00:00","1400-03-14 00:00:00","11.6","35.7","0.0","12.0","9","280","23.7","-7.45","13.375","1017.67","3.58159","870.4","867.6"
"40766","2021-06-05 00:00:00","1400-03-15 00:00:00","12.7","37.3","0.0","12.0","8","280","25.0","-5.875","14.5","1015.14","4.11942","867.9","865.0"
"40766","2021-06-06 00:00:00","1400-03-16 00:00:00","13.7","36.0","0.0","12.0","9","280","24.9","-9.175","11.5","1015.24","3.2687","867.5","865.5"
"40766","2021-06-07 00:00:00","1400-03-17 00:00:00","15.2","32.9","0.0","13.0","9","280","24.1","-12.875","10.5","1016.53","2.73421","868.6","866.9"
"40766","2021-06-08 00:00:00","1400-03-18 00:00:00","9.8","33.6","0.0","12.4","8","290","21.7","-19.9375","7.375","1015.47","1.58509","868.6","864.8"
"40766","2021-06-09 00:00:00","1400-03-19 00:00:00","10.0","34.7","0.0","12.6","7","300","22.4","-14.5125","7.125","1013.19","1.89277","866.3","863.3"
"40766","2021-06-10 00:00:00","1400-03-20 00:00:00","15.2","33.3","0.0","12.3","9","290","24.3","-8.975","11.5","1012.98","3.18547","865.5","863.6"
"40766","2021-06-11 00:00:00","1400-03-21 00:00:00","12.4","34.8","0.0","12.5","8","290","23.6","-8.675","11.875","1013.01","3.25973","866.3","863.0"
"40766","2021-06-12 00:00:00","1400-03-22 00:00:00","12.0","35.8","0.0","12.5","9","290","23.9","-7.9875","13.875","1013.01","3.57345","865.7","863.3"
"40766","2021-06-13 00:00:00","1400-03-23 00:00:00","13.4","33.6","0.0","13.0","11","280","23.5","-12.3125","9.375","1014.74","2.55794","867.0","865.2"
"40766","2021-06-14 00:00:00","1400-03-24 00:00:00","11.2","35.8","0.0","13.0","7","280","23.5","-14.7","9.375","1013.89","2.2952","867.3","863.7"
"40766","2021-06-15 00:00:00","1400-03-25 00:00:00","12.1","38.0","0.0","13.0","7","290","25.0","-13.4","9.0","1011.34","2.53277","864.8","861.8"
"40766","2021-06-16 00:00:00","1400-03-26 00:00:00","15.6","39.9","0.0","11.5","8","290","27.8","-10.6875","10.125","1010.26","3.03","863.2","860.7"
"40766","2021-06-17 00:00:00","1400-03-27 00:00:00","15.4","39.7","0.0","12.7","9","290","27.5","-9.425","10.375","1011.43","3.20578","864.2","862.1"
"40766","2021-06-18 00:00:00","1400-03-28 00:00:00","14.2","41.4","0.0","12.8","7","290","27.8","-14.3","7.375","1011.06","2.27463","864.1","861.3"
"40766","2021-06-19 00:00:00","1400-03-29 00:00:00","18.3","42.3","0.0","11.8","10","160","30.3","-9.0125","9.625","1011.57","3.32517","864.6","861.8"
"40766","2021-06-20 00:00:00","1400-03-30 00:00:00","15.8","40.4","0.0","12.0","7","190","28.1","-8.05","12.0","1013.01","3.78254","865.7","863.5"
"40766","2021-06-21 00:00:00","1400-03-31 00:00:00","15.6","39.6","0.0","12.1","8","290","27.6","-11.9286","10.4286","1014.29","3.19682","866.7","865.1"
"40766","2021-06-22 00:00:00","1400-04-01 00:00:00","16.6","40.2","0.0","12.3","9","290","28.4","-15.3625","6.125","1015.1","2.0292","868.0","865.1"
"40766","2021-06-23 00:00:00","1400-04-02 00:00:00","15.9","40.5","0.0","12.5","9","290","28.2","-10.775","8.875","1014.41","3.02849","867.6","864.0"
"40766","2021-06-24 00:00:00","1400-04-03 00:00:00","16.7","40.1","0.0","12.2","10","290","28.4","-10.725","10.0","1013.96","3.31913","866.8","863.9"
"40766","2021-06-25 00:00:00","1400-04-04 00:00:00","17.0","40.6","0.0","11.9","10","290","28.8","-15.75","6.875","1012.61","2.2425","865.8","862.3"
"40766","2021-06-26 00:00:00","1400-04-05 00:00:00","17.9","39.7","0.0","11.0","7","290","28.8","-13.2625","7.5","1010.66","2.42541","864.2","860.6"
"40766","2021-06-27 00:00:00","1400-04-06 00:00:00","17.5","38.3","0.0","11.5","6","260","27.9","-11.9375","7.875","1013.06","2.62156","865.9","863.3"
"40766","2021-06-28 00:00:00","1400-04-07 00:00:00","17.9","39.8","0.0","11.6","9","230","28.8","-15.0","7.75","1013.92","2.40222","866.2","864.3"
"40766","2021-06-29 00:00:00","1400-04-08 00:00:00","17.0","38.6","0.0","12.0","6","290","27.8","-11.7625","7.625","1014.92","2.64549","867.6","864.8"
"40766","2021-06-30 00:00:00","1400-04-09 00:00:00","18.6","39.5","0.0","9.8","5","300","29.0","-8.325","8.75","1015.65","3.35846","868.7","865.8"
"40766","2021-07-01 00:00:00","1400-04-10 00:00:00","19.3","39.8","0.0","12.5","9","280","29.5","-9.725","8.125","1014.23","3.077","866.7","864.6"
"40766","2021-07-02 00:00:00","1400-04-11 00:00:00","16.6","39.5","0.0","12.2","7","250","28.0","-11.9375","8.0","1011.59","2.80414","865.6","861.4"
"40766","2021-07-03 00:00:00","1400-04-12 00:00:00","18.2","38.9","0.0","12.3","7","300","28.6","-8.925","9.375","1010.12","3.39114","863.5","860.3"
"40766","2021-07-04 00:00:00","1400-04-13 00:00:00","17.9","40.3","0.0","10.4","8","290","29.1","-9.2","9.14286","1008.94","3.15463","862.2","859.4"
"40766","2021-07-05 00:00:00","1400-04-14 00:00:00","17.5","39.5","0.0","12.0","9","300","28.5","-11.95","9.375","1010.39","3.10229","864.0","860.8"
"40766","2021-07-06 00:00:00","1400-04-15 00:00:00","15.3","37.7","0.0","12.5","7","300","26.5","-6.35","12.375","1012.0","4.04066","864.5","862.7"
"40766","2021-07-07 00:00:00","1400-04-16 00:00:00","15.9","37.6","0.0","11.9","8","270","26.8","-6.8875","10.625","1013.6","3.79923","866.3","864.0"
"40766","2021-07-08 00:00:00","1400-04-17 00:00:00","17.9","38.4","0.0","12.8","8","280","28.2","-6.9","10.75","1014.58","3.77933","867.6","864.5"
"40766","2021-07-09 00:00:00","1400-04-18 00:00:00","16.0","40.0","0.0","12.7","7","290","28.0","-10.575","9.125","1010.35","3.13543","865.4","859.7"
"40766","2021-07-10 00:00:00","1400-04-19 00:00:00","17.7","40.5","0.0","12.0","8","180","29.1","-2.6875","12.125","1006.82","5.22352","860.3","857.8"
"40766","2021-07-11 00:00:00","1400-04-20 00:00:00","18.8","38.7","0.0","12.0","7","300","28.8","-3.575","13.25","1010.4","5.07175","864.0","861.0"
"40766","2021-07-12 00:00:00","1400-04-21 00:00:00","16.9","38.7","0.0","11.9","7","290","27.8","-9.1875","9.75","1010.53","3.32576","864.4","860.9"
"40766","2021-07-13 00:00:00","1400-04-22 00:00:00","16.9","39.9","0.0","11.5","8","280","28.4","-5.3","10.75","1006.85","4.16518","860.8","857.1"
"40766","2021-07-14 00:00:00","1400-04-23 00:00:00","18.1","40.3","0.0","12.0","6","290","29.2","-2.675","13.375","1006.66","5.27163","860.0","857.7"
"40766","2021-07-15 00:00:00","1400-04-24 00:00:00","18.8","38.2","0.0","11.8","7","220","28.5","-4.3125","12.0","1007.87","4.52149","861.8","858.6"
"40766","2021-07-16 00:00:00","1400-04-25 00:00:00","17.2","36.3","0.0","11.6","6","260","26.8","-0.7875","17.5","1010.8","6.15391","864.2","861.3"
"40766","2021-07-17 00:00:00","1400-04-26 00:00:00","17.3","37.5","0.0","12.0","6","310","27.4","-1.9875","16.375","1012.28","5.58916","864.8","862.5"
"40766","2021-07-18 00:00:00","1400-04-27 00:00:00","18.3","38.5","0.0","12.4","7","290","28.4","-8.72857","8.42857","1012.35","3.38291","865.1","862.9"
"40766","2021-07-19 00:00:00","1400-04-28 00:00:00","19.0","39.7","0.0","12.0","6","90","29.4","-2.35714","12.7143","1011.25","5.23734","865.3","861.3"
"40766","2021-07-20 00:00:00","1400-04-29 00:00:00","23.7","41.1","0.0","10.5","5","270","32.4","-0.125","14.125","1011.32","6.24819","864.9","861.9"
"40766","2021-07-21 00:00:00","1400-04-30 00:00:00","23.4","41.3","0.0","12.1","9","290","32.3","-2.9375","10.625","1011.04","5.00358","864.8","861.8"
"40766","2021-07-22 00:00:00","1400-04-31 00:00:00","25.0","40.5","0.0","10.5","11","290","32.8","0.825","14.25","1008.24","6.53514","862.2","859.1"
"40766","2021-07-23 00:00:00","1400-05-01 00:00:00","18.7","39.3","0.0","12.4","10","300","29.0","-0.875","17.125","1006.37","6.10159","859.9","857.7"
"40766","2021-07-24 00:00:00","1400-05-02 00:00:00","17.4","40.8","0.0","12.4","8","300","29.1","-0.4125","15.75","1008.6","6.0619","862.9","859.3"
"40766","2021-07-25 00:00:00","1400-05-03 00:00:00","18.7","41.1","0.0","12.2","8","290","29.9","-4.85","10.875","1012.33","4.41385","864.9","863.0"
"40766","2021-07-26 00:00:00","1400-05-04 00:00:00","19.8","42.6","0.0","10.4","8","50","31.2","-4.275","10.625","1013.1","4.4946","866.4","862.9"
"40766","2021-07-27 00:00:00","1400-05-05 00:00:00","23.2","41.7","0.0","12.5","12","330","32.5","-8.95","7.625","1010.43","3.3174","864.4","860.2"
"40766","2021-07-28 00:00:00","1400-05-06 00:00:00","21.4","41.7","0.0","7.6","8","280","31.5","-4.2125","10.75","1006.47","4.54783","860.4","856.9"
"40766","2021-07-29 00:00:00","1400-05-07 00:00:00","18.9","41.3","0.0","12.0","9","170","30.1","-12.1","12.75","1005.97","4.48954","859.8","857.1"
"40766","2021-07-30 00:00:00","1400-05-08 00:00:00","17.6","39.4","0.0","12.0","7","160","28.5","-10.1875","11.875","1007.02","3.89177","860.5","857.8"
"40766","2021-07-31 00:00:00","1400-05-09 00:00:00","16.5","38.7","0.0","11.4","9","210","27.6","-11.15","8.25","1009.15","2.93709","862.6","860.1"
"40766","2021-08-01 00:00:00","1400-05-10 00:00:00","16.8","37.5","0.0","9.4","6","270","27.1","-2.975","12.875","1010.09","5.13121","863.7","860.3"
"40766","2021-08-02 00:00:00","1400-05-11 00:00:00","19.2","36.7","0.0","8.9","12","180","28.0","3.625","21.625","1010.38","7.38757","863.7","860.9"
"40766","2021-08-03 00:00:00","1400-05-12 00:00:00","21.0","35.8","0.0","2.3","19","230","28.4","5.0875","26.375","1012.54","9.00212","865.7","863.3"
"40766","2021-08-04 00:00:00","1400-05-13 00:00:00","20.0","37.8","0.0","8.7","9","90","28.9","2.35","20.625","1014.16","7.3884","866.9","864.4"
"40766","2021-08-05 00:00:00","1400-05-14 00:00:00","22.9","37.7","0.0","7.0","10","330","30.3","1.175","17.375","1012.68","6.77114","866.0","862.6"
"40766","2021-08-06 00:00:00","1400-05-15 00:00:00","21.5","38.6","0.0","10.0","10","90","30.0","1.65714","17.1429","1011.48","6.88911","864.3","862.1"
"40766","2021-08-07 00:00:00","1400-05-16 00:00:00","25.4","38.3","0.1","2.0","10","280","31.8","4.5","21.75","1012.81","8.55306","866.4","862.5"
"40766","2021-08-08 00:00:00","1400-05-17 00:00:00","19.0","37.5","0.0","11.1","5","290","28.3","2.15","21.625","1014.9","7.60301","867.6","865.0"
"40766","2021-08-09 00:00:00","1400-05-18 00:00:00","19.0","40.0","0.0","12.2","8","290","29.5","-3.2625","14.125","1015.01","5.13155","867.9","865.0"
"40766","2021-08-10 00:00:00","1400-05-19 00:00:00","19.3","40.5","0.0","11.5","9","210","29.9","-3.0625","13.75","1012.74","5.0019","866.1","862.3"
"40766","2021-08-11 00:00:00","1400-05-20 00:00:00","17.5","38.3","0.0","12.0","10","290","27.9","-6.575","14.0","1013.42","4.57092","866.1","864.1"
"40766","2021-08-12 00:00:00","1400-05-21 00:00:00","20.4","39.6","0.0","2.2","9","180","30.0","-4.55","12.125","1014.12","4.44632","866.5","864.6"
"40766","2021-08-13 00:00:00","1400-05-22 00:00:00","18.3","37.6","0.0","12.1","9","280","27.9","-5.7125","11.5","1014.33","4.13483","866.9","865.0"
"40766","2021-08-14 00:00:00","1400-05-23 00:00:00","15.8","38.4","0.0","11.8","7","290","27.1","-9.0625","11.0","1011.46","3.28348","865.1","861.0"
"40766","2021-08-15 00:00:00","1400-05-24 00:00:00","15.9","38.0","0.0","11.5","9","280","27.0","-5.0375","13.875","1009.58","4.45801","862.9","860.0"
"40766","2021-08-16 00:00:00","1400-05-25 00:00:00","17.4","38.8","0.0","11.3","10","300","28.1","-3.525","14.625","1010.95","4.84494","864.2","861.1"
"40766","2021-08-17 00:00:00","1400-05-26 00:00:00","17.6","38.0","0.0","11.2","7","280","27.8","-5.9875","12.5","1011.37","4.14242","864.4","861.4"
"40766","2021-08-18 00:00:00","1400-05-27 00:00:00","16.5","37.7","0.0","10.9","6","300","27.1","-4.9125","12.875","1009.95","4.36727","864.1","860.5"
"40766","2021-08-19 00:00:00","1400-05-28 00:00:00","18.8","38.6","0.0","11.0","8","300","28.7","-4.075","12.375","1010.8","4.60227","863.9","861.2"
"40766","2021-08-20 00:00:00","1400-05-29 00:00:00","17.7","37.5","0.0","11.7","8","210","27.6","-2.625","15.0","1013.06","5.09297","866.0","863.7"
"40766","2021-08-21 00:00:00","1400-05-30 00:00:00","17.0","36.4","0.0","11.3","8","280","26.7","-6.3875","11.875","1014.73","3.89357","867.3","865.1"
"40766","2021-08-22 00:00:00","1400-05-31 00:00:00","16.2","36.3","0.0","11.5","7","300","26.3","-7.4375","11.125","1014.8","3.58824","867.2","864.8"
"40766","2021-08-23 00:00:00","1400-06-01 00:00:00","17.2","37.9","0.0","11.7","5","270","27.6","-8.925","9.375","1014.74","3.27127","867.6","864.7"
"40766","2021-08-24 00:00:00","1400-06-02 00:00:00","17.4","38.9","0.0","11.2","9","280","28.2","-8.575","9.625","1016.55","3.35261","868.9","866.4"
"40766","2021-08-25 00:00:00","1400-06-03 00:00:00","18.1","39.1","0.0","11.2","8","290","28.6","-8.15","9.5","1016.99","3.45034","869.6","866.8"
"40766","2021-08-26 00:00:00","1400-06-04 00:00:00","18.2","38.5","0.0","12.0","11","280","28.4","-7.825","10.375","1015.61","3.64589","868.6","865.5"
"40766","2021-08-27 00:00:00","1400-06-05 00:00:00","14.8","38.8","0.0","11.5","6","290","26.8","-13.4875","9.0","1014.44","2.56777","868.2","864.6"
"40766","2021-08-28 00:00:00","1400-06-06 00:00:00","17.4","38.9","0.0","11.5","7","90","28.2","-11.575","8.75","1013.32","2.88136","867.1","863.3"
"40766","2021-08-29 00:00:00","1400-06-07 00:00:00","20.5","38.3","0.0","11.2","10","110","29.4","-6.7125","10.5","1012.49","3.90031","866.0","862.5"
"40766","2021-08-30 00:00:00","1400-06-08 00:00:00","19.9","38.7","0.0","10.8","7","290","29.3","-6.8125","10.625","1014.38","3.87473","867.0","864.8"
"40766","2021-08-31 00:00:00","1400-06-09 00:00:00","18.4","39.7","0.0","11.2","8","290","29.0","-11.0375","8.0","1016.05","2.72181","869.3","865.5"
"40766","2021-09-01 00:00:00","1400-06-10 00:00:00","16.6","38.6","0.0","11.7","10","290","27.6","-12.3875","8.0","1016.38","2.58596","869.5","866.0"
"40766","2021-09-02 00:00:00","1400-06-11 00:00:00","16.1","38.1","0.0","10.2","8","270","27.1","-6.65","10.875","1014.81","3.7617","868.2","864.5"
"40766","2021-09-03 00:00:00","1400-06-12 00:00:00","17.9","38.1","0.0","10.4","11","260","28.0","-7.4125","12.125","1012.94","3.67581","866.0","863.3"
"40766","2021-09-04 00:00:00","1400-06-13 00:00:00","14.8","36.5","0.0","10.8","13","270","25.6","-14.85","9.875","1014.21","2.45551","866.8","864.8"
"40766","2021-09-05 00:00:00","1400-06-14 00:00:00","10.4","34.8","0.0","11.2","10","300","22.6","-12.675","10.25","1014.87","2.58757","867.6","864.8"
"40766","2021-09-06 00:00:00","1400-06-15 00:00:00","13.2","36.4","0.0","10.4","9","300","24.8","-12.2375","9.75","1016.01","2.59857","868.6","866.1"
"40766","2021-09-07 00:00:00","1400-06-16 00:00:00","14.3","36.9","0.0","11.0","8","270","25.6","-10.7875","9.625","1017.34","2.81321","870.3","867.3"
"40766","2021-09-08 00:00:00","1400-06-17 00:00:00","14.0","37.0","0.0","10.3","9","280","25.5","-7.9125","12.5","1015.42","3.49989","868.9","865.0"
"40766","2021-09-09 00:00:00","1400-06-18 00:00:00","15.0","37.7","0.0","10.2","6","290","26.4","-7.2375","13.25","1013.36","3.88997","866.6","863.5"
"40766","2021-09-10 00:00:00","1400-06-19 00:00:00","14.4","37.0","0.0","10.4","6","240","25.7","-7.4125","13.5","1014.06","3.8696","867.2","863.9"
"40766","2021-09-11 00:00:00","1400-06-20 00:00:00","15.2","37.3","0.0","11.0","9","200","26.3","-11.4625","11.75","1013.01","3.07891","866.2","863.2"
"40766","2021-09-12 00:00:00","1400-06-21 00:00:00","14.8","36.4","0.0","10.8","11","190","25.6","-10.6125","12.25","1012.77","3.11518","865.2","863.0"
"40766","2021-09-13 00:00:00","1400-06-22 00:00:00","12.8","36.1","0.0","10.3","9","200","24.4","-12.6","10.125","1013.11","2.72782","865.5","863.9"
"40766","2021-09-14 00:00:00","1400-06-23 00:00:00","12.0","36.6","0.0","11.0","7","180","24.3","-10.7875","11.75","1014.61","2.87968","867.7","865.0"
"40766","2021-09-15 00:00:00","1400-06-24 00:00:00","13.5","37.2","0.0","10.9","8","200","25.4","-9.4125","12.25","1015.21","3.26211","868.2","865.2"
"40766","2021-09-16 00:00:00","1400-06-25 00:00:00","12.8","36.0","0.0","10.8","9","300","24.4","-6.525","14.875","1014.3","3.98188","867.5","864.0"
"40766","2021-09-17 00:00:00","1400-06-26 00:00:00","13.9","32.3","0.0","10.8","9","290","23.1","-5.7","16.5","1014.75","4.14812","867.5","864.9"
"40766","2021-09-18 00:00:00","1400-06-27 00:00:00","11.9","31.8","0.0","10.1","8","290","21.8","-4.025","17.75","1015.92","4.57555","868.5","866.1"
"40766","2021-09-19 00:00:00","1400-06-28 00:00:00","12.3","32.6","0.0","10.8","7","290","22.4","-5.5125","17.0","1017.03","4.19959","869.6","866.8"
"40766","2021-09-20 00:00:00","1400-06-29 00:00:00","11.2","32.7","0.0","10.3","8","300","22.0","-7.2875","15.0","1016.93","3.6574","869.9","866.0"
"40766","2021-09-21 00:00:00","1400-06-30 00:00:00","10.9","32.9","0.0","10.8","6","290","21.9","-8.4375","15.5","1015.38","3.42528","868.8","864.9"
"40766","2021-09-22 00:00:00","1400-06-31 00:00:00","11.1","33.6","0.0","10.2","8","300","22.3","-9.2625","13.75","1012.24","3.21259","865.3","862.0"
"40766","2021-09-23 00:00:00","1400-07-01 00:00:00","11.1","32.7","0.0","9.8","7","290","21.9","-8.5","13.875","1013.25","3.37424","866.1","863.5"
"40766","2021-09-24 00:00:00","1400-07-02 00:00:00","12.3","32.9","0.0","10.6","9","240","22.6","-4.825","17.125","1015.48","4.3543","868.5","865.6"
"40766","2021-09-25 00:00:00","1400-07-03 00:00:00","12.4","29.3","0.0","10.6","9","280","20.8","1.0625","27.875","1018.35","6.67612","870.9","868.1"
"40766","2021-09-26 00:00:00","1400-07-04 00:00:00","10.1","30.4","0.0","11.0","4","300","20.3","-2.6","25.5","1017.23","5.23031","870.1","866.9"
"40766","2021-09-27 00:00:00","1400-07-05 00:00:00","9.7","34.2","0.0","10.6","7","110","22.0","-12.1375","14.5","1014.77","2.77038","868.1","864.3"
"40766","2021-09-28 00:00:00","1400-07-06 00:00:00","10.3","32.0","0.0","10.0","7","300","21.1","-12.6125","11.625","1015.45","2.44252","867.8","865.7"
"40766","2021-09-29 00:00:00","1400-07-07 00:00:00","11.0","32.5","0.0","10.1","8","260","21.8","-6.525","16.0","1016.23","3.9946","869.5","865.7"
"40766","2021-09-30 00:00:00","1400-07-08 00:00:00","10.8","32.5","0.0","10.3","11","250","21.6","-4.6625","19.625","1016.56","4.36515","868.6","867.1"
"40766","2021-10-01 00:00:00","1400-07-09 00:00:00","8.5","31.2","0.0","10.2","7","280","19.9","-8.6125","17.0","1018.11","3.33016","870.4","868.0"
"40766","2021-10-02 00:00:00","1400-07-10 00:00:00","8.4","31.4","0.0","10.2","8","270","19.9","-12.2625","12.0","1018.83","2.42609","871.4","868.6"
"40766","2021-10-03 00:00:00","1400-07-11 00:00:00","12.5","33.2","0.0","10.0","6","310","22.9","-10.6","11.125","1018.19","2.74389","871.2","867.5"
"40766","2021-10-04 00:00:00","1400-07-12 00:00:00","13.3","32.8","0.0","10.0","18","240","23.0","-7.65","14.5","1016.69","3.51211","868.7","866.9"
"40766","2021-10-05 00:00:00","1400-07-13 00:00:00","8.6","28.9","0.0","10.2","7","280","18.8","-14.925","16.375","1016.62","2.62302","868.6","866.8"
"40766","2021-10-06 00:00:00","1400-07-14 00:00:00","4.3","27.5","0.0","5.3","8","270","15.9","-7.0","19.625","1017.57","4.14752","870.7","867.2"
"40766","2021-10-07 00:00:00","1400-07-15 00:00:00","8.7","30.3","0.0","9.7","8","280","19.5","-8.275","21.125","1018.32","3.88407","870.2","868.1"
"40766","2021-10-08 00:00:00","1400-07-16 00:00:00","6.2","29.1","0.0","10.6","5","120","17.6","-13.325","14.25","1019.6","2.49726","872.9","869.0"
"40766","2021-10-09 00:00:00","1400-07-17 00:00:00","4.5","26.8","0.0","10.6","4","300","15.6","-15.8125","11.625","1020.68","1.88186","872.5","870.0"
"40766","2021-10-10 00:00:00","1400-07-18 00:00:00","7.7","28.8","0.0","10.5","8","100","18.3","-10.5125","15.25","1020.62","2.83529","873.2","869.8"
"40766","2021-10-11 00:00:00","1400-07-19 00:00:00","7.6","29.1","0.0","10.4","8","110","18.4","-11.8625","15.0","1018.76","1.8968","871.6","868.1"
"40766","2021-10-12 00:00:00","1400-07-20 00:00:00","8.9","29.3","0.0","10.2","5","90","19.1","-11.975","14.125","1018.79","2.56966","871.2","868.4"
"40766","2021-10-13 00:00:00","1400-07-21 00:00:00","7.8","29.0","0.0","8.8","6","290","18.4","-10.575","13.625","1021.45","3.04985","873.2","870.8"
"40766","2021-10-14 00:00:00","1400-07-22 00:00:00","10.9","30.3","0.0","9.5","5","240","20.6","-3.9","20.125","1023.59","4.60849","875.4","873.2"
"40766","2021-10-15 00:00:00","1400-07-23 00:00:00","","30.8","0.0","10.0","6","290","","-4.64286","17.2857","1022.02","4.3952","874.7","871.1"
"40766","2021-10-16 00:00:00","1400-07-24 00:00:00","11.4","31.0","0.0","9.5","8","300","21.2","-2.0875","21.75","1018.91","5.25708","872.1","868.1"
"40766","2021-10-17 00:00:00","1400-07-25 00:00:00","11.3","30.5","0.0","8.6","10","280","20.9","-7.1125","18.25","1016.91","3.86253","869.2","866.4"
"40766","2021-10-18 00:00:00","1400-07-26 00:00:00","9.1","24.0","0.0","10.1","7","280","16.5","-3.2125","27.375","1018.8","4.89948","870.7","868.7"
"40766","2021-10-19 00:00:00","1400-07-27 00:00:00","6.2","25.9","0.0","10.3","8","270","16.0","-3.825","31.5","1019.46","4.98832","871.9","868.4"
"40766","2021-10-20 00:00:00","1400-07-28 00:00:00","7.9","23.4","0.0","10.2","7","300","15.6","-0.0125","36.625","1021.04","6.17327","873.0","870.5"
"40766","2021-10-21 00:00:00","1400-07-29 00:00:00","5.7","22.8","0.0","10.0","5","120","14.3","-2.5625","34.375","1022.44","5.17556","874.3","872.1"
"40766","2021-10-22 00:00:00","1400-07-30 00:00:00","6.2","24.1","0.0","10.0","9","100","15.1","-6.35","25.125","1022.79","3.88724","875.4","872.2"
"40766","2021-10-23 00:00:00","1400-08-01 00:00:00","4.8","24.4","0.0","9.8","9","300","14.6","-8.45","21.0","1021.14","3.30554","873.1","870.5"
"40766","2021-10-24 00:00:00","1400-08-02 00:00:00","9.6","21.6","0.0","9.9","5","280","15.6","-13.5375","16.125","1019.67","2.3903","871.7","869.3"
"40766","2021-10-25 00:00:00","1400-08-03 00:00:00","1.5","23.4","0.0","10.1","5","300","12.4","-16.8625","12.5","1019.89","1.66619","872.1","869.4"
"40766","2021-10-26 00:00:00","1400-08-04 00:00:00","2.4","21.8","0.0","9.5","7","290","12.1","-12.925","17.375","1020.95","2.40751","873.3","870.2"
"40766","2021-10-27 00:00:00","1400-08-05 00:00:00","6.4","21.6","0.0","9.7","4","270","14.0","-4.0875","31.125","1022.71","4.55404","875.5","872.1"
"40766","2021-10-28 00:00:00","1400-08-06 00:00:00","5.5","22.9","0.0","8.0","7","300","14.2","-5.675","25.625","1022.22","4.02756","874.3","871.7"
"40766","2021-10-29 00:00:00","1400-08-07 00:00:00","7.1","19.3","0.11","0.0","9","130","13.2","2.3625","47.375","1023.72","7.45599","875.6","871.8"
"40766","2021-10-30 00:00:00","1400-08-08 00:00:00","9.9","25.4","0.0","6.1","10","120","17.6","5.4375","50.75","1027.79","9.1243","879.8","875.1"
"40766","2021-10-31 00:00:00","1400-08-09 00:00:00","13.9","26.6","0.01","2.3","9","240","20.3","2.4625","37.75","1029.07","7.54438","879.8","877.6"
"40766","2021-11-01 00:00:00","1400-08-10 00:00:00","10.1","26.9","0.0","7.5","7","270","18.5","-2.3125","28.375","1026.28","5.24087","879.1","874.6"
"40766","2021-11-02 00:00:00","1400-08-11 00:00:00","6.9","26.0","0.0","8.9","6","300","16.5","-2.1125","29.375","1022.84","5.29766","875.5","871.8"
"40766","2021-11-03 00:00:00","1400-08-12 00:00:00","11.1","15.9","15.0","1.4","13","300","13.5","7.1625","73.125","1023.65","10.488","877.0","872.5"
"40766","2021-11-04 00:00:00","1400-08-13 00:00:00","7.5","20.8","0.0","5.3","9","100","14.1","7.0375","68.625","1021.68","10.1296","873.4","870.3"
"40766","2021-11-05 00:00:00","1400-08-14 00:00:00","","19.6","0.0","5.4","9","110","","2.75","56.0","1022.03","7.61753","874.1","871.8"
"40766","2021-11-06 00:00:00","1400-08-15 00:00:00","7.2","17.4","0.0","6.0","7","150","12.3","2.4","58.625","1020.53","7.42034","872.9","870.0"
"40766","2021-11-07 00:00:00","1400-08-16 00:00:00","1.6","15.9","0.0","9.9","7","90","8.8","-1.6125","49.0","1019.37","5.46306","871.5","869.1"
"40766","2021-11-08 00:00:00","1400-08-17 00:00:00","2.5","16.6","0.0","9.9","7","110","9.6","-2.7125","43.375","1022.33","5.07084","874.8","871.6"
"40766","2021-11-09 00:00:00","1400-08-18 00:00:00","2.5","18.2","0.0","9.7","5","120","10.4","-4.425","41.625","1025.09","4.45861","877.2","874.2"
"40766","2021-11-10 00:00:00","1400-08-19 00:00:00","-1.1","19.7","0.0","9.0","5","120","9.3","-6.2875","37.0","1020.99","3.88103","874.1","869.1"
"40766","2021-11-11 00:00:00","1400-08-20 00:00:00","6.9","17.0","3.01","1.8","11","150","11.9","-0.4","53.0","1017.6","6.35484","869.7","867.4"
"40766","2021-11-12 00:00:00","1400-08-21 00:00:00","6.2","15.6","14.91","3.3","6","70","10.9","4.575","71.625","1017.24","8.48821","873.0","865.1"
"40766","2021-11-13 00:00:00","1400-08-22 00:00:00","4.6","14.4","0.0","5.2","6","120","9.5","2.9375","69.875","1025.06","7.55751","876.6","873.6"
"40766","2021-11-14 00:00:00","1400-08-23 00:00:00","1.8","16.0","0.0","9.0","4","90","8.9","1.9","67.0","1025.07","7.01741","876.4","873.9"
"40766","2021-11-15 00:00:00","1400-08-24 00:00:00","3.4","16.3","0.0","3.8","4","100","9.8","1.325","60.25","1020.81","6.7606","874.2","868.8"
"40766","2021-11-16 00:00:00","1400-08-25 00:00:00","6.4","15.4","0.0","0.0","8","270","10.9","4.7875","74.375","1017.89","8.63478","871.4","867.2"
"40766","2021-11-17 00:00:00","1400-08-26 00:00:00","1.9","13.4","0.0","9.1","8","110","7.6","-1.925","57.375","1023.14","5.38718","875.0","872.5"
"40766","2021-11-18 00:00:00","1400-08-27 00:00:00","-1.0","16.0","0.0","9.0","7","130","7.5","-2.075","56.25","1022.3","5.26598","875.3","871.3"
"40766","2021-11-19 00:00:00","1400-08-28 00:00:00","-1.2","17.3","0.0","6.5","4","210","8.0","-1.9625","54.75","1017.81","5.33538","871.6","866.8"
"40766","2021-11-20 00:00:00","1400-08-29 00:00:00","-0.5","17.9","0.0","8.5","9","150","8.7","-2.2125","50.875","1015.54","5.38825","868.8","865.5"
"40766","2021-11-21 00:00:00","1400-08-30 00:00:00","8.1","13.1","6.2","1.0","7","130","10.6","6.125","79.0","1018.02","9.42962","870.5","868.2"
"40766","2021-11-22 00:00:00","1400-09-01 00:00:00","5.8","16.8","4.0","3.5","10","290","11.3","5.3125","81.5","1023.06","8.92206","875.8","870.9"
"40766","2021-11-23 00:00:00","1400-09-02 00:00:00","1.9","13.8","0.0","7.8","5","280","7.8","3.8375","80.125","1023.24","8.07263","875.4","872.5"
"40766","2021-11-24 00:00:00","1400-09-03 00:00:00","-0.3","15.2","0.0","8.8","3","340","7.4","-0.425","65.375","1021.9","5.97693","874.1","871.2"
"40766","2021-11-25 00:00:00","1400-09-04 00:00:00","-0.8","15.9","0.0","6.5","4","150","7.5","-0.525","58.875","1022.04","5.89443","874.1","871.7"
"40766","2021-11-26 00:00:00","1400-09-05 00:00:00","6.3","17.8","0.0","5.6","5","300","12.0","1.75","57.5","1023.24","6.95259","874.9","872.3"
"40766","2021-11-27 00:00:00","1400-09-06 00:00:00","0.5","16.8","0.0","8.8","5","290","8.6","0.9875","62.125","1024.11","6.61877","876.2","873.3"
"40766","2021-11-28 00:00:00","1400-09-07 00:00:00","1.8","16.9","0.0","7.1","6","280","9.3","-0.9375","50.25","1022.83","5.76597","874.7","872.1"
"40766","2021-11-29 00:00:00","1400-09-08 00:00:00","6.2","19.0","0.0","8.6","8","270","12.6","-0.7375","45.25","1022.73","5.8007","874.6","871.9"
"40766","2021-11-30 00:00:00","1400-09-09 00:00:00","1.3","18.3","0.0","6.8","4","100","9.8","-1.0625","53.125","1022.84","5.67692","875.6","871.5"
"40766","2021-12-01 00:00:00","1400-09-10 00:00:00","1.8","19.0","0.0","2.5","11","150","10.4","-2.8625","37.0","1017.46","4.98389","870.8","867.0"
"40766","2021-12-02 00:00:00","1400-09-11 00:00:00","11.7","17.5","7.0","5.0","12","170","14.6","0.425","56.75","1015.43","6.34885","870.2","864.7"
"40766","2021-12-03 00:00:00","1400-09-12 00:00:00","-0.9","11.8","0.0","8.6","4","120","5.5","-0.375","73.375","1022.88","5.96072","874.8","871.0"
"40766","2021-12-04 00:00:00","1400-09-13 00:00:00","-2.2","12.3","0.0","6.6","2","120","5.1","-0.7875","72.375","1023.38","5.77887","875.6","872.3"
"40766","2021-12-05 00:00:00","1400-09-14 00:00:00","-1.7","12.8","0.0","3.0","6","100","5.6","-2.3125","62.125","1020.57","5.34267","873.4","868.9"
"40766","2021-12-06 00:00:00","1400-09-15 00:00:00","3.0","10.4","12.0","2.6","15","290","6.7","2.5","79.125","1023.81","7.32865","876.3","872.7"
"40766","2021-12-07 00:00:00","1400-09-16 00:00:00","0.4","11.5","0.0","8.0","7","90","5.9","1.7","78.125","1026.56","6.92617","878.2","876.1"
"40766","2021-12-08 00:00:00","1400-09-17 00:00:00","1.5","14.5","0.0","2.6","8","100","8.0","-2.125","54.875","1023.58","5.52909","875.7","872.3"
"40766","2021-12-09 00:00:00","1400-09-18 00:00:00","10.7","15.8","0.0","1.0","9","140","13.3","-2.4625","38.875","1022.84","5.16877","875.0","871.9"
"40766","2021-12-10 00:00:00","1400-09-19 00:00:00","1.7","15.8","0.0","7.6","4","260","8.8","0.3625","65.5","1025.71","6.31667","877.0","874.9"
"40766","2021-12-11 00:00:00","1400-09-20 00:00:00","-1.6","14.9","0.0","8.3","4","270","6.6","-2.1125","62.375","1026.21","5.26442","877.3","875.3"
"40766","2021-12-12 00:00:00","1400-09-21 00:00:00","-2.7","14.7","0.0","8.3","3","280","6.0","-4.0125","54.875","1026.73","4.56375","878.3","875.1"
"40766","2021-12-13 00:00:00","1400-09-22 00:00:00","-2.2","15.2","0.0","8.4","3","90","6.5","-4.625","54.25","1025.51","4.36711","877.8","874.5"
"40766","2021-12-14 00:00:00","1400-09-23 00:00:00","-2.8","11.0","0.0","2.7","4","300","4.1","-4.4875","57.125","1023.35","4.39945","874.8","872.5"
"40766","2021-12-15 00:00:00","1400-09-24 00:00:00","-1.5","17.8","0.0","6.4","7","90","8.1","-7.4625","46.0","1022.57","3.83016","874.5","871.5"
"40766","2021-12-16 00:00:00","1400-09-25 00:00:00","-2.2","13.1","0.0","8.2","6","130","5.5","-5.9125","41.375","1022.53","4.1286","874.5","871.8"
"40766","2021-12-17 00:00:00","1400-09-26 00:00:00","6.9","15.0","0.02","0.0","8","100","10.9","3.2125","56.5","1019.19","7.71012","872.1","867.3"
"40766","2021-12-18 00:00:00","1400-09-27 00:00:00","9.7","14.8","2.01","1.4","8","120","12.3","4.95","70.375","1016.09","8.6878","868.4","866.1"
"40766","2021-12-19 00:00:00","1400-09-28 00:00:00","5.3","13.5","1.0","7.0","8","180","9.4","0.8","62.0","1019.76","6.52788","872.3","869.0"
"40766","2021-12-20 00:00:00","1400-09-29 00:00:00","0.5","15.0","1.7","0.7","9","240","7.8","3.925","72.875","1016.67","8.30193","871.5","864.3"
"40766","2021-12-21 00:00:00","1400-09-30 00:00:00","3.8","11.7","2.0","7.1","9","240","7.8","-3.6","50.625","1018.36","4.72964","871.3","867.4"
"40766","2021-12-22 00:00:00","1400-10-01 00:00:00","1.1","10.8","0.0","7.3","6","250","6.0","-3.175","58.5","1020.67","4.90374","872.7","870.5"
"40766","2021-12-23 00:00:00","1400-10-02 00:00:00","-1.8","9.8","0.1","1.8","5","270","4.0","-1.8875","63.875","1017.94","5.35589","870.5","867.5"
"40766","2021-12-24 00:00:00","1400-10-03 00:00:00","3.0","8.1","0.01","0.0","4","10","5.6","-1.275","62.75","1017.35","5.59042","869.4","867.5"
"40766","2021-12-25 00:00:00","1400-10-04 00:00:00","2.3","8.2","0.0","7.5","7","290","5.3","-4.4","58.25","1020.7","4.50749","872.9","869.5"
"40766","2021-12-26 00:00:00","1400-10-05 00:00:00","-5.2","10.4","0.0","7.8","5","120","2.6","-6.0125","60.75","1022.96","3.92351","874.9","872.2"
"40766","2021-12-27 00:00:00","1400-10-06 00:00:00","-5.0","12.4","0.0","8.0","4","270","3.7","-6.25","56.875","1022.85","3.84954","875.1","872.3"
"40766","2021-12-28 00:00:00","1400-10-07 00:00:00","-5.6","12.2","0.0","7.5","6","190","3.3","-9.425","43.25","1020.55","3.09421","873.1","870.0"
"40766","2021-12-29 00:00:00","1400-10-08 00:00:00","-0.9","10.4","0.0","1.4","5","180","4.8","-5.1875","48.875","1018.68","4.20299","871.0","868.6"
"40766","2021-12-30 00:00:00","1400-10-09 00:00:00","2.0","10.2","0.01","2.6","5","150","6.1","-2.1","62.25","1017.83","5.24838","870.1","868.2"
"40766","2021-12-31 00:00:00","1400-10-10 00:00:00","-3.6","11.4","0.0","6.8","5","270","3.9","-2.5125","64.25","1019.94","5.10307","872.0","869.0"
"40766","2022-01-01 00:00:00","1400-10-11 00:00:00","-0.1","11.1","8.0","1.2","6","180","5.5","-0.0875","72.375","1019.64","6.12523","872.0","869.1"
"40766","2022-01-02 00:00:00","1400-10-12 00:00:00","3.0","7.3","1.0","0.0","5","280","5.2","2.9","87.125","1013.29","7.53536","868.3","863.0"
"40766","2022-01-03 00:00:00","1400-10-13 00:00:00","0.5","6.1","2.0","0.0","4","240","3.3","0.8","87.0","1012.75","6.49554","866.4","862.6"
"40766","2022-01-04 00:00:00","1400-10-14 00:00:00","0.4","8.7","0.0","7.8","4","290","4.5","-1.4625","68.125","1017.67","5.55029","869.7","866.8"
"40766","2022-01-05 00:00:00","1400-10-15 00:00:00","1.7","7.2","0.2","7.2","9","270","4.4","-1.375","73.5","1019.56","5.54199","872.7","868.5"
"40766","2022-01-06 00:00:00","1400-10-16 00:00:00","-4.1","11.1","0.0","8.0","5","150","3.5","-5.3875","61.875","1022.69","4.14722","874.7","872.4"
"40766","2022-01-07 00:00:00","1400-10-17 00:00:00","-3.0","14.0","0.0","7.7","4","90","5.5","-4.1625","60.625","1021.99","4.51443","873.9","871.0"
"40766","2022-01-08 00:00:00","1400-10-18 00:00:00","-2.4","14.5","0.0","8.0","2","190","6.1","-5.05","57.875","1021.82","4.28959","874.1","871.1"
"40766","2022-01-09 00:00:00","1400-10-19 00:00:00","-4.3","14.8","0.0","8.3","4","180","5.3","-7.775","49.25","1021.38","3.48878","873.8","870.7"
"40766","2022-01-10 00:00:00","1400-10-20 00:00:00","-3.8","12.4","0.01","0.6","5","150","4.3","-4.85","48.125","1020.53","4.30217","873.3","869.7"
"40766","2022-01-11 00:00:00","1400-10-21 00:00:00","7.3","11.8","0.91","0.8","8","180","9.6","2.2875","64.75","1021.58","7.24274","873.5","870.8"
"40766","2022-01-12 00:00:00","1400-10-22 00:00:00","5.5","16.0","2.1","8.3","5","210","10.8","1.5625","64.25","1022.09","6.96936","874.3","871.3"
"40766","2022-01-13 00:00:00","1400-10-23 00:00:00","1.7","16.0","3.0","4.2","9","170","8.9","2.375","64.5","1017.68","7.31271","871.2","867.0"
"40766","2022-01-14 00:00:00","1400-10-24 00:00:00","9.5","14.8","1.1","4.0","10","180","12.1","2.725","64.0","1009.84","7.46211","865.4","859.5"
"40766","2022-01-15 00:00:00","1400-10-25 00:00:00","4.5","9.0","0.21","2.7","13","270","6.8","-1.35","63.25","1008.16","5.55569","861.3","859.6"
"40766","2022-01-16 00:00:00","1400-10-26 00:00:00","-1.3","5.5","0.31","0.3","8","90","2.1","-2.1125","68.0","1009.97","5.24889","863.0","860.3"
"40766","2022-01-17 00:00:00","1400-10-27 00:00:00","1.6","8.2","8.0","5.3","9","180","4.9","-1.375","76.75","1013.18","5.60013","866.7","863.0"
"40766","2022-01-18 00:00:00","1400-10-28 00:00:00","-9.2","0.4","0.1","8.3","6","270","-4.4","-12.125","62.875","1021.14","2.4305","873.5","868.2"
"40766","2022-01-19 00:00:00","1400-10-29 00:00:00","-11.1","1.5","0.0","7.8","5","280","-4.8","-9.0125","70.75","1019.78","3.2125","873.2","868.3"
"40766","2022-01-20 00:00:00","1400-10-30 00:00:00","1.5","3.2","0.8","1.9","11","210","2.3","-6.7375","67.0","1015.15","3.80586","870.4","864.4"
"40766","2022-01-21 00:00:00","1400-11-01 00:00:00","-8.9","-0.1","0.1","8.3","7","280","-4.5","-11.2875","65.625","1024.15","2.59919","875.9","871.4"
"40766","2022-01-22 00:00:00","1400-11-02 00:00:00","-11.8","-0.3","0.0","9.0","5","270","-6.1","-10.8875","73.5","1022.46","2.71688","874.9","871.1"
"40766","2022-01-23 00:00:00","1400-11-03 00:00:00","-7.8","0.8","0.11","4.6","6","270","-3.5","-7.6375","82.0","1020.08","3.46367","872.0","869.7"
"40766","2022-01-24 00:00:00","1400-11-04 00:00:00","-4.6","11.6","0.0","8.3","7","180","3.5","-6.875","57.5","1020.0","3.68419","872.1","869.9"
"40766","2022-01-25 00:00:00","1400-11-05 00:00:00","-6.0","13.1","0.0","8.2","6","170","3.6","-4.5875","63.0","1020.51","4.41025","872.8","869.7"
"40766","2022-01-26 00:00:00","1400-11-06 00:00:00","-3.9","13.1","0.0","2.0","7","150","4.6","-7.9125","43.625","1015.41","3.54181","869.9","864.1"
"40766","2022-01-27 00:00:00","1400-11-07 00:00:00","5.1","10.2","0.0","4.3","10","240","7.6","-5.7375","47.0","1013.16","4.11061","868.7","862.8"
"40766","2022-01-28 00:00:00","1400-11-08 00:00:00","-1.3","6.6","0.0","2.6","7","280","2.7","-7.75","51.75","1020.61","3.4386","872.2","869.4"
"40766","2022-01-29 00:00:00","1400-11-09 00:00:00","-4.9","7.5","0.0","8.0","7","330","1.3","-9.55","49.125","1021.55","3.00809","873.1","871.2"
"40766","2022-01-30 00:00:00","1400-11-10 00:00:00","-7.9","8.2","0.0","8.0","8","270","0.1","-8.2875","53.875","1020.74","3.31895","872.9","870.0"
"40766","2022-01-31 00:00:00","1400-11-11 00:00:00","-8.2","9.0","0.0","4.0","7","120","0.4","-9.6625","49.625","1017.74","3.14056","872.0","866.1"
"40766","2022-02-01 00:00:00","1400-11-12 00:00:00","0.8","5.6","5.1","0.8","7","280","3.2","-0.35","86.625","1018.35","5.97574","875.1","864.6"
"40766","2022-02-02 00:00:00","1400-11-13 00:00:00","-4.7","9.0","0.0","8.2","7","120","2.2","-3.0375","74.875","1025.66","4.90489","876.9","875.1"
"40766","2022-02-03 00:00:00","1400-11-14 00:00:00","-4.2","4.8","0.0","2.6","7","100","0.3","-2.675","75.375","1021.56","5.05269","875.1","868.0"
"40766","2022-02-04 00:00:00","1400-11-15 00:00:00","6.0","16.8","0.3","6.9","14","180","11.4","-2.95","44.625","1010.58","5.07494","866.7","859.4"
"40766","2022-02-05 00:00:00","1400-11-16 00:00:00","2.9","6.5","4.9","0.6","7","300","4.7","-1.0375","69.125","1012.88","5.66678","868.3","861.0"
"40766","2022-02-06 00:00:00","1400-11-17 00:00:00","-0.4","8.9","0.0","9.3","8","280","4.3","-4.925","55.375","1019.27","4.27634","871.3","868.3"
"40766","2022-02-07 00:00:00","1400-11-18 00:00:00","-2.0","9.5","0.0","9.2","7","280","3.8","-6.3375","53.625","1020.8","3.86002","872.7","870.7"
"40766","2022-02-08 00:00:00","1400-11-19 00:00:00","-5.7","11.1","0.0","9.0","5","290","2.7","-9.025","46.375","1022.17","3.15839","874.8","870.4"
"40766","2022-02-09 00:00:00","1400-11-20 00:00:00","-5.5","14.5","0.0","10.2","5","180","4.5","-7.7375","45.125","1021.04","3.43516","874.5","869.5"
"40766","2022-02-10 00:00:00","1400-11-21 00:00:00","0.6","12.7","3.0","0.0","10","150","6.7","-7.275","44.75","1017.58","4.05951","870.9","866.7"
"40766","2022-02-11 00:00:00","1400-11-22 00:00:00","5.6","","6.01","0.4","9","90","","0.9","70.0","1018.17","6.53571","870.2","868.3"
"40766","2022-02-12 00:00:00","1400-11-23 00:00:00","0.3","8.9","10.0","4.0","5","110","4.6","0.45","81.625","1020.59","6.31379","873.2","869.3"
"40766","2022-02-13 00:00:00","1400-11-24 00:00:00","-1.5","12.8","0.0","9.2","5","90","5.7","-1.125","69.75","1021.38","5.63968","873.8","870.8"
"40766","2022-02-14 00:00:00","1400-11-25 00:00:00","-1.6","15.9","0.0","9.2","5","90","7.1","-2.6625","59.375","1019.67","5.07328","872.5","868.9"
"40766","2022-02-15 00:00:00","1400-11-26 00:00:00","-2.1","15.8","0.0","9.6","8","250","6.9","-5.55","47.625","1018.98","4.135","871.8","868.5"
"40766","2022-02-16 00:00:00","1400-11-27 00:00:00","-2.7","14.7","0.0","9.1","7","250","6.0","-5.3875","48.625","1016.08","4.19451","869.5","865.2"
"40766","2022-02-17 00:00:00","1400-11-28 00:00:00","-1.9","13.2","0.0","8.5","4","180","5.7","-4.3125","49.5","1014.66","4.48296","868.3","864.7"
"40766","2022-02-18 00:00:00","1400-11-29 00:00:00","2.2","13.0","0.0","4.3","4","270","7.6","-3.7875","48.0","1015.12","4.69157","867.9","865.3"
"40766","2022-02-19 00:00:00","1400-11-30 00:00:00","4.8","9.3","10.0","3.0","10","120","7.1","0.775","69.625","1017.65","6.52585","870.8","867.8"
"40766","2022-02-20 00:00:00","1400-12-01 00:00:00","5.5","12.6","3.0","2.0","8","120","9.1","2.8125","71.25","1013.31","7.53373","866.0","863.9"
"40766","2022-02-21 00:00:00","1400-12-02 00:00:00","2.9","13.2","0.3","7.7","7","270","8.1","1.7125","69.875","1016.9","6.92676","869.4","866.6"
"40766","2022-02-22 00:00:00","1400-12-03 00:00:00","-0.3","15.3","0.0","9.0","5","330","7.5","-0.6","60.25","1018.79","5.94253","871.2","868.4"
"40766","2022-02-23 00:00:00","1400-12-04 00:00:00","0.5","17.8","0.0","9.2","4","170","9.1","-1.1625","52.0","1020.22","5.66813","872.5","869.5"
"40766","2022-02-24 00:00:00","1400-12-05 00:00:00","1.7","20.0","0.0","9.8","6","120","10.9","-5.55","40.125","1021.02","4.38483","873.7","870.3"
"40766","2022-02-25 00:00:00","1400-12-06 00:00:00","8.4","18.2","0.0","3.5","10","140","13.3","-0.0375","40.75","1017.06","6.12969","870.2","866.5"
"40766","2022-02-26 00:00:00","1400-12-07 00:00:00","6.3","13.4","0.6","2.0","10","280","9.9","0.3125","58.375","1017.13","6.27506","869.9","866.3"
"40766","2022-02-27 00:00:00","1400-12-08 00:00:00","-1.9","15.7","0.0","9.3","6","290","6.9","-2.6","56.0","1020.47","5.17727","872.7","870.0"
"40766","2022-02-28 00:00:00","1400-12-09 00:00:00","-0.1","16.9","0.0","10.2","6","280","8.4","-2.5","52.25","1020.74","5.19734","872.9","869.7"
"40766","2022-03-01 00:00:00","1400-12-10 00:00:00","-0.4","16.9","0.0","3.4","4","250","8.3","-3.2125","47.0","1021.95","4.89526","874.1","871.3"
"40766","2022-03-02 00:00:00","1400-12-11 00:00:00","5.4","17.4","0.0","2.2","5","100","11.4","-1.225","44.0","1021.24","5.59359","873.8","870.4"
"40766","2022-03-03 00:00:00","1400-12-12 00:00:00","7.7","20.4","0.4","0.2","12","120","14.0","-1.375","42.0","1014.13","5.88889","869.7","862.0"
"40766","2022-03-04 00:00:00","1400-12-13 00:00:00","7.2","11.4","4.0","0.7","11","280","9.3","-3.6","49.625","1013.86","5.0716","869.7","861.8"
"40766","2022-03-05 00:00:00","1400-12-14 00:00:00","-3.0","13.7","0.0","6.9","10","290","5.3","-6.25","47.875","1017.75","3.88373","870.3","867.7"
"40766","2022-03-06 00:00:00","1400-12-15 00:00:00","0.8","14.9","0.6","3.2","11","240","7.8","-2.9","52.25","1015.52","5.12163","869.4","864.5"
"40766","2022-03-07 00:00:00","1400-12-16 00:00:00","6.0","8.5","13.0","0.0","5","130","7.3","4.1","83.375","1012.03","8.18774","864.7","862.5"
"40766","2022-03-08 00:00:00","1400-12-17 00:00:00","2.0","16.4","0.0","8.5","8","240","9.2","0.9625","66.0","1012.94","6.66709","866.2","863.3"
"40766","2022-03-09 00:00:00","1400-12-18 00:00:00","1.2","15.6","0.2","0.4","9","150","8.4","-0.0125","54.875","1012.72","6.17178","866.2","862.1"
"40766","2022-03-10 00:00:00","1400-12-19 00:00:00","11.8","20.1","0.0","0.0","9","180","16.0","0.775","36.0","1009.2","6.55005","862.7","860.6"
"40766","2022-03-11 00:00:00","1400-12-20 00:00:00","12.3","17.8","0.0","7.6","13","270","15.0","0.4375","47.0","1009.96","6.67794","866.6","860.0"
"40766","2022-03-12 00:00:00","1400-12-21 00:00:00","3.1","11.7","0.0","0.0","7","120","7.4","-8.7","31.5","1016.43","3.23293","868.6","866.9"
"40766","2022-03-13 00:00:00","1400-12-22 00:00:00","0.1","18.2","0.0","9.7","11","240","9.2","-11.15","29.75","1016.54","2.92208","869.0","866.6"
"40766","2022-03-14 00:00:00","1400-12-23 00:00:00","1.9","18.5","0.0","9.2","9","210","10.2","-9.875","28.125","1016.83","3.0021","869.5","866.2"
"40766","2022-03-15 00:00:00","1400-12-24 00:00:00","0.7","16.5","0.0","5.0","10","240","8.6","-5.7875","40.25","1014.8","4.00935","868.5","864.5"
"40766","2022-03-16 00:00:00","1400-12-25 00:00:00","1.0","8.8","0.0","10.8","11","280","4.9","-11.6","38.75","1014.5","2.74359","867.9","864.8"
"40766","2022-03-17 00:00:00","1400-12-26 00:00:00","-5.2","9.4","0.0","9.5","8","270","2.1","-13.45","35.625","1019.66","2.29696","872.0","868.9"
"40766","2022-03-18 00:00:00","1400-12-27 00:00:00","-1.7","11.1","0.0","7.6","6","300","4.7","-14.5125","25.25","1018.76","2.04186","871.0","868.0"
"40766","2022-03-19 00:00:00","1400-12-28 00:00:00","-0.6","14.7","0.0","8.8","7","180","7.0","-12.025","25.625","1018.14","2.49631","871.3","867.7"
"40766","2022-03-20 00:00:00","1400-12-29 00:00:00","1.6","17.8","0.0","3.0","9","160","9.7","-6.4625","36.0","1016.9","4.10007","869.7","866.9"
"40766","2022-03-21 00:00:00","1401-01-01 00:00:00","2.7","19.3","0.01","4.5","8","170","11.0","-1.7","47.5","1016.08","5.67872","868.6","864.8"
"40766","2022-03-22 00:00:00","1401-01-02 00:00:00","5.6","13.1","9.5","0.7","12","270","9.4","5.17778","83.1111","1015.13","8.87648","868.2","865.5"
"40766","2022-03-23 00:00:00","1401-01-03 00:00:00","0.6","21.3","0.0","5.8","8","150","10.9","-2.225","50.5","1015.24","5.41903","868.9","864.9"
"40766","2022-03-24 00:00:00","1401-01-04 00:00:00","9.7","19.7","0.01","6.2","20","200","14.7","-5.1625","30.25","1011.04","4.24742","865.0","859.3"
"40766","2022-03-25 00:00:00","1401-01-05 00:00:00","-1.3","14.2","0.0","8.5","12","240","6.4","-8.95","39.875","1014.99","3.38112","869.1","864.8"
"40766","2022-03-26 00:00:00","1401-01-06 00:00:00","1.2","13.3","0.2","9.6","8","270","7.3","-4.85","49.625","1019.93","4.36943","872.3","868.4"
"40766","2022-03-27 00:00:00","1401-01-07 00:00:00","-2.1","13.6","0.0","10.6","10","270","5.8","-7.4125","42.25","1022.1","3.61508","874.6","871.1"
"40766","2022-03-28 00:00:00","1401-01-08 00:00:00","-3.0","15.8","0.0","10.6","9","300","6.4","-9.1625","37.125","1024.36","3.17005","876.0","873.3"
"40766","2022-03-29 00:00:00","1401-01-09 00:00:00","-1.5","20.7","0.0","10.8","6","100","9.6","-11.0625","31.5","1024.57","2.85675","877.7","873.0"
"40766","2022-03-30 00:00:00","1401-01-10 00:00:00","-0.7","23.7","0.0","9.7","7","250","11.5","-12.05","21.375","1020.98","2.64502","873.9","869.2"
"40766","2022-03-31 00:00:00","1401-01-11 00:00:00","7.5","22.3","0.0","5.1","7","270","14.9","-1.425","34.5","1021.75","5.53739","873.7","871.2"
"40766","2022-04-01 00:00:00","1401-01-12 00:00:00","4.0","24.4","0.0","4.0","5","120","14.2","-1.775","37.125","1022.66","5.41852","875.0","871.6"
"40766","2022-04-02 00:00:00","1401-01-13 00:00:00","5.0","26.9","0.0","8.6","7","290","15.9","-4.125","31.125","1020.94","4.75493","873.9","869.4"
"40766","2022-04-03 00:00:00","1401-01-14 00:00:00","4.3","27.8","0.0","10.2","7","280","16.0","-4.2","29.0","1019.2","4.62818","872.0","868.2"
"40766","2022-04-04 00:00:00","1401-01-15 00:00:00","7.0","28.6","0.0","10.4","10","270","17.8","-7.4","21.125","1018.88","3.69117","870.9","868.5"
"40766","2022-04-05 00:00:00","1401-01-16 00:00:00","3.9","25.1","0.0","9.9","8","290","14.5","-9.7625","19.625","1019.46","3.06051","871.7","869.0"
"40766","2022-04-06 00:00:00","1401-01-17 00:00:00","4.5","26.4","0.0","9.1","9","240","15.4","-8.1","22.125","1018.69","3.43029","872.1","868.1"
"40766","2022-04-07 00:00:00","1401-01-18 00:00:00","11.7","27.4","0.0","5.3","15","170","19.5","-11.0","12.875","1013.79","2.85374","868.4","861.6"
"40766","2022-04-08 00:00:00","1401-01-19 00:00:00","11.0","25.5","0.0","4.8","9","280","18.3","-3.95","22.25","1017.55","4.60263","870.7","867.6"
"40766","2022-04-09 00:00:00","1401-01-20 00:00:00","16.1","20.5","0.3","1.2","14","90","18.3","0.1375","36.375","1014.51","6.31391","868.1","862.4"
"40766","2022-04-10 00:00:00","1401-01-21 00:00:00","7.3","22.4","0.0","4.0","5","280","14.9","-1.625","37.5","1017.6","5.70589","870.4","867.5"
"40766","2022-04-11 00:00:00","1401-01-22 00:00:00","4.5","27.0","0.0","9.5","8","230","15.8","-6.6","27.75","1016.59","4.04078","870.4","865.9"
"40766","2022-04-12 00:00:00","1401-01-23 00:00:00","13.6","27.1","0.0","0.6","9","200","20.4","-10.7375","11.875","1013.02","2.81303","866.4","863.1"
"40766","2022-04-13 00:00:00","1401-01-24 00:00:00","9.2","27.5","0.0","11.5","12","230","18.4","-14.65","15.25","1013.43","2.52828","867.0","863.3"
"40766","2022-04-14 00:00:00","1401-01-25 00:00:00","5.1","25.8","0.0","9.6","9","260","15.4","-12.7125","17.875","1015.71","2.6313","868.1","866.2"
"40766","2022-04-15 00:00:00","1401-01-26 00:00:00","11.7","26.7","0.5","8.7","11","260","19.2","-5.9625","27.0","1014.51","4.95104","867.5","864.2"
"40766","2022-04-16 00:00:00","1401-01-27 00:00:00","5.4","22.3","0.0","11.8","11","300","13.8","-15.9125","14.0","1014.11","1.96104","866.5","864.6"
"40766","2022-04-17 00:00:00","1401-01-28 00:00:00","3.4","22.3","0.0","12.0","6","330","12.8","-9.8625","20.75","1015.93","2.97026","869.5","866.1"
"40766","2022-04-18 00:00:00","1401-01-29 00:00:00","6.4","22.6","0.0","3.2","5","290","14.5","-8.0","21.5","1018.6","3.38926","870.8","868.7"
"40766","2022-04-19 00:00:00","1401-01-30 00:00:00","5.8","29.1","0.0","9.0","7","290","17.5","-8.5","17.875","1018.07","3.27714","870.8","867.4"
"40766","2022-04-20 00:00:00","1401-01-31 00:00:00","11.9","30.1","0.0","6.3","7","240","21.0","-6.9125","17.375","1016.03","3.78218","868.3","866.0"
"40766","2022-04-21 00:00:00","1401-02-01 00:00:00","15.3","29.5","0.0","8.6","9","210","22.4","-9.6375","13.5","1014.67","3.05666","867.1","864.6"
"40766","2022-04-22 00:00:00","1401-02-02 00:00:00","6.1","26.9","0.0","12.2","9","280","16.5","-15.9625","13.375","1016.16","2.13941","868.7","866.1"
"40766","2022-04-23 00:00:00","1401-02-03 00:00:00","5.4","28.7","0.0","11.2","5","260","17.1","-18.875","11.25","1016.25","1.69204","869.3","865.9"
"40766","2022-04-24 00:00:00","1401-02-04 00:00:00","6.4","24.6","0.0","3.5","10","170","15.5","-5.6625","22.75","1016.45","4.31832","868.9","866.9"
"40766","2022-04-25 00:00:00","1401-02-05 00:00:00","13.0","22.3","4.02","0.0","10","150","17.6","7.1","63.375","1016.79","10.3774","869.4","866.6"
"40766","2022-04-26 00:00:00","1401-02-06 00:00:00","11.2","21.8","32.0","3.9","9","290","16.5","10.0375","77.375","1016.2","12.3487","868.7","866.5"
"40766","2022-04-27 00:00:00","1401-02-07 00:00:00","10.1","21.2","25.0","4.1","8","280","15.7","9.4375","77.625","1016.67","11.8581","869.6","865.8"
"40766","2022-04-28 00:00:00","1401-02-08 00:00:00","9.7","21.3","12.2","4.2","10","320","15.5","9.9","78.625","1018.04","12.2089","870.7","868.2"
"40766","2022-04-29 00:00:00","1401-02-09 00:00:00","11.9","17.8","0.0","4.2","9","90","14.8","10.375","77.125","1020.0","12.6029","872.5","870.1"
"40766","2022-04-30 00:00:00","1401-02-10 00:00:00","11.3","23.7","0.0","10.2","10","270","17.5","7.275","59.5","1016.02","10.3984","869.5","865.4"
"40766","2022-05-01 00:00:00","1401-02-11 00:00:00","9.5","23.5","8.0","2.4","10","30","16.5","7.825","66.75","1011.59","10.6042","865.5","860.3"
"40766","2022-05-02 00:00:00","1401-02-12 00:00:00","9.9","20.4","0.0","0.5","7","290","15.1","8.1875","65.0","1013.02","10.8664","867.3","862.1"
"40766","2022-05-03 00:00:00","1401-02-13 00:00:00","8.7","22.5","0.0","8.5","7","300","15.6","5.7875","56.75","1015.79","9.51506","868.0","865.9"
"40766","2022-05-04 00:00:00","1401-02-14 00:00:00","9.6","27.2","0.0","10.8","10","120","18.4","3.9125","42.75","1014.61","8.26557","868.6","864.1"
"40766","2022-05-05 00:00:00","1401-02-15 00:00:00","14.6","27.6","0.01","1.4","8","240","21.1","-0.15","25.75","1012.11","6.2355","865.3","863.1"
"40766","2022-05-06 00:00:00","1401-02-16 00:00:00","9.5","24.6","0.0","9.6","9","170","17.0","-0.1125","34.75","1011.54","6.34906","864.1","862.4"
"40766","2022-05-07 00:00:00","1401-02-17 00:00:00","12.0","23.6","0.0","10.5","11","230","17.8","-2.675","31.625","1012.78","5.44523","867.2","862.7"
"40766","2022-05-08 00:00:00","1401-02-18 00:00:00","8.8","20.2","0.0","11.4","9","270","14.5","-0.8875","38.0","1016.47","5.79454","868.9","866.7"
"40766","2022-05-09 00:00:00","1401-02-19 00:00:00","5.5","22.1","0.0","12.0","7","290","13.8","-1.6625","36.0","1016.69","5.45112","869.1","866.3"
"40766","2022-05-10 00:00:00","1401-02-20 00:00:00","5.4","22.2","0.0","7.3","6","300","13.8","-0.325","37.0","1016.1","5.97673","869.3","865.6"
"40766","2022-05-11 00:00:00","1401-02-21 00:00:00","11.3","25.1","0.0","8.4","9","290","18.2","-1.0","31.75","1016.66","5.83838","869.7","866.1"
"40766","2022-05-12 00:00:00","1401-02-22 00:00:00","6.7","25.6","0.0","11.7","9","290","16.1","-3.775","26.0","1017.68","4.66751","870.4","867.0"
"40766","2022-05-13 00:00:00","1401-02-23 00:00:00","7.0","23.3","0.0","11.4","8","320","15.1","-1.9125","30.75","1017.34","5.40457","870.2","866.8"
"40766","2022-05-14 00:00:00","1401-02-24 00:00:00","7.3","25.9","0.0","12.6","9","90","16.6","-2.6875","29.625","1019.88","5.0824","872.8","869.3"
"40766","2022-05-15 00:00:00","1401-02-25 00:00:00","8.6","30.6","0.0","12.4","10","240","19.6","0.3375","29.875","1019.4","6.31795","871.6","868.7"
"40766","2022-05-16 00:00:00","1401-02-26 00:00:00","13.4","32.1","0.0","4.9","12","210","22.8","-3.375","23.375","1016.08","5.1767","868.6","866.1"
"40766","2022-05-17 00:00:00","1401-02-27 00:00:00","9.6","28.0","0.0","2.0","9","300","18.8","-0.2875","30.125","1015.84","6.04694","868.2","865.4"
"40766","2022-05-18 00:00:00","1401-02-28 00:00:00","9.6","28.2","0.0","8.0","7","300","18.9","-2.2875","27.75","1017.39","5.40262","869.7","867.2"
"40766","2022-05-19 00:00:00","1401-02-29 00:00:00","7.6","29.5","0.0","12.3","7","300","18.5","-3.575","21.625","1019.12","4.75894","871.5","868.6"
"40766","2022-05-20 00:00:00","1401-02-30 00:00:00","12.5","32.6","0.0","11.2","12","270","22.5","-4.575","19.125","1016.92","4.45507","869.7","867.0"
"40766","2022-05-21 00:00:00","1401-02-31 00:00:00","15.8","29.4","0.0","9.2","8","300","22.6","-9.0625","15.375","1016.49","3.38304","868.6","866.8"
"40766","2022-05-22 00:00:00","1401-03-01 00:00:00","8.6","31.3","0.0","11.4","6","300","20.0","-7.1375","19.375","1015.31","3.90993","869.0","864.3"
"40766","2022-05-23 00:00:00","1401-03-02 00:00:00","12.5","33.6","0.0","0.5","14","210","23.0","-4.05","21.25","1009.2","4.84334","863.3","858.4"
"40766","2022-05-24 00:00:00","1401-03-03 00:00:00","13.9","26.7","0.0","4.0","8","240","20.3","-0.7125","28.375","1013.25","5.94271","867.0","863.0"
"40766","2022-05-25 00:00:00","1401-03-04 00:00:00","11.8","27.6","0.0","9.6","8","320","19.7","0.5","28.5","1017.26","6.38282","869.2","867.5"
"40766","2022-05-26 00:00:00","1401-03-05 00:00:00","9.3","28.7","0.0","10.3","7","270","19.0","-3.15","24.0","1016.63","5.02882","869.2","866.4"
"40766","2022-05-27 00:00:00","1401-03-06 00:00:00","9.5","30.6","0.0","12.1","8","60","20.0","-5.475","19.75","1015.38","4.21747","868.6","864.9"
"40766","2022-05-28 00:00:00","1401-03-07 00:00:00","11.8","32.6","0.0","11.5","6","270","22.2","-7.5375","16.875","1014.64","3.74862","867.4","864.5"
"40766","2022-05-29 00:00:00","1401-03-08 00:00:00","11.7","32.4","0.0","11.7","8","310","22.1","-5.025","18.5","1016.65","4.4612","869.1","866.3"
"40766","2022-05-30 00:00:00","1401-03-09 00:00:00","12.1","32.1","0.0","12.3","6","270","22.1","-2.875","20.5","1016.11","5.0672","869.2","865.5"
"40766","2022-05-31 00:00:00","1401-03-10 00:00:00","13.1","34.0","0.0","12.1","7","140","23.5","-5.55","16.625","1014.23","4.26992","867.7","863.9"
"40766","2022-06-01 00:00:00","1401-03-11 00:00:00","14.2","35.7","0.0","12.4","6","200","25.0","-9.7875","12.875","1014.95","3.39834","867.6","865.3"
"40766","2022-06-02 00:00:00","1401-03-12 00:00:00","14.9","36.7","0.0","11.6","5","140","25.8","-9.2625","11.625","1017.83","6.84168","870.0","867.8"
"40766","2022-06-03 00:00:00","1401-03-13 00:00:00","14.9","37.4","0.0","12.0","7","90","26.2","-6.95","12.5","1018.65","3.82027","870.9","868.0"
"40766","2022-06-04 00:00:00","1401-03-14 00:00:00","16.2","37.6","0.0","12.0","7","290","26.9","-7.225","13.0","1018.12","3.96193","870.5","867.5"
"40766","2022-06-05 00:00:00","1401-03-15 00:00:00","17.1","37.0","0.0","9.4","9","300","27.0","-4.15","13.625","1016.64","4.55364","869.0","866.4"
"40766","2022-06-06 00:00:00","1401-03-16 00:00:00","17.0","36.3","0.0","8.2","7","80","26.6","-1.55","21.625","1014.98","6.42751","868.0","865.2"
"40766","2022-06-07 00:00:00","1401-03-17 00:00:00","16.0","36.8","0.0","1.7","9","270","26.4","-2.8875","16.75","1012.99","5.12902","865.6","863.5"
"40766","2022-06-08 00:00:00","1401-03-18 00:00:00","15.2","37.5","0.0","11.4","10","290","26.4","-4.9","14.75","1014.67","4.42525","866.8","865.1"
"40766","2022-06-09 00:00:00","1401-03-19 00:00:00","13.6","36.0","0.0","12.2","10","300","24.8","-6.3","12.25","1014.67","3.90127","867.4","864.9"
"40766","2022-06-10 00:00:00","1401-03-20 00:00:00","18.7","34.0","0.0","12.2","9","280","26.4","-7.525","14.125","1014.67","4.18741","867.2","865.1"
"40766","2022-06-11 00:00:00","1401-03-21 00:00:00","13.0","34.6","0.0","12.2","8","280","23.8","-7.375","13.625","1012.77","3.8779","866.3","862.5"
"40766","2022-06-12 00:00:00","1401-03-22 00:00:00","14.5","36.5","0.0","12.4","8","300","25.5","-6.7125","13.5","1008.84","4.00476","862.7","858.7"
"40766","2022-06-13 00:00:00","1401-03-23 00:00:00","16.3","36.8","0.0","10.7","9","260","26.5","-4.275","14.375","1011.19","4.74437","864.8","861.4"
"40766","2022-06-14 00:00:00","1401-03-24 00:00:00","19.2","34.2","0.0","11.7","10","300","26.7","-1.0125","18.5","1014.85","5.82364","867.1","865.2"
"40766","2022-06-15 00:00:00","1401-03-25 00:00:00","14.2","35.0","0.0","12.1","11","300","24.6","-5.425","16.0","1015.65","4.59918","868.4","865.9"
"40766","2022-06-16 00:00:00","1401-03-26 00:00:00","13.0","34.1","0.0","12.4","7","270","23.5","-12.675","10.5","1015.18","2.80226","868.0","865.0"
"40766","2022-06-17 00:00:00","1401-03-27 00:00:00","12.8","38.0","0.0","12.0","8","90","25.4","-10.6625","9.375","1013.36","2.90675","866.9","863.4"
"40766","2022-06-18 00:00:00","1401-03-28 00:00:00","14.6","40.4","0.0","13.0","7","280","27.5","-9.5625","10.125","1011.9","3.34835","864.4","862.6"
"40766","2022-06-19 00:00:00","1401-03-29 00:00:00","16.6","40.0","0.0","13.0","7","300","28.3","-11.075","8.875","1013.79","2.9015","866.3","864.5"
"40766","2022-06-20 00:00:00","1401-03-30 00:00:00","18.1","39.5","0.0","12.0","9","270","28.8","-6.625","10.5","1012.96","3.86121","866.7","863.0"
"40766","2022-06-21 00:00:00","1401-03-31 00:00:00","18.8","39.8","0.0","12.8","10","300","29.3","-10.4375","9.75","1007.38","3.40291","862.3","857.9"
"40766","2022-06-22 00:00:00","1401-04-01 00:00:00","20.3","35.9","0.0","11.2","11","260","28.1","-10.2125","11.75","1005.61","3.49029","860.0","857.0"
"40766","2022-06-23 00:00:00","1401-04-02 00:00:00","17.5","32.9","0.0","11.6","8","280","25.2","0.8875","21.625","1010.82","6.59284","865.4","860.3"
"40766","2022-06-24 00:00:00","1401-04-03 00:00:00","16.8","33.6","0.0","12.4","7","280","25.2","-0.6625","19.375","1014.27","6.00423","867.3","864.4"
"40766","2022-06-25 00:00:00","1401-04-04 00:00:00","15.2","36.3","0.0","12.2","7","240","25.8","-4.875","13.375","1011.63","4.35046","866.4","860.2"
"40766","2022-06-26 00:00:00","1401-04-05 00:00:00","21.7","36.3","0.0","9.3","10","280","29.0","-4.8625","14.25","1009.2","4.75845","863.5","859.7"
"40766","2022-06-27 00:00:00","1401-04-06 00:00:00","15.9","36.0","0.0","10.8","10","290","26.0","-1.8625","19.25","1011.53","5.6364","864.1","862.1"
"40766","2022-06-28 00:00:00","1401-04-07 00:00:00","15.0","37.8","0.0","11.0","8","280","26.4","-6.9625","13.375","1011.78","3.87918","864.3","862.4"
"40766","2022-06-29 00:00:00","1401-04-08 00:00:00","13.9","38.2","0.0","12.4","9","290","26.0","-9.825","10.125","1010.96","2.93975","864.4","861.3"
"40766","2022-06-30 00:00:00","1401-04-09 00:00:00","13.7","40.6","0.0","13.1","9","290","27.1","-17.8625","6.875","1008.2","1.82384","862.3","858.2"
"40766","2022-07-01 00:00:00","1401-04-10 00:00:00","17.0","40.5","0.0","12.5","11","300","28.8","-11.875","7.125","1007.22","2.57521","860.6","858.0"
"40766","2022-07-02 00:00:00","1401-04-11 00:00:00","15.9","39.2","0.0","12.4","9","300","27.5","-11.5625","8.125","1006.34","2.73834","860.1","857.4"
"40766","2022-07-03 00:00:00","1401-04-12 00:00:00","15.8","38.0","0.0","12.4","5","270","26.9","-1.9875","15.5","1004.79","5.46189","858.4","855.8"
"40766","2022-07-04 00:00:00","1401-04-13 00:00:00","18.8","36.1","0.0","12.0","6","110","27.4","1.65","19.75","1007.32","7.06592","860.8","858.1"
"40766","2022-07-05 00:00:00","1401-04-14 00:00:00","20.2","36.5","0.0","10.9","9","120","28.4","0.825","18.75","1008.26","6.67729","862.5","858.7"
"40766","2022-07-06 00:00:00","1401-04-15 00:00:00","21.0","38.6","0.0","11.0","6","180","29.8","0.4375","17.125","1007.51","6.60441","860.9","858.4"
"40766","2022-07-07 00:00:00","1401-04-16 00:00:00","18.9","38.8","0.0","11.6","7","180","28.8","-4.425","12.375","1009.57","4.53467","862.9","860.2"
"40766","2022-07-08 00:00:00","1401-04-17 00:00:00","18.6","37.5","0.0","12.0","7","270","28.0","-4.3875","11.625","1009.27","4.45648","862.9","859.7"
"40766","2022-07-09 00:00:00","1401-04-18 00:00:00","18.5","38.0","0.0","12.0","7","260","28.3","-2.6875","13.5","1006.79","5.09447","861.1","857.6"
"40766","2022-07-10 00:00:00","1401-04-19 00:00:00","19.0","40.0","0.0","12.3","10","300","29.5","-3.5125","12.625","1005.67","4.95921","859.1","857.0"
"40766","2022-07-11 00:00:00","1401-04-20 00:00:00","19.4","41.4","0.0","10.1","11","290","30.4","-6.3125","10.5","1009.11","4.10347","863.1","859.7"
"40766","2022-07-12 00:00:00","1401-04-21 00:00:00","20.6","41.5","0.0","10.4","9","290","31.0","-6.3875","9.375","1011.4","3.82683","864.4","861.9"
"40766","2022-07-13 00:00:00","1401-04-22 00:00:00","20.3","42.5","0.0","11.0","10","300","31.4","-2.9375","10.625","1009.28","4.96328","863.2","859.4"
"40766","2022-07-14 00:00:00","1401-04-23 00:00:00","23.9","40.6","0.0","11.0","14","120","32.3","-17.5125","5.75","1007.86","2.04141","861.8","858.4"
"40766","2022-07-15 00:00:00","1401-04-24 00:00:00","23.1","39.8","0.0","12.9","10","80","31.5","-14.925","4.875","1010.06","2.10302","863.0","860.6"
"40766","2022-07-16 00:00:00","1401-04-25 00:00:00","23.0","40.1","0.0","12.5","8","100","31.5","-8.6125","8.125","1010.65","3.34579","864.1","861.1"
"40766","2022-07-17 00:00:00","1401-04-26 00:00:00","20.6","40.6","0.0","12.2","6","300","30.6","-10.3","7.875","1010.59","3.15001","863.7","861.1"
"40766","2022-07-18 00:00:00","1401-04-27 00:00:00","18.9","41.1","0.0","11.1","5","280","30.0","-9.8375","9.0","1011.04","3.37101","864.2","861.5"
"40766","2022-07-19 00:00:00","1401-04-28 00:00:00","20.8","42.0","0.0","11.0","10","290","31.4","-8.05","8.75","1011.06","3.51842","865.0","860.7"
"40766","2022-07-20 00:00:00","1401-04-29 00:00:00","19.1","42.1","0.0","11.8","10","300","30.6","-8.5625","8.375","1009.64","3.42904","863.8","859.4"
"40766","2022-07-21 00:00:00","1401-04-30 00:00:00","19.6","40.0","0.0","12.2","14","280","29.8","-11.375","7.125","1009.43","2.80189","863.0","860.0"
"40766","2022-07-22 00:00:00","1401-04-31 00:00:00","18.8","39.3","0.0","11.6","12","300","29.0","-7.5375","9.375","1011.71","3.54649","864.8","862.4"
"40766","2022-07-23 00:00:00","1401-05-01 00:00:00","16.9","38.4","0.0","12.2","7","260","27.7","-11.3286","9.28571","1009.67","2.91738","863.7","860.0"
"40766","2022-07-24 00:00:00","1401-05-02 00:00:00","14.8","38.1","0.0","11.8","8","250","26.4","-13.4375","8.0","1006.74","2.39175","860.1","857.7"
"40766","2022-07-25 00:00:00","1401-05-03 00:00:00","16.8","36.5","0.0","11.3","6","290","26.6","-15.1875","7.375","1008.0","2.19458","861.1","859.3"
"40766","2022-07-26 00:00:00","1401-05-04 00:00:00","16.8","37.9","0.0","12.0","9","290","27.4","-8.7375","8.75","1008.6","3.32563","862.2","859.2"
"40766","2022-07-27 00:00:00","1401-05-05 00:00:00","16.7","38.5","0.0","12.0","9","300","27.6","-14.125","6.75","1009.44","2.22158","862.7","860.3"
"40766","2022-07-28 00:00:00","1401-05-06 00:00:00","16.9","39.3","0.0","12.0","8","290","28.1","-15.7375","5.875","1011.67","1.92005","864.5","861.9"
"40766","2022-07-29 00:00:00","1401-05-07 00:00:00","17.8","39.2","0.0","11.2","9","280","28.5","-11.125","6.875","1012.82","2.70613","865.8","862.7"
"40766","2022-07-30 00:00:00","1401-05-08 00:00:00","20.8","39.2","0.0","11.6","10","290","30.0","-1.4125","13.375","1012.44","6.31071","866.2","861.8"
"40766","2022-07-31 00:00:00","1401-05-09 00:00:00","19.9","38.7","0.0","12.0","10","290","29.3","-6.4125","10.125","1010.02","4.00921","863.6","859.9"
"40766","2022-08-01 00:00:00","1401-05-10 00:00:00","20.3","40.3","0.0","11.4","8","300","30.3","-1.85","14.0","1010.62","5.71214","863.5","861.5"
"40766","2022-08-02 00:00:00","1401-05-11 00:00:00","20.1","40.3","0.0","12.0","9","270","30.2","-3.3375","12.75","1011.96","5.01512","864.9","862.5"
"40766","2022-08-03 00:00:00","1401-05-12 00:00:00","20.8","40.9","0.0","11.5","9","330","30.9","-2.7125","12.5","1013.39","5.17748","865.8","863.8"
"40766","2022-08-04 00:00:00","1401-05-13 00:00:00","20.2","41.1","0.0","11.6","10","270","30.6","-4.5125","10.625","1014.02","4.4754","867.0","864.4"
"40766","2022-08-05 00:00:00","1401-05-14 00:00:00","17.8","41.3","0.0","12.1","10","300","29.5","-5.7375","10.125","1011.78","4.08854","865.6","861.3"
"40766","2022-08-06 00:00:00","1401-05-15 00:00:00","20.7","41.7","0.0","11.6","10","270","31.2","1.5875","15.0","1009.35","7.00086","863.0","860.2"
"40766","2022-08-07 00:00:00","1401-05-16 00:00:00","21.8","40.8","0.0","11.7","10","300","31.3","4.4375","18.125","1009.25","8.44009","862.4","860.3"
"40766","2022-08-08 00:00:00","1401-05-17 00:00:00","22.6","41.0","0.0","10.4","10","280","31.8","0.95","16.0","1011.46","6.82556","864.5","862.5"
"40766","2022-08-09 00:00:00","1401-05-18 00:00:00","18.4","41.3","0.0","11.9","9","290","29.8","-4.475","12.0","1010.45","4.68859","864.1","860.7"
"40766","2022-08-10 00:00:00","1401-05-19 00:00:00","20.1","40.8","0.0","12.0","8","300","30.5","-0.975","13.25","1009.07","6.14","862.8","859.3"
"40766","2022-08-11 00:00:00","1401-05-20 00:00:00","21.9","42.6","0.0","11.8","10","280","32.3","-1.0375","13.125","1009.62","5.9591","863.0","860.4"
"40766","2022-08-12 00:00:00","1401-05-21 00:00:00","20.6","42.3","0.0","11.8","9","270","31.5","-3.3","12.375","1009.55","5.1935","863.2","859.7"
"40766","2022-08-13 00:00:00","1401-05-22 00:00:00","23.9","42.4","0.0","11.9","9","150","33.2","-6.975","8.625","1008.5","3.84294","861.9","858.5"
"40766","2022-08-14 00:00:00","1401-05-23 00:00:00","23.2","41.1","0.0","11.1","8","130","32.2","-8.6625","8.875","1009.97","3.72623","863.5","860.3"
"40766","2022-08-15 00:00:00","1401-05-24 00:00:00","19.6","41.9","0.0","11.0","8","290","30.8","-8.1","10.75","1011.8","3.72035","864.9","862.2"
"40766","2022-08-16 00:00:00","1401-05-25 00:00:00","19.7","41.8","0.0","11.4","8","300","30.8","-10.2875","7.5","1012.42","2.90887","866.0","862.4"
"40766","2022-08-17 00:00:00","1401-05-26 00:00:00","20.9","42.0","0.0","10.6","7","100","31.5","-14.975","5.875","1010.83","2.18096","864.3","860.7"
"40766","2022-08-18 00:00:00","1401-05-27 00:00:00","25.7","40.5","0.0","11.8","7","140","33.1","-15.85","3.875","1010.12","1.8631","864.0","860.4"
"40766","2022-08-19 00:00:00","1401-05-28 00:00:00","20.1","40.1","0.0","9.9","8","300","30.1","-15.95","4.875","1009.82","1.86203","863.3","860.5"
"40766","2022-08-20 00:00:00","1401-05-29 00:00:00","17.6","38.8","0.0","11.9","6","300","28.2","-12.9625","6.875","1010.63","2.42944","864.0","861.0"
"40766","2022-08-21 00:00:00","1401-05-30 00:00:00","19.2","38.1","0.0","9.4","6","270","28.6","-5.7","11.5","1010.67","4.07053","864.4","861.6"
"40766","2022-08-22 00:00:00","1401-05-31 00:00:00","19.1","37.7","0.0","11.4","10","180","28.4","-7.5","10.875","1011.06","3.76314","864.1","861.9"
"40766","2022-08-23 00:00:00","1401-06-01 00:00:00","18.0","37.3","0.0","11.0","6","90","27.6","-4.075","12.25","1012.27","4.59509","865.4","862.5"
"40766","2022-08-24 00:00:00","1401-06-02 00:00:00","23.9","37.8","0.0","11.0","9","80","30.8","-7.075","9.0","1013.55","3.71559","866.5","863.7"
"40766","2022-08-25 00:00:00","1401-06-03 00:00:00","23.8","37.4","0.0","11.0","10","100","30.6","-9.85","7.5","1013.6","3.00981","867.1","863.4"
"40766","2022-08-26 00:00:00","1401-06-04 00:00:00","20.6","36.7","0.0","11.0","8","110","28.7","-12.875","6.5","1013.62","2.41546","866.6","863.5"
"40766","2022-08-27 00:00:00","1401-06-05 00:00:00","17.8","36.9","0.0","11.6","6","90","27.4","-17.55","5.125","1015.04","1.65462","867.7","865.4"
"40766","2022-08-28 00:00:00","1401-06-06 00:00:00","17.6","36.4","0.0","11.1","7","10","27.0","-20.575","4.375","1015.95","1.4437","868.7","866.1"
"40766","2022-08-29 00:00:00","1401-06-07 00:00:00","16.1","35.9","0.0","11.2","7","270","26.0","-21.15","4.875","1017.24","1.29395","870.4","867.1"
"40766","2022-08-30 00:00:00","1401-06-08 00:00:00","15.2","37.2","0.0","11.8","5","140","26.2","-21.6125","4.0","1017.94","1.20374","870.4","867.5"
"40766","2022-08-31 00:00:00","1401-06-09 00:00:00","16.1","36.6","0.0","11.8","8","280","26.3","-17.5125","6.0","1017.37","1.73351","870.7","866.7"
"40766","2022-09-01 00:00:00","1401-06-10 00:00:00","15.5","37.4","0.0","11.8","5","110","26.5","-20.25","5.75","1016.5","1.46968","869.2","866.5"
"40766","2022-09-02 00:00:00","1401-06-11 00:00:00","14.8","36.6","0.0","11.8","6","290","25.7","-14.9375","6.625","1017.68","2.01061","870.3","867.6"
"40766","2022-09-03 00:00:00","1401-06-12 00:00:00","15.1","37.5","0.0","11.2","5","170","26.3","-16.0875","6.75","1017.98","1.8654","871.2","867.4"
"40766","2022-09-04 00:00:00","1401-06-13 00:00:00","14.1","37.4","0.0","11.2","6","280","25.8","-25.3125","4.5","1015.58","1.11026","868.9","865.1"
"40766","2022-09-05 00:00:00","1401-06-14 00:00:00","15.0","37.8","0.0","11.0","6","270","26.4","-18.0125","5.625","1013.89","1.7889","867.7","863.5"
"40766","2022-09-06 00:00:00","1401-06-15 00:00:00","17.3","37.0","0.0","11.0","8","260","27.1","-7.775","10.75","1013.62","3.60216","867.1","863.8"
"40766","2022-09-07 00:00:00","1401-06-16 00:00:00","17.7","37.6","0.0","10.8","10","260","27.6","-5.325","13.125","1014.87","4.20699","868.1","864.9"
"40766","2022-09-08 00:00:00","1401-06-17 00:00:00","17.4","38.0","0.0","8.4","8","210","27.7","-3.07143","16.8571","1017.32","5.28845","869.6","867.2"
"40766","2022-09-09 00:00:00","1401-06-18 00:00:00","18.3","35.4","0.0","10.5","10","300","26.9","-2.2875","17.25","1018.92","5.42208","871.3","868.8"
"40766","2022-09-10 00:00:00","1401-06-19 00:00:00","13.6","35.1","0.0","10.9","7","290","24.3","-14.7875","11.0","1017.3","2.73512","870.3","866.8"
"40766","2022-09-11 00:00:00","1401-06-20 00:00:00","11.5","34.8","0.0","11.2","9","270","23.1","-13.8286","9.28571","1014.94","2.30224","868.7","864.6"
"40766","2022-09-12 00:00:00","1401-06-21 00:00:00","10.9","35.3","0.0","11.0","5","270","23.1","-15.9125","8.75","1012.12","2.08772","865.2","862.4"
"40766","2022-09-13 00:00:00","1401-06-22 00:00:00","12.1","36.1","0.0","11.1","9","280","24.1","-10.3375","10.0","1012.92","2.82279","865.6","863.1"
"40766","2022-09-14 00:00:00","1401-06-23 00:00:00","16.1","37.1","0.0","10.2","10","210","26.6","-7.7","10.375","1014.0","3.48307","866.7","864.1"
"40766","2022-09-15 00:00:00","1401-06-24 00:00:00","16.5","32.6","0.0","11.0","9","280","24.5","-5.675","15.875","1016.15","4.27206","868.6","866.5"
"40766","2022-09-16 00:00:00","1401-06-25 00:00:00","11.9","33.3","0.0","11.1","5","290","22.6","-11.8625","13.375","1014.37","2.87479","868.3","863.9"
"40766","2022-09-17 00:00:00","1401-06-26 00:00:00","12.2","36.3","0.0","11.0","6","280","24.3","-12.5875","9.75","1012.4","2.43123","865.7","862.5"
"40766","2022-09-18 00:00:00","1401-06-27 00:00:00","14.1","36.3","0.0","8.5","5","150","25.2","-10.4875","8.875","1014.44","2.819","867.3","864.8"
"40766","2022-09-19 00:00:00","1401-06-28 00:00:00","14.0","35.9","0.0","10.3","9","210","25.0","-12.0125","9.875","1015.73","2.56432","868.4","866.1"
"40766","2022-09-20 00:00:00","1401-06-29 00:00:00","15.0","34.0","0.0","10.0","6","180","24.5","-12.8375","9.625","1016.3","2.53061","869.2","866.2"
"40766","2022-09-21 00:00:00","1401-06-30 00:00:00","18.2","33.9","0.0","2.3","8","300","26.1","-8.275","10.375","1016.18","3.39245","868.5","865.9"
"40766","2022-09-22 00:00:00","1401-06-31 00:00:00","19.4","33.6","0.0","7.4","8","280","26.5","-4.1375","15.75","1016.19","4.58605","868.4","865.9"
"40766","2022-09-23 00:00:00","1401-07-01 00:00:00","14.7","33.6","0.0","9.8","8","270","24.1","-1.075","19.75","1017.43","5.71279","869.5","867.2"
"40766","2022-09-24 00:00:00","1401-07-02 00:00:00","13.7","34.4","0.0","9.4","7","290","24.1","-2.2625","19.5","1018.18","5.23926","871.1","867.6"
"40766","2022-09-25 00:00:00","1401-07-03 00:00:00","11.4","33.0","0.0","10.8","9","290","22.2","-3.55","19.25","1016.96","4.81337","869.9","866.6"
"40766","2022-09-26 00:00:00","1401-07-04 00:00:00","10.8","34.9","0.0","10.6","8","180","22.9","-8.225","18.25","1016.42","3.96431","869.1","865.8"
"40766","2022-09-27 00:00:00","1401-07-05 00:00:00","9.8","33.6","0.0","10.6","9","230","21.7","-10.2375","15.5","1016.19","3.2846","868.6","866.1"
"40766","2022-09-28 00:00:00","1401-07-06 00:00:00","9.1","32.7","0.0","10.7","6","190","20.9","-16.775","12.0","1015.33","2.16193","868.2","865.1"
"40766","2022-09-29 00:00:00","1401-07-07 00:00:00","9.0","35.1","0.0","11.1","5","230","22.0","-17.2125","9.0","1015.69","1.92411","868.1","865.5"
"40766","2022-09-30 00:00:00","1401-07-08 00:00:00","10.9","34.3","0.0","10.4","8","290","22.6","-14.4625","8.5","1018.68","2.06772","871.2","868.6"
"40766","2022-10-01 00:00:00","1401-07-09 00:00:00","11.9","33.8","0.0","9.3","8","290","22.8","-17.65","7.5","1018.14","1.81088","871.4","867.4"
"40766","2022-10-02 00:00:00","1401-07-10 00:00:00","10.3","33.2","0.0","10.4","7","270","21.8","-14.2875","9.625","1015.37","2.29893","869.1","865.0"
"40766","2022-10-03 00:00:00","1401-07-11 00:00:00","10.2","31.1","0.0","10.2","8","180","20.6","-13.2875","9.875","1016.65","2.22462","870.3","866.1"
"40766","2022-10-04 00:00:00","1401-07-12 00:00:00","9.9","31.2","0.0","10.1","10","290","20.5","-10.1625","12.75","1022.5","2.85908","875.3","870.9"
"40766","2022-10-05 00:00:00","1401-07-13 00:00:00","10.5","31.7","0.0","6.0","7","100","21.1","-11.9","11.125","1024.02","2.50378","876.8","872.5"
"40766","2022-10-06 00:00:00","1401-07-14 00:00:00","11.4","32.9","0.0","8.5","5","350","22.2","-15.1875","8.625","1020.88","1.93491","873.7","869.8"
"40766","2022-10-07 00:00:00","1401-07-15 00:00:00","9.8","32.9","0.0","9.8","5","100","21.4","-17.35","8.0","1019.38","1.69448","871.9","868.8"
"40766","2022-10-08 00:00:00","1401-07-16 00:00:00","11.5","31.9","0.0","9.6","6","90","21.7","-12.8875","10.75","1020.1","2.41139","872.9","869.3"
"40766","2022-10-09 00:00:00","1401-07-17 00:00:00","10.8","31.5","0.0","4.4","5","280","21.1","-10.875","12.25","1020.72","2.76594","872.8","869.9"
"40766","2022-10-10 00:00:00","1401-07-18 00:00:00","12.8","31.5","0.0","9.5","11","270","22.1","-6.5625","17.25","1021.43","3.98748","872.8","871.2"
"40766","2022-10-11 00:00:00","1401-07-19 00:00:00","9.8","29.2","0.0","9.5","11","250","19.5","-8.75","19.25","1020.06","3.55005","871.8","869.9"
"40766","2022-10-12 00:00:00","1401-07-20 00:00:00","4.8","27.1","0.0","10.4","5","290","16.0","-14.2625","16.25","1019.94","2.37002","872.7","869.5"
"40766","2022-10-13 00:00:00","1401-07-21 00:00:00","4.7","27.4","0.0","7.6","5","220","16.0","-21.625","9.75","1019.7","1.38399","871.7","869.5"
"40766","2022-10-14 00:00:00","1401-07-22 00:00:00","7.3","30.4","0.0","9.0","7","240","18.9","-10.75","12.25","1019.53","2.79893","871.9","868.6"
"40766","2022-10-15 00:00:00","1401-07-23 00:00:00","14.3","30.3","0.0","6.5","8","210","22.3","-9.9125","12.375","1021.16","2.94392","873.1","870.6"
"40766","2022-10-16 00:00:00","1401-07-24 00:00:00","10.0","29.7","0.0","9.5","5","210","19.9","-12.4625","11.75","1024.2","2.42994","875.8","873.4"
"40766","2022-10-17 00:00:00","1401-07-25 00:00:00","9.3","30.5","0.0","9.8","9","210","19.9","-11.2375","13.125","1025.48","2.61573","877.6","874.2"
"40766","2022-10-18 00:00:00","1401-07-26 00:00:00","7.2","29.3","0.0","10.0","4","130","18.3","-16.7","11.625","1023.71","2.03365","875.9","872.6"
"40766","2022-10-19 00:00:00","1401-07-27 00:00:00","7.9","29.6","0.0","9.8","6","120","18.8","-10.7625","14.25","1022.34","2.81629","875.6","871.1"
"40766","2022-10-20 00:00:00","1401-07-28 00:00:00","7.7","29.1","0.0","6.3","9","170","18.4","-12.8125","12.5","1020.37","2.38665","872.5","870.0"
"40766","2022-10-21 00:00:00","1401-07-29 00:00:00","11.6","28.5","0.0","6.7","8","160","20.0","-7.7625","15.375","1021.08","3.56172","873.9","870.5"
"40766","2022-10-22 00:00:00","1401-07-30 00:00:00","","25.9","0.0","7.0","8","300","","2.54286","36.5714","1025.02","7.50238","877.7","873.6"
"40766","2022-10-23 00:00:00","1401-08-01 00:00:00","11.5","28.7","0.0","6.2","7","250","20.1","-2.525","26.5","1023.55","5.39069","875.3","872.6"
"40766","2022-10-24 00:00:00","1401-08-02 00:00:00","9.6","27.4","0.0","3.7","8","280","18.5","-1.5125","26.75","1021.51","5.54347","873.9","870.7"
"40766","2022-10-25 00:00:00","1401-08-03 00:00:00","10.6","27.2","0.0","7.7","8","270","18.9","-0.425","33.125","1020.6","6.03666","872.9","869.8"
"40766","2022-10-26 00:00:00","1401-08-04 00:00:00","7.7","27.9","0.0","9.5","4","300","17.8","-2.3","28.625","1023.75","5.17692","875.4","872.9"
"40766","2022-10-27 00:00:00","1401-08-05 00:00:00","8.7","27.8","0.0","5.1","8","190","18.3","-5.2125","21.25","1022.78","4.23803","874.8","871.7"
"40766","2022-10-28 00:00:00","1401-08-06 00:00:00","10.6","27.4","0.0","7.2","10","190","19.0","-4.225","22.0","1020.2","4.54841","872.6","869.2"
"40766","2022-10-29 00:00:00","1401-08-07 00:00:00","12.0","24.3","0.0","9.0","7","240","18.1","-3.2625","26.375","1020.26","4.92248","872.0","870.1"
"40766","2022-10-30 00:00:00","1401-08-08 00:00:00","5.6","23.6","0.0","5.8","9","270","14.6","-3.7125","28.875","1023.0","4.80129","874.8","872.2"
"40766","2022-10-31 00:00:00","1401-08-09 00:00:00","10.8","25.5","0.0","4.2","10","200","18.1","-0.4875","29.0","1019.91","5.94671","873.5","868.1"
"40766","2022-11-01 00:00:00","1401-08-10 00:00:00","16.5","23.7","0.0","5.7","11","280","20.1","-0.4375","31.5","1018.08","6.14573","870.7","867.7"
"40766","2022-11-02 00:00:00","1401-08-11 00:00:00","7.5","21.6","0.0","5.1","7","200","14.6","-1.6","37.0","1017.98","5.75172","871.5","867.1"
"40766","2022-11-03 00:00:00","1401-08-12 00:00:00","4.1","19.3","0.0","8.7","9","280","11.7","-5.6875","30.375","1017.53","4.06787","869.8","866.8"
"40766","2022-11-04 00:00:00","1401-08-13 00:00:00","2.5","19.5","0.0","9.3","7","270","11.0","-4.7375","34.375","1019.49","4.32094","871.9","869.1"
"40766","2022-11-05 00:00:00","1401-08-14 00:00:00","2.5","18.6","0.0","10.0","8","280","10.6","-7.5875","29.75","1021.45","3.49569","873.9","871.2"
"40766","2022-11-06 00:00:00","1401-08-15 00:00:00","0.2","18.2","0.0","9.8","7","270","9.2","-8.45","27.25","1021.31","3.26706","873.9","870.5"
"40766","2022-11-07 00:00:00","1401-08-16 00:00:00","0.7","18.0","0.0","9.7","4","190","9.4","-9.075","28.375","1019.98","3.13905","873.3","869.2"
"40766","2022-11-08 00:00:00","1401-08-17 00:00:00","1.3","19.3","0.0","7.5","8","90","10.3","-8.95","24.0","1017.95","3.18079","870.4","867.3"
"40766","2022-11-09 00:00:00","1401-08-18 00:00:00","5.1","19.7","0.0","6.3","5","200","12.4","-3.25","34.0","1018.76","4.85835","871.2","868.9"
"40766","2022-11-10 00:00:00","1401-08-19 00:00:00","7.9","21.1","0.0","8.5","9","200","14.5","-1.325","36.125","1021.55","5.67506","874.3","869.6"
"40766","2022-11-11 00:00:00","1401-08-20 00:00:00","9.0","20.5","0.0","7.0","5","90","14.8","-0.05","40.125","1024.38","6.14297","876.6","873.6"
"40766","2022-11-12 00:00:00","1401-08-21 00:00:00","8.9","15.9","0.0","3.0","6","200","12.4","4.0875","64.0","1025.37","8.21661","876.6","874.3"
"40766","2022-11-13 00:00:00","1401-08-22 00:00:00","2.0","18.0","0.0","9.0","5","270","10.0","-1.2375","52.625","1024.86","5.83023","877.5","873.4"
"40766","2022-11-14 00:00:00","1401-08-23 00:00:00","-0.5","17.7","0.0","9.3","6","240","8.6","-9.0","32.0","1022.15","3.1989","873.9","871.6"
"40766","2022-11-15 00:00:00","1401-08-24 00:00:00","0.0","16.4","0.0","9.9","6","200","8.2","-10.0125","28.5","1022.05","2.91124","874.2","871.7"
"40766","2022-11-16 00:00:00","1401-08-25 00:00:00","-0.7","13.9","2.5","0.0","7","100","6.6","-1.3","57.125","1020.17","6.54602","873.4","869.6"
"40766","2022-11-17 00:00:00","1401-08-26 00:00:00","8.2","16.7","16.01","0.6","9","290","12.5","7.775","82.875","1018.09","10.5846","870.7","867.9"
"40766","2022-11-18 00:00:00","1401-08-27 00:00:00","1.8","15.6","0.0","6.8","5","300","8.7","2.725","73.5","1022.08","7.44653","874.3","870.9"
"40766","2022-11-19 00:00:00","1401-08-28 00:00:00","1.1","16.9","0.0","9.0","3","300","9.0","1.425","67.5","1024.06","6.83177","876.5","870.0"
"40766","2022-11-20 00:00:00","1401-08-29 00:00:00","0.8","18.3","0.0","9.0","6","180","9.5","0.9125","61.5","1025.58","6.55128","877.5","874.6"
"40766","2022-11-21 00:00:00","1401-08-30 00:00:00","3.0","19.0","0.0","9.4","6","100","11.0","-2.6375","45.0","1025.68","5.08643","877.7","874.5"
"40766","2022-11-22 00:00:00","1401-09-01 00:00:00","0.5","19.4","0.0","5.1","6","200","9.9","-1.3625","52.625","1024.93","5.55653","877.0","873.3"
"40766","2022-11-23 00:00:00","1401-09-02 00:00:00","2.9","18.4","0.0","4.3","3","140","10.6","-1.3625","50.0","1023.62","5.54618","875.8","872.7"
"40766","2022-11-24 00:00:00","1401-09-03 00:00:00","2.0","19.0","0.0","8.3","5","90","10.5","-2.375","44.875","1021.26","5.16752","874.1","870.3"
"40766","2022-11-25 00:00:00","1401-09-04 00:00:00","7.2","14.8","2.81","0.0","12","90","11.0","3.7","57.5","1018.8","8.07739","871.2","869.2"
"40766","2022-11-26 00:00:00","1401-09-05 00:00:00","9.4","17.5","0.1","6.6","10","190","13.4","2.65","55.75","1020.7","7.45093","872.5","870.3"
"40766","2022-11-27 00:00:00","1401-09-06 00:00:00","3.8","16.1","0.0","7.7","5","230","9.9","0.025","57.5","1021.43","6.14645","873.5","871.3"
"40766","2022-11-28 00:00:00","1401-09-07 00:00:00","0.2","17.4","0.0","8.4","4","260","8.8","-0.975","57.625","1022.17","5.8026","874.0","871.7"
"40766","2022-11-29 00:00:00","1401-09-08 00:00:00","2.0","17.3","0.0","5.0","5","120","9.6","1.25","57.75","1022.53","6.71972","874.8","871.9"
"40766","2022-11-30 00:00:00","1401-09-09 00:00:00","6.4","15.8","0.62","0.0","6","140","11.1","4.025","62.75","1021.62","8.16983","872.8","871.7"
"40766","2022-12-01 00:00:00","1401-09-10 00:00:00","8.2","17.9","1.0","4.0","8","210","13.0","5.0625","66.875","1022.22","8.77962","873.8","872.1"
"40766","2022-12-02 00:00:00","1401-09-11 00:00:00","3.3","18.1","0.0","8.6","6","90","10.7","2.1","61.5","1020.97","7.16226","874.3","870.1"
"40766","2022-12-03 00:00:00","1401-09-12 00:00:00","1.0","16.6","0.0","8.0","8","220","8.8","1.8125","65.375","1018.9","7.03096","871.5","867.9"
"40766","2022-12-04 00:00:00","1401-09-13 00:00:00","0.0","13.9","0.0","7.0","5","160","6.9","-0.275","62.75","1021.19","6.03608","873.4","870.5"
"40766","2022-12-05 00:00:00","1401-09-14 00:00:00","2.9","12.7","0.0","7.4","5","110","7.8","-2.75","52.25","1021.7","4.9994","873.9","871.4"
"40766","2022-12-06 00:00:00","1401-09-15 00:00:00","-0.6","12.7","0.0","8.5","4","120","6.0","-2.4","57.5","1020.51","5.13735","872.4","869.9"
"40766","2022-12-07 00:00:00","1401-09-16 00:00:00","1.8","12.9","0.01","5.0","5","270","7.3","-2.9125","49.75","1021.19","4.9601","872.9","871.2"
"40766","2022-12-08 00:00:00","1401-09-17 00:00:00","-0.7","13.1","0.0","7.8","5","200","6.2","-3.7375","53.125","1023.29","4.70602","874.9","872.8"
"40766","2022-12-09 00:00:00","1401-09-18 00:00:00","-3.4","12.2","0.0","8.8","4","270","4.4","-5.9","50.0","1022.19","3.94457","875.2","871.2"
"40766","2022-12-10 00:00:00","1401-09-19 00:00:00","-2.1","10.9","0.0","8.6","3","230","4.4","-4.3875","59.625","1020.77","4.44852","873.1","870.0"
"40766","2022-12-11 00:00:00","1401-09-20 00:00:00","-4.2","11.9","0.0","8.5","5","120","3.8","-5.475","55.625","1021.92","4.09115","874.3","871.7"
"40766","2022-12-12 00:00:00","1401-09-21 00:00:00","-4.4","11.7","0.2","0.6","3","320","3.6","-2.875","59.875","1020.37","5.18838","872.8","870.1"
"40766","2022-12-13 00:00:00","1401-09-22 00:00:00","5.8","12.2","0.02","0.0","4","140","9.0","1.55","58.875","1019.89","6.85064","871.5","870.2"
"40766","2022-12-14 00:00:00","1401-09-23 00:00:00","6.3","10.8","7.0","0.7","4","110","8.6","4.15","80.125","1022.87","8.22252","874.2","871.5"
"40766","2022-12-15 00:00:00","1401-09-24 00:00:00","3.6","9.9","0.0","0.0","4","90","6.8","4.675","87.875","1023.17","8.53831","874.8","872.9"
"40766","2022-12-16 00:00:00","1401-09-25 00:00:00","0.9","12.5","0.0","6.0","4","270","6.7","3.0875","83.0","1022.61","7.63028","874.7","872.0"
"40766","2022-12-17 00:00:00","1401-09-26 00:00:00","0.2","12.7","0.0","8.3","5","110","6.4","0.55","68.5","1023.71","6.3706","875.2","872.7"
"40766","2022-12-18 00:00:00","1401-09-27 00:00:00","2.0","13.9","0.0","8.9","8","100","7.9","-0.85","58.625","1025.29","5.75475","877.2","874.4"
"40766","2022-12-19 00:00:00","1401-09-28 00:00:00","-1.2","13.6","0.0","8.2","6","130","6.2","-2.85","57.5","1023.58","4.9919","876.0","872.2"
"40766","2022-12-20 00:00:00","1401-09-29 00:00:00","-3.5","14.7","0.0","8.5","5","170","5.6","-4.95","54.125","1021.36","4.26735","873.5","870.6"
"40766","2022-12-21 00:00:00","1401-09-30 00:00:00","-0.8","14.1","0.0","9.0","7","110","6.7","-4.9","46.875","1020.21","4.26614","873.3","869.6"
"40766","2022-12-22 00:00:00","1401-10-01 00:00:00","4.1","6.6","5.6","0.0","7","150","5.3","1.1","78.375","1019.52","6.67158","871.3","869.1"
"40766","2022-12-23 00:00:00","1401-10-02 00:00:00","2.1","11.3","1.01","1.5","9","120","6.7","2.0375","74.0","1016.47","7.08871","871.0","862.8"
"40766","2022-12-24 00:00:00","1401-10-03 00:00:00","2.7","5.8","18.0","0.0","8","130","4.3","3.025","91.875","1011.56","7.58783","866.8","860.4"
"40766","2022-12-25 00:00:00","1401-10-04 00:00:00","4.0","7.5","2.1","0.1","5","320","5.8","2.625","83.5","1017.87","7.37929","870.1","867.4"
"40766","2022-12-26 00:00:00","1401-10-05 00:00:00","2.1","9.3","0.0","5.8","5","110","5.7","0.4","77.75","1019.03","6.33305","871.0","869.1"
"40766","2022-12-27 00:00:00","1401-10-06 00:00:00","-1.0","7.7","0.0","7.9","7","120","3.3","-3.1","68.0","1020.62","4.87567","872.3","870.3"
"40766","2022-12-28 00:00:00","1401-10-07 00:00:00","-3.2","6.9","0.0","5.7","2","170","1.9","-4.3125","69.75","1023.35","4.45318","875.7","872.5"
"40766","2022-12-29 00:00:00","1401-10-08 00:00:00","-4.3","9.6","0.0","7.6","5","120","2.7","-5.4375","64.0","1027.38","4.10528","878.5","876.3"
"40766","2022-12-30 00:00:00","1401-10-09 00:00:00","-3.8","10.3","0.0","8.0","3","90","3.3","-5.0","62.75","1028.99","4.23088","879.7","877.7"
"40766","2022-12-31 00:00:00","1401-10-10 00:00:00","-3.9","10.7","0.0","8.0","5","130","3.4","-6.3125","56.5","1028.62","3.83145","880.4","876.5"
"40766","2023-01-01 00:00:00","1401-10-11 00:00:00","-3.8","10.4","0.0","8.0","5","100","3.3","-6.45","56.125","1029.68","3.79044","880.5","878.2"
"40766","2023-01-02 00:00:00","1401-10-12 00:00:00","-4.6","10.1","0.0","7.9","5","90","2.8","-8.125","51.75","1030.29","3.34889","881.4","878.6"
"40766","2023-01-03 00:00:00","1401-10-13 00:00:00","-3.4","10.5","0.0","","6","110","3.5","-10.4125","42.0","1030.16","2.82363","882.5","877.6"
"40766","2023-01-04 00:00:00","1401-10-14 00:00:00","-1.6","6.2","8.0","0.0","10","140","2.3","-3.95","63.25","1020.72","4.86236","876.8","866.7"
"40766","2023-01-05 00:00:00","1401-10-15 00:00:00","2.1","9.5","7.2","0.0","7","80","5.8","3.0875","84.875","1016.46","7.62875","871.0","865.9"
"40766","2023-01-06 00:00:00","1401-10-16 00:00:00","4.0","8.7","0.3","0.0","6","210","6.3","0.675","73.5","1021.49","6.44851","872.9","871.2"
"40766","2023-01-07 00:00:00","1401-10-17 00:00:00","0.9","9.1","0.0","2.9","4","210","5.0","-1.85","68.625","1020.92","5.38652","872.9","870.3"
"40766","2023-01-08 00:00:00","1401-10-18 00:00:00","2.2","8.4","0.21","0.5","6","200","5.3","-0.925","66.125","1020.72","5.72364","871.8","870.3"
"40766","2023-01-09 00:00:00","1401-10-19 00:00:00","3.3","8.5","0.9","1.0","5","140","5.9","-1.2","65.8571","1020.05","5.61157","872.2","869.7"
"40766","2023-01-10 00:00:00","1401-10-20 00:00:00","-0.8","8.6","0.0","8.0","8","120","3.9","-4.0125","64.875","1020.4","4.61445","874.8","869.2"
"40766","2023-01-11 00:00:00","1401-10-21 00:00:00","-4.1","8.2","0.0","8.8","7","110","2.0","-6.3875","54.75","1026.27","3.79921","877.7","875.3"
"40766","2023-01-12 00:00:00","1401-10-22 00:00:00","-3.3","7.9","0.0","9.0","6","110","2.3","-7.425","54.75","1025.57","3.51452","877.6","874.2"
"40766","2023-01-13 00:00:00","1401-10-23 00:00:00","-4.8","8.0","0.0","2.0","9","120","1.6","-8.17143","49.7143","1023.9","3.31423","875.6","872.9"
"40766","2023-01-14 00:00:00","1401-10-24 00:00:00","1.7","3.4","5.0","0.0","10","110","2.6","-1.3375","82.75","1022.23","5.81173","874.1","870.9"
"40766","2023-01-15 00:00:00","1401-10-25 00:00:00","","","30.0","0.0","7","140","","0.525","93.0","1019.94","6.33983","872.2","869.1"
"40766","2023-01-16 00:00:00","1401-10-26 00:00:00","0.0","5.3","0.0","0.4","6","100","2.7","-0.114286","86.7143","1021.5","6.064","872.9","871.3"
"40766","2023-01-17 00:00:00","1401-10-27 00:00:00","","2.1","0.0","0.2","8","110","","-2.625","80.75","1021.11","5.01832","872.3","870.9"
"40766","2023-01-18 00:00:00","1401-10-28 00:00:00","-0.9","3.2","0.0","2.0","7","110","1.2","-4.925","72.625","1023.64","4.24915","875.7","872.7"
"40766","2023-01-19 00:00:00","1401-10-29 00:00:00","-4.5","4.2","0.0","9.3","6","120","-0.2","-7.0625","67.875","1025.84","3.60912","877.0","874.9"
"40766","2023-01-20 00:00:00","1401-10-30 00:00:00","-6.6","6.4","0.0","9.2","6","70","-0.1","-9.5625","56.625","1024.95","2.97253","876.8","873.5"
"40766","2023-01-21 00:00:00","1401-11-01 00:00:00","-6.5","6.8","0.0","9.6","6","70","0.2","-9.775","54.5","1024.39","2.92539","876.2","873.4"
"40766","2023-01-22 00:00:00","1401-11-02 00:00:00","-6.6","5.8","0.0","9.3","6","110","-0.4","-9.9625","54.25","1024.22","2.88118","875.9","873.4"
"40766","2023-01-23 00:00:00","1401-11-03 00:00:00","-6.0","5.9","0.0","5.9","5","90","0.0","-8.72857","57.5714","1024.63","3.17315","876.1","874.1"
"40766","2023-01-24 00:00:00","1401-11-04 00:00:00","","6.5","0.0","7.3","7","100","","-6.75","63.25","1023.4","3.77751","875.8","872.5"
"40766","2023-01-25 00:00:00","1401-11-05 00:00:00","-6.1","7.7","0.0","7.4","6","110","0.8","-5.875","62.875","1020.95","3.96626","873.1","870.1"
"40766","2023-01-26 00:00:00","1401-11-06 00:00:00","-2.3","7.2","0.0","7.0","6","90","2.4","-4.55","68.5","1020.89","4.37073","872.9","870.3"
"40766","2023-01-27 00:00:00","1401-11-07 00:00:00","-4.7","4.7","2.5","0.5","5","270","0.0","-2.4","85.375","1021.85","5.19334","873.6","871.7"
"40766","2023-01-28 00:00:00","1401-11-08 00:00:00","-1.4","5.3","0.0","4.3","6","70","2.0","-3.9625","69.0","1021.39","4.57486","874.4","870.3"
"40766","2023-01-29 00:00:00","1401-11-09 00:00:00","0.1","11.1","0.01","1.9","7","350","5.6","-2.5625","57.375","1015.29","5.07748","868.9","864.4"
"40766","2023-01-30 00:00:00","1401-11-10 00:00:00","3.2","8.4","3.0","0.0","10","140","5.8","0.857143","72.5714","1014.54","6.90174","867.7","864.2"
"40766","2023-01-31 00:00:00","1401-11-11 00:00:00","","9.4","22.4","1.9","8","140","","2.7375","79.5","1008.94","7.43934","863.2","857.7"
"40766","2023-02-01 00:00:00","1401-11-12 00:00:00","1.0","10.6","0.2","6.5","4","220","5.8","-1.0125","68.5","1013.13","5.71119","866.5","862.1"
"40766","2023-02-02 00:00:00","1401-11-13 00:00:00","-0.4","9.4","5.4","3.0","8","150","4.5","-1.4625","74.625","1016.63","5.54472","871.5","866.1"
"40766","2023-02-03 00:00:00","1401-11-14 00:00:00","-0.9","7.1","0.0","9.2","6","250","3.1","-5.65","57.625","1022.08","4.04083","873.1","871.9"
"40766","2023-02-04 00:00:00","1401-11-15 00:00:00","-4.5","10.1","0.0","8.5","5","140","2.8","-8.35","51.5","1017.91","3.32382","871.9","866.6"
"40766","2023-02-05 00:00:00","1401-11-16 00:00:00","-1.7","11.1","0.0","4.4","8","200","4.7","-6.55714","45.1429","1016.55","3.7533","868.9","866.9"
"40766","2023-02-06 00:00:00","1401-11-17 00:00:00","","11.0","0.4","1.8","9","170","","-2.5125","53.5","1014.5","5.33532","868.0","864.9"
"40766","2023-02-07 00:00:00","1401-11-18 00:00:00","3.5","8.9","3.0","0.7","5","80","6.2","-1.2125","64.5","1011.76","5.68896","864.0","862.8"
"40766","2023-02-08 00:00:00","1401-11-19 00:00:00","0.5","6.1","1.3","1.0","6","280","3.3","-1.125","83.375","1013.93","5.64157","866.9","864.3"
"40766","2023-02-09 00:00:00","1401-11-20 00:00:00","-4.1","3.0","0.0","8.6","5","300","-0.5","-7.3625","65.5","1020.03","3.61232","873.8","867.1"
"40766","2023-02-10 00:00:00","1401-11-21 00:00:00","-7.1","2.8","0.0","10.0","9","110","-2.2","-9.7","58.375","1024.2","2.94144","876.2","873.4"
"40766","2023-02-11 00:00:00","1401-11-22 00:00:00","-6.7","5.4","0.0","7.9","6","80","-0.6","-8.1875","57.375","1022.54","3.34957","875.4","870.4"
"40766","2023-02-12 00:00:00","1401-11-23 00:00:00","-0.3","2.0","0.3","0.0","6","200","0.9","-2.55714","80.5714","1017.83","5.10829","870.4","868.1"
"40766","2023-02-13 00:00:00","1401-11-24 00:00:00","-0.6","8.4","0.0","5.3","6","190","3.9","-2.87143","72.5714","1020.43","5.0552","872.6","870.0"
"40766","2023-02-14 00:00:00","1401-11-25 00:00:00","-4.0","9.9","0.0","8.5","6","110","2.9","-5.85","53.75","1017.7","4.03924","871.6","866.5"
"40766","2023-02-15 00:00:00","1401-11-26 00:00:00","1.7","9.8","4.0","3.8","7","290","5.8","-5.8125","54.25","1014.23","4.13367","867.4","864.2"
"40766","2023-02-16 00:00:00","1401-11-27 00:00:00","-3.4","6.8","0.01","7.1","9","300","1.7","-9.15","48.75","1020.07","3.14951","874.0","867.5"
"40766","2023-02-17 00:00:00","1401-11-28 00:00:00","-8.0","10.0","0.0","10.3","5","260","1.0","-11.275","45.375","1024.31","2.67206","876.1","873.2"
"40766","2023-02-18 00:00:00","1401-11-29 00:00:00","-5.4","12.4","0.0","10.6","6","200","3.5","-11.9","39.25","1024.49","2.56976","876.2","873.3"
"40766","2023-02-19 00:00:00","1401-11-30 00:00:00","-6.8","","0.0","10.6","8","280","","-14.7429","34.7143","1024.45","2.14414","876.0","872.8"
"40766","2023-02-20 00:00:00","1401-12-01 00:00:00","-5.5","14.7","0.0","9.8","5","290","4.6","-12.5125","31.125","1022.22","2.3757","876.1","870.5"
"40766","2023-02-21 00:00:00","1401-12-02 00:00:00","-5.9","14.8","0.0","9.0","12","270","4.4","-10.8","35.5","1019.28","2.7868","871.6","868.5"
"40766","2023-02-22 00:00:00","1401-12-03 00:00:00","-3.0","16.5","0.0","10.2","6","210","6.8","-8.8125","38.0","1019.43","3.16646","872.3","868.7"
"40766","2023-02-23 00:00:00","1401-12-04 00:00:00","-3.2","18.0","0.0","9.8","7","210","7.4","-8.075","35.0","1016.41","3.4225","868.9","865.0"
"40766","2023-02-24 00:00:00","1401-12-05 00:00:00","-1.9","16.6","0.0","10.0","5","260","7.4","-8.2","34.5","1016.86","3.28805","870.3","866.6"
"40766","2023-02-25 00:00:00","1401-12-06 00:00:00","0.5","18.4","0.0","9.0","7","210","9.4","-4.125","42.375","1020.53","4.70434","873.0","869.6"
"40766","2023-02-26 00:00:00","1401-12-07 00:00:00","1.4","17.9","0.0","10.2","3","120","9.6","-4.8125","42.25","1024.92","4.51692","876.5","873.8"
"40766","2023-02-27 00:00:00","1401-12-08 00:00:00","","20.0","0.0","9.5","5","120","","-6.1875","34.5","1024.83","3.91646","877.8","873.3"
"40766","2023-02-28 00:00:00","1401-12-09 00:00:00","0.6","19.6","0.0","10.2","5","130","10.1","-9.0625","30.125","1023.25","3.33807","875.5","872.0"
"40766","2023-03-01 00:00:00","1401-12-10 00:00:00","0.1","19.4","0.0","10.0","4","140","9.8","-9.4625","28.875","1022.0","3.14937","874.8","870.9"
"40766","2023-03-02 00:00:00","1401-12-11 00:00:00","-0.3","19.2","0.0","10.0","4","240","9.5","-6.975","34.5","1021.46","3.74968","873.6","870.2"
"40766","2023-03-03 00:00:00","1401-12-12 00:00:00","0.3","20.5","0.0","9.5","5","200","10.4","-7.71429","32.2857","1023.22","3.56904","876.0","872.2"
"40766","2023-03-04 00:00:00","1401-12-13 00:00:00","8.5","","0.3","8.3","8","160","","-2.07143","35.1429","1021.89","5.54925","873.9","870.1"
"40766","2023-03-05 00:00:00","1401-12-14 00:00:00","1.2","21.6","0.0","10.1","9","240","11.4","-6.61429","34.7143","1023.6","3.90016","875.4","872.6"
"40766","2023-03-06 00:00:00","1401-12-15 00:00:00","6.6","24.1","0.7","9.2","17","100","15.4","-0.975","37.5","1019.94","6.33914","872.9","868.8"
"40766","2023-03-07 00:00:00","1401-12-16 00:00:00","11.4","18.9","17.4","6.2","9","270","15.1","7.1875","62.5","1017.84","10.1657","870.2","867.4"
"40766","2023-03-08 00:00:00","1401-12-17 00:00:00","10.1","14.0","0.2","0.0","8","100","12.1","6.7","70.5","1018.34","9.81855","871.6","867.0"
"40766","2023-03-09 00:00:00","1401-12-18 00:00:00","9.7","15.7","9.0","","8","120","12.7","7.0","67.875","1014.82","9.78873","867.0","864.6"
"40766","2023-03-10 00:00:00","1401-12-19 00:00:00","8.3","","0.01","9.3","7","280","","3.3","67.6667","1017.64","8.1337","871.0","866.3"
"40766","2023-03-11 00:00:00","1401-12-20 00:00:00","1.8","20.6","0.0","10.5","4","140","11.2","3.41429","65.0","1020.78","7.90694","873.6","870.1"
"40766","2023-03-12 00:00:00","1401-12-21 00:00:00","2.9","22.0","0.0","8.6","9","190","12.4","-1.775","42.5","1019.26","5.48732","872.5","868.1"
"40766","2023-03-13 00:00:00","1401-12-22 00:00:00","8.7","12.8","6.3","0.0","7","150","10.8","7.5125","81.625","1017.81","10.4353","869.7","867.6"
"40766","2023-03-14 00:00:00","1401-12-23 00:00:00","9.5","19.4","0.0","7.5","5","110","14.4","7.42857","70.0","1017.94","10.3875","870.7","867.4"
"40766","2023-03-15 00:00:00","1401-12-24 00:00:00","5.6","21.5","7.0","8.0","17","170","13.6","3.8625","61.125","1014.53","8.08314","868.5","862.8"
"40766","2023-03-16 00:00:00","1401-12-25 00:00:00","3.6","15.1","12.0","7.1","7","220","9.4","2.1125","60.75","1014.96","7.10988","867.8","865.6"
"40766","2023-03-17 00:00:00","1401-12-26 00:00:00","8.2","15.8","0.1","","6","250","12.0","1.72857","57.5714","1017.42","7.10201","869.6","867.4"
"40766","2023-03-18 00:00:00","1401-12-27 00:00:00","1.0","19.0","0.0","11.2","3","140","10.0","-2.05714","53.2857","1017.23","5.5258","870.4","866.9"
"40766","2023-03-19 00:00:00","1401-12-28 00:00:00","4.0","20.1","0.7","7.0","10","150","12.1","2.275","50.25","1012.45","7.51314","866.8","862.0"
"40766","2023-03-20 00:00:00","1401-12-29 00:00:00","6.6","19.1","0.3","7.7","7","180","12.9","1.025","49.375","1009.69","6.79619","863.3","860.0"
"40766","2023-03-21 00:00:00","1402-01-01 00:00:00","4.9","7.8","7.3","0.0","6","210","6.4","3.9125","84.625","1007.08","8.08645","860.9","858.3"
"40766","2023-03-22 00:00:00","1402-01-02 00:00:00","3.9","10.8","1.7","1.2","7","270","7.4","3.42222","77.6667","1010.33","7.80513","865.0","860.5"
"40766","2023-03-23 00:00:00","1402-01-03 00:00:00","1.4","15.4","0.0","9.5","5","110","8.4","1.2625","59.8571","1015.88","6.82727","868.2","865.4"
"40766","2023-03-24 00:00:00","1402-01-04 00:00:00","3.8","","0.0","8.8","5","290","","3.22857","63.1429","1016.91","7.69388","869.2","867.0"
"40766","2023-03-25 00:00:00","1402-01-05 00:00:00","4.2","20.5","0.0","8.0","4","150","12.4","2.94286","50.5714","1015.77","6.89574","868.6","865.9"
"40766","2023-03-26 00:00:00","1402-01-06 00:00:00","","14.1","12.1","0.0","8","80","","6.05714","81.4286","1013.33","9.40822","865.8","864.0"
"40766","2023-03-27 00:00:00","1402-01-07 00:00:00","7.6","15.3","6.7","3.0","8","100","11.4","6.8125","73.375","1011.97","9.91016","864.7","863.0"
"40766","2023-03-28 00:00:00","1402-01-08 00:00:00","9.4","16.7","5.6","3.8","6","290","13.1","7.3","76.25","1016.18","10.2269","869.6","864.6"
"40766","2023-03-29 00:00:00","1402-01-09 00:00:00","3.2","18.7","0.0","10.5","5","290","11.0","3.65714","64.5714","1018.14","8.04661","870.6","868.3"
"40766","2023-03-30 00:00:00","1402-01-10 00:00:00","4.6","21.0","0.0","11.2","6","200","12.8","0.7375","44.0","1015.27","6.44376","868.2","865.5"
"40766","2023-03-31 00:00:00","1402-01-11 00:00:00","12.1","17.3","5.01","3.7","11","240","14.7","0.4125","54.5","1011.71","6.45132","865.8","862.6"
"40766","2023-04-01 00:00:00","1402-01-12 00:00:00","-1.6","10.7","0.0","10.4","8","290","4.5","-8.125","42.375","1015.58","3.33691","868.4","865.2"
"40766","2023-04-02 00:00:00","1402-01-13 00:00:00","","12.7","0.0","11.3","9","290","","-5.425","48.75","1016.21","4.15995","868.4","866.2"
"40766","2023-04-03 00:00:00","1402-01-14 00:00:00","-0.3","16.6","0.0","11.0","8","280","8.2","0.075","59.0","1017.21","6.16298","869.4","867.2"
"40766","2023-04-04 00:00:00","1402-01-15 00:00:00","1.3","19.8","0.0","10.8","6","280","10.5","0.2875","50.375","1019.26","6.27727","871.5","869.1"
"40766","2023-04-05 00:00:00","1402-01-16 00:00:00","4.0","23.1","0.0","11.0","5","330","13.6","-1.15","38.875","1017.35","5.73125","870.4","866.7"
"40766","2023-04-06 00:00:00","1402-01-17 00:00:00","9.6","23.4","0.0","10.6","8","220","16.5","-1.7875","31.625","1015.18","5.45278","868.0","865.4"
"40766","2023-04-07 00:00:00","1402-01-18 00:00:00","7.8","","0.0","10.4","9","290","","-2.68571","37.8571","1019.07","5.72762","872.7","868.0"
"40766","2023-04-08 00:00:00","1402-01-19 00:00:00","3.1","22.4","0.0","8.8","13","270","12.8","-4.17143","34.5714","1022.54","4.58099","873.7","872.5"
"40766","2023-04-09 00:00:00","1402-01-20 00:00:00","7.0","24.0","0.0","5.5","5","350","15.5","-0.475","36.75","1023.48","5.90062","875.8","872.8"
"40766","2023-04-10 00:00:00","1402-01-21 00:00:00","6.8","25.0","0.0","4.0","5","110","15.9","-0.15","36.875","1019.79","6.02424","873.4","868.9"
"40766","2023-04-11 00:00:00","1402-01-22 00:00:00","10.0","25.3","0.0","8.0","12","160","17.6","-1.4875","27.875","1015.64","5.56849","868.5","865.1"
"40766","2023-04-12 00:00:00","1402-01-23 00:00:00","10.7","16.8","18.1","0.6","12","90","13.8","8.75","70.75","1013.87","11.407","867.6","862.0"
"40766","2023-04-13 00:00:00","1402-01-24 00:00:00","8.8","","33.0","7.4","11","250","","2.2625","58.5","1013.39","7.94167","869.1","860.6"
"40766","2023-04-14 00:00:00","1402-01-25 00:00:00","5.2","15.4","1.0","8.0","7","220","10.3","2.14286","60.5714","1021.77","7.14761","873.5","869.8"
"40766","2023-04-15 00:00:00","1402-01-26 00:00:00","3.0","17.9","0.0","10.8","5","260","10.4","-0.0125","56.125","1019.99","6.17178","873.5","868.9"
"40766","2023-04-16 00:00:00","1402-01-27 00:00:00","2.9","21.1","0.0","12.0","4","280","12.0","2.65","52.625","1016.23","7.41492","869.2","866.3"
"40766","2023-04-17 00:00:00","1402-01-28 00:00:00","5.0","23.2","0.0","11.3","3","300","14.1","2.8875","49.375","1017.27","7.58651","869.9","867.0"
"40766","2023-04-18 00:00:00","1402-01-29 00:00:00","5.5","24.0","0.0","12.0","4","20","14.8","2.425","45.375","1019.8","7.32192","871.8","869.3"
"40766","2023-04-19 00:00:00","1402-01-30 00:00:00","7.6","24.8","0.0","12.1","5","210","16.2","3.0875","45.0","1018.59","7.78747","871.2","867.7"
"40766","2023-04-20 00:00:00","1402-01-31 00:00:00","7.6","","0.0","11.0","4","170","","2.225","41.875","1014.97","7.16711","868.2","864.3"
"40766","2023-04-21 00:00:00","1402-02-01 00:00:00","9.6","22.4","0.01","7.1","7","100","16.0","4.45714","47.7143","1013.84","8.40072","866.2","864.4"
"40766","2023-04-22 00:00:00","1402-02-02 00:00:00","9.3","24.3","4.0","6.6","7","80","16.8","6.4375","57.875","1016.24","9.93273","869.0","866.2"
"40766","2023-04-23 00:00:00","1402-02-03 00:00:00","7.7","20.6","3.2","4.0","16","270","14.1","7.1625","70.875","1018.53","10.1365","870.7","868.2"
"40766","2023-04-24 00:00:00","1402-02-04 00:00:00","6.2","","11.01","4.2","9","280","","9.9375","79.75","1016.72","12.3705","869.0","866.5"
"40766","2023-04-25 00:00:00","1402-02-05 00:00:00","11.7","21.8","11.0","6.0","5","100","16.8","8.2875","65.0","1015.04","10.9742","867.4","864.7"
"40766","2023-04-26 00:00:00","1402-02-06 00:00:00","5.9","21.7","0.0","12.0","6","290","13.8","1.8625","49.5","1016.83","7.31809","869.2","867.2"
"40766","2023-04-27 00:00:00","1402-02-07 00:00:00","4.3","","0.0","11.2","6","200","","0.85","46.5","1015.9","6.60652","868.9","865.4"
"40766","2023-04-28 00:00:00","1402-02-08 00:00:00","4.9","26.2","0.0","11.0","6","200","15.6","2.35714","46.7143","1014.78","7.28233","868.1","864.8"
"40766","2023-04-29 00:00:00","1402-02-09 00:00:00","6.8","25.0","0.0","6.7","8","180","15.9","3.5125","42.5","1013.33","8.05455","866.2","864.2"
"40766","2023-04-30 00:00:00","1402-02-10 00:00:00","8.1","","0.01","11.8","11","270","","4.04286","53.5714","1014.08","8.36433","866.3","864.4"
"40766","2023-05-01 00:00:00","1402-02-11 00:00:00","8.5","22.2","0.0","12.0","8","300","15.4","-1.68571","33.5714","1014.64","5.52947","868.6","865.3"
"40766","2023-05-02 00:00:00","1402-02-12 00:00:00","5.4","21.9","0.0","11.6","8","280","13.6","-1.3","38.5","1018.28","5.53877","870.4","868.1"
"40766","2023-05-03 00:00:00","1402-02-13 00:00:00","3.8","22.0","0.0","12.2","8","290","12.9","-5.55","30.0","1020.16","4.26713","872.0","869.7"
"40766","2023-05-04 00:00:00","1402-02-14 00:00:00","2.3","20.6","0.0","12.6","7","360","11.4","-7.175","28.875","1019.82","3.68929","871.4","869.5"
"40766","2023-05-05 00:00:00","1402-02-15 00:00:00","1.8","24.3","0.0","11.6","4","90","13.0","-6.56667","32.0","1019.12","4.08819","871.7","868.0"
"40766","2023-05-06 00:00:00","1402-02-16 00:00:00","6.0","28.9","0.0","11.5","5","200","17.5","-2.5","29.875","1017.28","5.08179","869.4","867.3"
"40766","2023-05-07 00:00:00","1402-02-17 00:00:00","7.3","30.4","0.0","10.0","10","180","18.9","-2.3875","26.375","1016.87","5.26117","870.0","866.8"
"40766","2023-05-08 00:00:00","1402-02-18 00:00:00","12.9","27.5","0.0","12.4","9","290","20.2","-2.4625","23.875","1015.69","5.14912","868.3","865.8"
"40766","2023-05-09 00:00:00","1402-02-19 00:00:00","5.9","24.2","0.0","4.1","9","90","15.1","4.3625","49.375","1016.05","8.50957","868.0","866.0"
"40766","2023-05-10 00:00:00","1402-02-20 00:00:00","10.5","25.1","0.0","9.9","8","280","17.8","6.05","49.5","1017.67","9.43982","870.2","867.2"
"40766","2023-05-11 00:00:00","1402-02-21 00:00:00","7.6","27.9","0.0","6.0","9","200","17.8","2.04286","42.0","1019.4","7.24779","871.3","869.2"
"40766","2023-05-12 00:00:00","1402-02-22 00:00:00","9.3","30.9","0.0","9.7","5","220","20.1","-0.6375","32.375","1019.49","5.87557","872.2","869.2"
"40766","2023-05-13 00:00:00","1402-02-23 00:00:00","10.9","","0.0","7.5","11","180","","0.65","27.875","1016.68","7.05097","869.2","865.5"
"40766","2023-05-14 00:00:00","1402-02-24 00:00:00","13.4","25.3","0.0","10.5","8","290","19.3","2.9625","35.0","1015.24","7.568","867.5","865.6"
"40766","2023-05-15 00:00:00","1402-02-25 00:00:00","9.5","25.7","0.0","12.0","10","250","17.6","-4.45","29.375","1013.23","4.82918","866.0","863.2"
"40766","2023-05-16 00:00:00","1402-02-26 00:00:00","4.2","24.2","0.0","12.0","5","280","14.2","-2.7125","32.125","1015.41","5.06126","868.2","865.5"
"40766","2023-05-17 00:00:00","1402-02-27 00:00:00","4.9","","0.0","9.8","8","290","","-3.4375","28.75","1016.06","5.11935","868.1","865.8"
"40766","2023-05-18 00:00:00","1402-02-28 00:00:00","6.8","29.9","0.0","10.0","6","210","18.4","-3.1","25.4286","1017.86","4.94958","869.9","867.4"
"40766","2023-05-19 00:00:00","1402-02-29 00:00:00","16.3","31.4","0.0","7.6","9","290","23.8","0.8875","26.0","1016.92","6.38462","870.0","866.3"
"40766","2023-05-20 00:00:00","1402-02-30 00:00:00","16.1","30.1","14.0","","15","300","23.1","6.85","46.375","1015.2","9.73869","870.4","864.5"
"40766","2023-05-21 00:00:00","1402-02-31 00:00:00","12.2","26.7","16.0","6.1","9","170","19.5","9.2125","56.25","1014.92","11.6503","867.8","865.1"
"40766","2023-05-22 00:00:00","1402-03-01 00:00:00","12.0","28.1","0.0","11.5","4","230","20.0","5.0875","43.875","1018.38","9.10035","870.6","868.1"
"40766","2023-05-23 00:00:00","1402-03-02 00:00:00","9.9","30.9","0.0","10.7","6","210","20.4","5.6125","44.0","1021.09","9.11369","873.4","870.9"
"40766","2023-05-24 00:00:00","1402-03-03 00:00:00","11.8","","0.0","7.1","7","110","","6.525","42.625","1019.91","9.54744","871.7","869.1"
"40766","2023-05-25 00:00:00","1402-03-04 00:00:00","14.9","28.6","0.0","4.2","13","190","21.8","8.8","47.7143","1019.08","11.3206","870.4","869.0"
"40766","2023-05-26 00:00:00","1402-03-05 00:00:00","13.8","28.3","10.2","7.2","12","280","21.0","10.775","68.0","1019.24","12.989","871.0","869.2"
"40766","2023-05-27 00:00:00","1402-03-06 00:00:00","11.5","29.9","0.0","10.6","6","270","20.7","6.05","46.125","1018.25","9.82204","870.8","867.7"
"40766","2023-05-28 00:00:00","1402-03-07 00:00:00","10.1","30.3","0.0","9.2","5","270","20.2","3.6","35.5","1018.52","8.01883","870.6","868.7"
"40766","2023-05-29 00:00:00","1402-03-08 00:00:00","12.8","30.7","0.0","8.2","7","290","21.8","6.65714","37.7143","1019.05","9.83933","871.0","869.2"
"40766","2023-05-30 00:00:00","1402-03-09 00:00:00","17.3","31.4","0.1","9.0","6","290","24.3","8.0","37.5","1018.62","10.8625","870.4","868.6"
"40766","2023-05-31 00:00:00","1402-03-10 00:00:00","15.7","","0.0","8.8","7","260","","5.8375","35.625","1017.16","9.68566","869.2","867.1"
"40766","2023-06-01 00:00:00","1402-03-11 00:00:00","14.2","31.0","0.0","12.8","5","270","22.6","4.18333","32.6667","1017.23","8.37486","869.6","867.7"
"40766","2023-06-02 00:00:00","1402-03-12 00:00:00","12.2","31.0","0.0","10.2","12","280","21.6","1.7875","29.875","1019.73","7.07077","871.5","869.5"
"40766","2023-06-03 00:00:00","1402-03-13 00:00:00","12.8","33.0","0.0","12.4","8","290","22.9","6.1","38.5","1018.18","9.6931","870.4","868.0"
"40766","2023-06-04 00:00:00","1402-03-14 00:00:00","11.4","33.8","0.0","13.0","8","270","22.6","1.5875","27.5","1017.13","6.95103","869.5","867.3"
"40766","2023-06-05 00:00:00","1402-03-15 00:00:00","14.7","33.6","0.0","9.0","9","280","24.1","-0.525","20.75","1016.38","6.05657","868.4","866.7"
"40766","2023-06-06 00:00:00","1402-03-16 00:00:00","14.3","33.0","0.0","9.8","6","290","23.6","0.985714","26.1429","1016.48","6.69171","868.6","866.8"
"40766","2023-06-07 00:00:00","1402-03-17 00:00:00","12.7","34.2","0.0","10.5","5","310","23.5","0.957143","26.0","1015.54","6.70857","868.2","865.4"
"40766","2023-06-08 00:00:00","1402-03-18 00:00:00","21.4","30.1","0.01","3.4","7","350","25.8","4.6375","30.125","1016.06","8.52859","868.6","865.9"
"40766","2023-06-09 00:00:00","1402-03-19 00:00:00","12.4","31.5","0.0","13.2","6","190","22.0","2.1","30.25","1015.55","7.32601","869.1","865.1"
"40766","2023-06-10 00:00:00","1402-03-20 00:00:00","13.2","33.8","0.0","9.9","12","290","23.5","2.8","28.625","1013.38","7.55572","865.5","863.9"
"40766","2023-06-11 00:00:00","1402-03-21 00:00:00","16.7","33.5","6.4","11.2","10","280","25.1","4.2375","27.25","1012.74","8.38937","866.2","862.9"
"40766","2023-06-12 00:00:00","1402-03-22 00:00:00","13.7","35.4","0.0","11.8","8","210","24.6","0.175","22.125","1011.11","6.2834","864.2","861.4"
"40766","2023-06-13 00:00:00","1402-03-23 00:00:00","14.9","","0.0","10.7","10","200","","0.3875","20.625","1011.45","6.49217","864.3","862.2"
"40766","2023-06-14 00:00:00","1402-03-24 00:00:00","15.5","33.2","0.0","12.5","17","250","24.4","-0.128571","22.4286","1012.4","6.26992","865.1","863.4"
"40766","2023-06-15 00:00:00","1402-03-25 00:00:00","","33.0","0.0","12.7","7","280","","-4.05","18.375","1011.28","4.51214","865.0","861.9"
"40766","2023-06-16 00:00:00","1402-03-26 00:00:00","13.6","33.5","0.0","12.5","7","300","23.5","-1.8875","18.75","1009.04","6.49423","862.3","859.7"
"40766","2023-06-17 00:00:00","1402-03-27 00:00:00","13.9","34.2","0.0","12.6","9","300","24.0","-0.375","20.75","1010.51","6.08008","864.7","861.2"
"40766","2023-06-18 00:00:00","1402-03-28 00:00:00","16.0","35.1","0.0","12.2","9","290","25.5","-3.2625","17.0","1013.17","5.86132","865.8","864.0"
"40766","2023-06-19 00:00:00","1402-03-29 00:00:00","14.8","35.0","0.0","12.0","7","300","24.9","-7.55","16.875","1013.15","4.15804","865.8","863.5"
"40766","2023-06-20 00:00:00","1402-03-30 00:00:00","11.5","35.4","0.0","12.3","7","280","23.5","-9.9","15.25","1012.55","3.51217","865.3","863.1"
"40766","2023-06-21 00:00:00","1402-03-31 00:00:00","11.9","34.4","0.0","12.5","10","300","23.2","-5.82857","14.8571","1012.16","4.19502","865.1","862.9"
"40766","2023-06-22 00:00:00","1402-04-01 00:00:00","12.8","35.5","0.0","10.7","8","290","24.1","-5.675","15.625","1012.6","4.08438","865.5","863.1"
"40766","2023-06-23 00:00:00","1402-04-02 00:00:00","14.2","","0.0","12.4","7","290","","-7.0125","14.375","1013.87","4.20316","866.7","864.4"
"40766","2023-06-24 00:00:00","1402-04-03 00:00:00","13.5","36.1","0.0","12.7","8","280","24.8","-8.1125","13.875","1013.01","4.32769","866.3","863.5"
"40766","2023-06-25 00:00:00","1402-04-04 00:00:00","15.3","36.4","0.0","12.8","6","190","25.9","-1.525","16.75","1009.88","6.0581","863.5","860.2"
"40766","2023-06-26 00:00:00","1402-04-05 00:00:00","17.0","38.3","0.0","11.2","7","270","27.6","-0.3875","16.625","1008.58","6.03177","862.0","859.4"
"40766","2023-06-27 00:00:00","1402-04-06 00:00:00","16.6","","0.0","12.0","9","300","","-6.7","11.625","1009.32","3.90501","862.8","860.4"
"40766","2023-06-28 00:00:00","1402-04-07 00:00:00","14.1","38.3","0.0","12.2","7","290","26.2","-10.9875","10.25","1012.21","2.9639","865.0","863.0"
"40766","2023-06-29 00:00:00","1402-04-08 00:00:00","15.3","38.1","0.0","13.0","7","290","26.7","-7.075","11.875","1011.54","3.77715","864.8","861.5"
"40766","2023-06-30 00:00:00","1402-04-09 00:00:00","20.2","35.7","0.0","12.5","7","290","28.0","-2.95","14.875","1009.92","5.09167","863.5","860.2"
"40766","2023-07-01 00:00:00","1402-04-10 00:00:00","16.8","36.1","0.0","9.1","7","300","26.4","-0.3875","17.5","1010.01","5.99747","863.4","861.0"
"40766","2023-07-02 00:00:00","1402-04-11 00:00:00","16.0","","0.0","12.3","9","300","","-5.9375","13.625","1012.13","4.88804","864.7","862.5"
"40766","2023-07-03 00:00:00","1402-04-12 00:00:00","14.6","37.7","0.0","12.7","8","280","26.2","-7.2125","11.25","1012.47","4.26908","865.3","862.9"
"40766","2023-07-04 00:00:00","1402-04-13 00:00:00","15.2","39.5","0.0","12.3","7","280","27.4","-2.08571","14.4286","1010.7","5.30621","864.0","861.1"
"40766","2023-07-05 00:00:00","1402-04-14 00:00:00","18.2","40.4","0.0","12.3","6","190","29.3","-1.17143","15.5714","1008.92","5.77054","862.6","859.4"
"40766","2023-07-06 00:00:00","1402-04-15 00:00:00","18.9","40.1","0.0","12.0","7","200","29.5","-3.08571","15.8571","1008.89","5.11602","862.1","860.2"
"40766","2023-07-07 00:00:00","1402-04-16 00:00:00","20.4","41.1","0.0","12.0","7","210","30.8","-5.75","11.125","1010.75","4.39885","863.8","861.6"
"40766","2023-07-08 00:00:00","1402-04-17 00:00:00","21.0","40.2","0.0","10.4","10","210","30.6","-2.41429","14.1429","1010.52","5.27835","863.5","861.5"
"40766","2023-07-09 00:00:00","1402-04-18 00:00:00","19.6","","0.0","12.1","9","290","","-6.4","11.875","1010.63","4.60271","863.1","861.7"
"40766","2023-07-10 00:00:00","1402-04-19 00:00:00","16.2","","0.0","12.0","7","210","","-0.9125","16.0","1010.97","5.82609","863.6","861.6"
"40766","2023-07-11 00:00:00","1402-04-20 00:00:00","17.0","37.2","0.0","12.3","8","270","27.1","-1.81429","15.2857","1013.09","5.43308","866.8","863.6"
"40766","2023-07-12 00:00:00","1402-04-21 00:00:00","","38.4","0.0","12.4","7","300","","-2.1875","14.875","1013.59","5.21986","867.6","863.8"
"40766","2023-07-13 00:00:00","1402-04-22 00:00:00","","42.0","0.0","12.8","6","190","","-7.15","10.0","1011.58","4.03567","865.4","862.3"
"40766","2023-07-14 00:00:00","1402-04-23 00:00:00","19.6","42.6","0.0","11.8","12","200","31.1","-7.2875","10.0","1011.68","4.90458","864.6","862.2"
"40766","2023-07-15 00:00:00","1402-04-24 00:00:00","17.5","42.0","0.0","12.7","11","250","29.8","-9.7875","9.5","1011.17","3.32069","864.1","861.7"
"40766","2023-07-16 00:00:00","1402-04-25 00:00:00","17.0","39.6","0.0","12.4","7","290","28.3","-10.9625","9.25","1011.67","3.02103","868.3","861.6"
"40766","2023-07-17 00:00:00","1402-04-26 00:00:00","17.0","","0.0","12.2","7","200","","-11.575","8.0","1011.23","2.9734","864.2","861.6"
"40766","2023-07-18 00:00:00","1402-04-27 00:00:00","15.0","37.9","0.0","11.7","9","280","26.5","-9.12857","10.7143","1010.32","3.39128","863.7","861.0"
"40766","2023-07-19 00:00:00","1402-04-28 00:00:00","","38.5","0.0","11.7","7","150","","-7.6125","14.125","1009.82","4.3893","863.7","860.1"
"40766","2023-07-20 00:00:00","1402-04-29 00:00:00","15.9","39.8","0.0","12.4","6","290","27.8","-5.125","14.125","1010.16","4.61582","863.6","860.8"
"40766","2023-07-21 00:00:00","1402-04-30 00:00:00","18.2","39.8","0.0","11.5","9","280","29.0","-4.3375","12.125","1011.14","4.95689","864.0","861.7"
"40766","2023-07-22 00:00:00","1402-04-31 00:00:00","18.8","40.7","0.0","11.6","7","210","29.8","-8.475","9.125","1011.8","3.87368","864.8","862.1"
"40766","2023-07-23 00:00:00","1402-05-01 00:00:00","18.5","41.9","0.0","12.0","12","200","30.2","-6.9375","10.75","1010.33","5.52346","863.9","861.0"
"40766","2023-07-24 00:00:00","1402-05-02 00:00:00","20.6","","0.0","11.4","10","180","","-5.3","11.375","1008.11","4.39779","861.6","858.4"
"40766","2023-07-25 00:00:00","1402-05-03 00:00:00","18.0","39.1","0.0","11.3","7","300","28.5","-7.72857","10.2857","1008.31","3.6158","861.7","859.7"
"40766","2023-07-26 00:00:00","1402-05-04 00:00:00","","38.8","0.0","11.4","15","220","","-6.5625","10.125","1011.59","3.75334","864.8","860.9"
"40766","2023-07-27 00:00:00","1402-05-05 00:00:00","18.6","39.3","0.0","12.0","8","280","29.0","-3.15","12.25","1011.98","4.99802","865.1","862.0"
"40766","2023-07-28 00:00:00","1402-05-06 00:00:00","19.8","39.9","0.0","11.0","8","290","29.9","-4.7375","10.0","1010.09","4.35517","864.0","860.2"
"40766","2023-07-29 00:00:00","1402-05-07 00:00:00","19.3","40.9","0.0","10.0","8","210","30.1","-4.5","10.4286","1008.54","4.37854","861.7","859.3"
"40766","2023-07-30 00:00:00","1402-05-08 00:00:00","20.9","40.8","0.0","10.0","12","200","30.8","-3.9125","10.875","1009.3","4.78657","862.9","860.3"
"40766","2023-07-31 00:00:00","1402-05-09 00:00:00","20.0","","0.0","10.5","8","290","","-8.0625","10.5","1011.04","4.17241","864.2","861.7"
"40766","2023-08-01 00:00:00","1402-05-10 00:00:00","17.1","40.0","0.0","10.2","8","280","28.5","-10.7375","8.5","1012.27","2.95903","865.7","862.6"
"40766","2023-08-02 00:00:00","1402-05-11 00:00:00","18.3","40.9","0.0","11.5","8","300","29.6","-7.85","9.0","1011.4","3.5152","864.6","861.4"
"40766","2023-08-03 00:00:00","1402-05-12 00:00:00","18.0","41.0","0.0","12.0","9","190","29.5","-7.825","10.0","1010.16","3.56518","863.5","860.8"
"40766","2023-08-04 00:00:00","1402-05-13 00:00:00","18.9","41.6","0.0","11.9","9","180","30.3","-7.325","9.375","1009.81","3.58478","863.0","860.5"
"40766","2023-08-05 00:00:00","1402-05-14 00:00:00","19.6","41.9","0.0","11.3","10","200","30.8","-6.975","10.0","1011.35","3.90594","864.2","862.4"
"40766","2023-08-06 00:00:00","1402-05-15 00:00:00","18.0","40.8","0.0","11.9","11","210","29.4","-6.4","12.0","1012.75","4.9831","865.8","863.2"
"40766","2023-08-07 00:00:00","1402-05-16 00:00:00","17.7","40.5","0.0","12.1","8","300","29.1","-3.05","13.375","1010.46","4.94126","864.1","860.6"
"40766","2023-08-08 00:00:00","1402-05-17 00:00:00","18.3","","0.0","10.6","12","70","","-3.2","12.25","1009.93","5.25917","863.0","860.4"
"40766","2023-08-09 00:00:00","1402-05-18 00:00:00","23.1","39.8","0.0","11.4","10","90","31.5","-0.4625","14.875","1014.29","6.25816","867.4","863.9"
"40766","2023-08-10 00:00:00","1402-05-19 00:00:00","25.4","40.0","0.0","11.8","8","120","32.7","-3.6","11.75","1016.89","5.03885","869.7","866.9"
"40766","2023-08-11 00:00:00","1402-05-20 00:00:00","24.9","40.2","0.0","12.1","7","110","32.5","-12.325","7.75","1017.06","3.02119","869.9","866.8"
"40766","2023-08-12 00:00:00","1402-05-21 00:00:00","20.4","40.6","0.0","11.4","6","200","30.5","-10.75","7.5","1016.8","2.82146","869.7","866.4"
"40766","2023-08-13 00:00:00","1402-05-22 00:00:00","18.5","41.2","0.0","11.4","6","110","29.9","-14.2625","6.25","1016.69","2.25479","869.8","865.9"
"40766","2023-08-14 00:00:00","1402-05-23 00:00:00","20.6","39.3","0.0","11.1","9","90","30.0","-8.6","9.71429","1016.97","3.52705","869.6","866.7"
"40766","2023-08-15 00:00:00","1402-05-24 00:00:00","","37.5","0.0","12.0","11","90","","-13.2125","5.5","1015.96","2.14617","869.4","865.7"
"40766","2023-08-16 00:00:00","1402-05-25 00:00:00","19.7","37.7","0.0","12.0","8","120","28.7","-10.775","7.875","1015.4","2.76784","868.5","865.2"
"40766","2023-08-17 00:00:00","1402-05-26 00:00:00","18.8","","0.0","10.3","9","270","","-10.7125","9.25","1016.06","3.30113","868.1","865.6"
"40766","2023-08-18 00:00:00","1402-05-27 00:00:00","21.2","37.8","0.0","4.4","9","270","29.5","-4.01429","12.1429","1015.95","4.68064","868.2","866.5"
"40766","2023-08-19 00:00:00","1402-05-28 00:00:00","18.0","38.7","0.0","10.7","11","300","28.4","-3.6375","13.75","1015.18","4.79076","868.0","865.2"
"40766","2023-08-20 00:00:00","1402-05-29 00:00:00","17.5","","0.0","10.0","6","210","","-4.15","12.75","1014.71","4.77945","867.4","864.3"
"40766","2023-08-21 00:00:00","1402-05-30 00:00:00","17.2","","0.0","10.5","7","290","","-6.3375","11.75","1015.97","4.08864","868.8","865.8"
"40766","2023-08-22 00:00:00","1402-05-31 00:00:00","17.1","39.4","0.0","10.3","6","280","28.3","-9.0375","9.625","1016.57","3.32581","868.8","866.7"
"40766","2023-08-23 00:00:00","1402-06-01 00:00:00","18.4","40.3","0.0","11.8","10","270","29.3","-8.225","9.75","1016.59","3.4369","869.3","866.4"
"40766","2023-08-24 00:00:00","1402-06-02 00:00:00","16.8","39.4","0.0","12.0","7","300","28.1","-13.45","8.0","1014.44","2.54329","868.0","863.8"
"40766","2023-08-25 00:00:00","1402-06-03 00:00:00","14.7","","0.0","11.3","8","290","","-13.4375","7.125","1012.06","2.29925","865.1","862.1"
"40766","2023-08-26 00:00:00","1402-06-04 00:00:00","15.8","","0.0","11.6","7","290","","-11.8625","9.625","1010.83","3.10773","863.7","861.0"
"40766","2023-08-27 00:00:00","1402-06-05 00:00:00","16.4","38.6","0.0","11.0","8","200","27.5","-12.1429","11.5714","1011.72","3.69205","864.8","862.2"
"40766","2023-08-28 00:00:00","1402-06-06 00:00:00","19.0","38.5","0.0","10.2","7","290","28.8","-5.6875","12.75","1011.07","4.214","865.1","861.3"
"40766","2023-08-29 00:00:00","1402-06-07 00:00:00","16.7","36.5","0.0","10.9","11","240","26.6","-1.5625","16.375","1009.72","5.49278","863.1","860.3"
"40766","2023-08-30 00:00:00","1402-06-08 00:00:00","18.5","32.9","0.0","9.9","7","300","25.7","3.2","25.0","1013.53","7.74864","867.5","863.1"
"40766","2023-08-31 00:00:00","1402-06-09 00:00:00","16.1","34.0","0.0","10.0","7","200","25.0","2.8375","24.5","1016.35","7.57938","868.7","866.5"
"40766","2023-09-01 00:00:00","1402-06-10 00:00:00","16.9","","0.0","11.0","8","230","","-0.557143","19.5714","1016.11","6.2827","868.6","865.6"
"40766","2023-09-02 00:00:00","1402-06-11 00:00:00","17.7","38.9","0.0","9.3","8","200","28.3","-1.425","15.75","1014.9","5.62116","867.4","865.0"
"40766","2023-09-03 00:00:00","1402-06-12 00:00:00","17.9","39.0","0.0","9.2","10","200","28.5","-2.3625","15.5","1014.83","5.31195","867.5","864.9"
"40766","2023-09-04 00:00:00","1402-06-13 00:00:00","16.7","37.6","0.0","11.1","10","210","27.1","-5.0","14.25","1015.98","4.54064","868.0","866.5"
"40766","2023-09-05 00:00:00","1402-06-14 00:00:00","14.9","37.3","0.0","11.0","7","290","26.1","-9.14286","11.4286","1017.84","3.30201","870.7","867.6"
"40766","2023-09-06 00:00:00","1402-06-15 00:00:00","","38.9","0.0","11.0","6","300","","-8.8375","10.0","1016.85","3.19225","870.3","866.4"
"40766","2023-09-07 00:00:00","1402-06-16 00:00:00","16.9","","0.0","11.0","8","290","","-12.7375","8.125","1015.85","2.83548","868.3","865.4"
"40766","2023-09-08 00:00:00","1402-06-17 00:00:00","13.8","37.1","0.0","10.8","10","300","25.4","-14.7857","9.28571","1015.7","2.37728","868.1","865.9"
"40766","2023-09-09 00:00:00","1402-06-18 00:00:00","13.4","35.4","0.0","10.2","10","290","24.4","-8.25","11.75","1015.49","3.37104","867.6","866.0"
"40766","2023-09-10 00:00:00","1402-06-19 00:00:00","16.6","36.3","0.0","9.8","10","270","26.5","-3.6375","15.25","1013.35","4.734","867.0","863.4"
"40766","2023-09-11 00:00:00","1402-06-20 00:00:00","14.9","36.6","0.0","10.5","10","260","25.8","-9.6875","13.5","1013.49","3.58138","866.6","864.1"
"40766","2023-09-12 00:00:00","1402-06-21 00:00:00","12.5","35.7","0.0","10.0","10","270","24.1","-5.0125","15.5","1016.32","4.28256","868.3","866.5"
"40766","2023-09-13 00:00:00","1402-06-22 00:00:00","14.8","","0.0","9.1","9","200","","-2.275","16.5","1015.54","5.16067","868.8","865.2"
"40766","2023-09-14 00:00:00","1402-06-23 00:00:00","18.4","35.6","0.0","9.4","9","250","27.0","-2.95714","16.4286","1013.41","5.09983","867.2","864.3"
"40766","2023-09-15 00:00:00","1402-06-24 00:00:00","12.2","31.8","0.0","10.1","7","290","22.0","-8.225","13.875","1016.59","3.29341","869.5","866.7"
"40766","2023-09-16 00:00:00","1402-06-25 00:00:00","11.4","32.4","0.0","11.1","7","270","21.9","-5.625","16.25","1015.34","4.04473","868.8","865.4"
"40766","2023-09-17 00:00:00","1402-06-26 00:00:00","12.8","33.7","0.0","10.8","10","320","23.3","-7.3625","13.625","1013.43","3.59691","866.4","863.7"
"40766","2023-09-18 00:00:00","1402-06-27 00:00:00","12.4","32.8","0.0","9.6","6","290","22.6","-9.15","12.875","1013.48","3.36979","866.2","864.0"
"40766","2023-09-19 00:00:00","1402-06-28 00:00:00","11.0","33.7","0.0","9.8","5","290","22.4","-8.575","13.75","1015.72","3.39081","868.2","865.7"
"40766","2023-09-20 00:00:00","1402-06-29 00:00:00","12.2","34.3","0.0","9.3","10","270","23.3","-9.12857","13.7143","1017.29","3.36436","869.8","867.0"
"40766","2023-09-21 00:00:00","1402-06-30 00:00:00","12.4","34.0","0.0","9.9","5","110","23.2","-15.3375","9.625","1018.21","2.34998","870.1","867.9"
"40766","2023-09-22 00:00:00","1402-06-31 00:00:00","10.6","34.2","0.0","10.8","4","300","22.4","-18.1625","6.625","1019.3","1.53502","872.7","868.7"
"40766","2023-09-23 00:00:00","1402-07-01 00:00:00","15.0","34.7","0.0","10.6","8","120","24.9","-9.15","11.0","1017.98","3.12195","871.2","867.6"
"40766","2023-09-24 00:00:00","1402-07-02 00:00:00","13.6","","0.0","10.2","8","200","","-13.45","10.0","1017.78","2.82667","870.2","867.2"
"40766","2023-09-25 00:00:00","1402-07-03 00:00:00","9.5","33.9","0.0","8.9","4","30","21.7","-10.6125","11.625","1015.91","2.97774","869.5","865.6"
"40766","2023-09-26 00:00:00","1402-07-04 00:00:00","13.5","34.9","0.0","9.2","8","260","24.2","-8.3","13.75","1015.04","3.58152","868.1","864.9"
"40766","2023-09-27 00:00:00","1402-07-05 00:00:00","15.0","32.0","0.0","9.7","5","280","23.5","-2.2","19.375","1018.79","5.29921","871.4","868.6"
"40766","2023-09-28 00:00:00","1402-07-06 00:00:00","12.3","32.1","0.0","10.2","5","200","22.2","-7.55","15.0","1020.31","3.63285","873.2","869.5"
"40766","2023-09-29 00:00:00","1402-07-07 00:00:00","11.8","31.6","0.0","10.0","6","110","21.7","-9.675","13.375","1018.65","3.0413","871.7","867.7"
"40766","2023-09-30 00:00:00","1402-07-08 00:00:00","10.4","30.8","0.0","9.5","12","310","20.6","-7.2","15.4286","1017.68","3.61112","869.6","867.7"
"40766","2023-10-01 00:00:00","1402-07-09 00:00:00","10.5","28.1","0.0","9.2","5","270","19.3","-1.025","26.5","1018.02","5.7303","870.2","868.3"
"40766","2023-10-02 00:00:00","1402-07-10 00:00:00","12.3","21.4","2.6","1.0","8","290","16.9","5.0125","43.25","1020.1","8.98418","872.3","868.8"
"40766","2023-10-03 00:00:00","1402-07-11 00:00:00","11.2","25.1","1.0","1.0","8","240","18.1","7.5125","56.25","1021.99","11.0634","873.7","870.1"
"40766","2023-10-04 00:00:00","1402-07-12 00:00:00","13.2","19.5","10.2","0.4","7","280","16.4","11.7125","84.375","1024.29","13.7812","876.2","872.6"
"40766","2023-10-05 00:00:00","1402-07-13 00:00:00","7.7","","0.0","10.0","6","300","","3.1","54.2857","1023.51","10.8253","874.9","873.2"
"40766","2023-10-06 00:00:00","1402-07-14 00:00:00","6.1","27.3","0.0","9.8","9","290","16.7","0.825","38.5","1021.24","6.37883","873.3","870.9"
"40766","2023-10-07 00:00:00","1402-07-15 00:00:00","9.0","27.7","0.0","10.0","5","300","18.4","4.4875","40.25","1020.74","8.47001","872.6","870.7"
"40766","2023-10-08 00:00:00","1402-07-16 00:00:00","10.9","29.8","0.0","9.3","6","270","20.3","0.6125","33.5","1020.95","6.88025","872.9","870.5"
"40766","2023-10-09 00:00:00","1402-07-17 00:00:00","7.6","29.3","0.0","9.2","9","280","18.4","-0.7375","30.5","1022.07","5.80189","873.8","871.1"
"40766","2023-10-10 00:00:00","1402-07-18 00:00:00","10.8","","0.01","3.7","8","300","","1.42857","33.8571","1022.53","6.62347","873.9","872.2"
"40766","2023-10-11 00:00:00","1402-07-19 00:00:00","10.7","29.5","0.6","6.5","9","200","20.1","2.9","32.75","1020.64","7.56444","874.1","869.9"
"40766","2023-10-12 00:00:00","1402-07-20 00:00:00","20.6","30.3","0.0","3.0","7","210","25.5","1.675","25.625","1021.91","6.92032","873.9","870.7"
"40766","2023-10-13 00:00:00","1402-07-21 00:00:00","11.3","29.7","0.0","9.5","12","260","20.5","0.1","28.75","1022.18","6.27837","874.5","871.4"
"40766","2023-10-14 00:00:00","1402-07-22 00:00:00","8.3","27.0","0.0","10.0","5","310","17.6","-6.25","23.625","1021.58","4.02456","873.1","871.1"
"40766","2023-10-15 00:00:00","1402-07-23 00:00:00","7.3","29.2","0.0","6.3","6","210","18.3","-5.8375","18.375","1019.05","3.99426","872.1","867.8"
"40766","2023-10-16 00:00:00","1402-07-24 00:00:00","19.9","26.4","0.0","6.2","9","230","23.1","-4.3625","21.125","1015.72","4.50625","867.8","866.4"
"40766","2023-10-17 00:00:00","1402-07-25 00:00:00","9.3","23.2","0.0","9.4","6","280","16.3","2.1875","42.0","1018.49","7.21784","871.4","868.1"
"40766","2023-10-18 00:00:00","1402-07-26 00:00:00","7.4","24.8","0.0","9.6","6","220","16.1","0.2875","36.25","1021.01","6.31367","873.5","870.6"
"40766","2023-10-19 00:00:00","1402-07-27 00:00:00","10.3","","0.0","7.1","9","190","","0.985714","34.2857","1021.37","6.62346","872.9","870.4"
"40766","2023-10-20 00:00:00","1402-07-28 00:00:00","8.5","26.5","0.0","7.3","7","210","17.5","0.9","33.7143","1021.55","6.54061","873.8","871.0"
"40766","2023-10-21 00:00:00","1402-07-29 00:00:00","11.6","26.3","0.0","8.2","6","200","19.0","1.725","34.875","1022.05","6.99668","873.5","871.5"
"40766","2023-10-22 00:00:00","1402-07-30 00:00:00","7.2","24.2","0.0","8.2","5","270","15.7","-1.5","32.875","1023.86","5.54041","875.9","873.2"
"40766","2023-10-23 00:00:00","1402-08-01 00:00:00","6.6","25.0","0.0","7.9","15","280","15.8","-2.975","29.875","1023.52","4.95658","875.9","873.0"
"40766","2023-10-24 00:00:00","1402-08-02 00:00:00","5.5","24.5","0.0","6.8","7","210","15.0","-2.075","32.5","1021.28","5.3445","873.2","870.1"
"40766","2023-10-25 00:00:00","1402-08-03 00:00:00","11.1","20.1","0.0","1.4","6","220","15.6","2.8875","47.375","1021.76","7.5272","874.6","867.4"
"40766","2023-10-26 00:00:00","1402-08-04 00:00:00","4.5","23.0","0.0","8.7","6","280","13.8","1.45","46.5","1023.92","6.83975","876.4","872.8"
"40766","2023-10-27 00:00:00","1402-08-05 00:00:00","5.8","23.7","0.0","8.0","6","270","14.8","-0.675","37.625","1022.67","5.86883","875.3","871.8"
"40766","2023-10-28 00:00:00","1402-08-06 00:00:00","4.9","24.0","0.0","10.0","4","120","14.4","-3.6625","31.375","1022.26","4.69921","874.7","871.7"
"40766","2023-10-29 00:00:00","1402-08-07 00:00:00","5.7","25.8","0.0","9.5","7","200","15.8","-6.875","23.5","1022.17","3.68102","874.6","871.5"
"40766","2023-10-30 00:00:00","1402-08-08 00:00:00","6.5","26.0","0.0","2.7","6","200","16.3","-5.3375","25.25","1022.91","4.15323","874.7","872.3"
"40766","2023-10-31 00:00:00","1402-08-09 00:00:00","10.5","22.5","0.1","0.0","9","280","16.5","2.25","42.5","1025.09","7.53976","876.5","874.1"
"40766","2023-11-01 00:00:00","1402-08-10 00:00:00","11.8","17.0","6.81","0.3","6","200","14.4","10.525","79.875","1024.94","12.7205","876.4","874.2"
"40766","2023-11-02 00:00:00","1402-08-11 00:00:00","11.6","20.6","","2.5","10","150","16.1","11.0625","85.25","1023.54","13.1895","875.3","872.7"
"40766","2023-11-03 00:00:00","1402-08-12 00:00:00","10.7","19.8","","5.1","14","280","15.3","10.1","79.625","1021.69","12.3604","873.7","870.7"
"40766","2023-11-04 00:00:00","1402-08-13 00:00:00","8.2","18.3","3.6","","7","250","13.3","8.65","81.75","1019.92","11.1775","872.0","869.6"
"40766","2023-11-05 00:00:00","1402-08-14 00:00:00","6.1","19.7","0.0","9.0","6","220","12.9","5.8875","67.25","1020.1","9.14602","872.0","869.8"
"40766","2023-11-06 00:00:00","1402-08-15 00:00:00","4.9","20.6","0.0","9.2","6","200","12.8","4.4375","60.625","1020.93","8.42796","873.4","870.7"
"40766","2023-11-07 00:00:00","1402-08-16 00:00:00","4.6","20.3","0.0","9.6","5","290","12.4","4.0625","58.875","1021.29","8.18704","873.5","871.0"
"40766","2023-11-08 00:00:00","1402-08-17 00:00:00","5.2","22.6","0.0","9.3","5","200","13.9","2.375","54.75","1022.71","7.33584","874.6","872.0"
"40766","2023-11-09 00:00:00","1402-08-18 00:00:00","4.8","24.0","0.0","9.6","8","200","14.4","0.0625","45.875","1023.84","6.25727","875.4","873.5"
"40766","2023-11-10 00:00:00","1402-08-19 00:00:00","3.7","23.4","0.0","9.0","9","200","13.6","-0.675","42.25","1025.45","6.032","876.8","874.6"
"40766","2023-11-11 00:00:00","1402-08-20 00:00:00","4.8","22.9","0.0","9.1","7","210","13.9","-0.9875","41.125","1026.72","5.71799","878.2","874.7"
"40766","2023-11-12 00:00:00","1402-08-21 00:00:00","4.9","22.0","0.0","5.2","6","200","13.4","-0.3","45.25","1027.01","5.9851","878.6","875.9"
"40766","2023-11-13 00:00:00","1402-08-22 00:00:00","5.6","22.3","0.0","5.0","3","210","13.9","0.75","46.625","1025.61","6.48295","877.9","874.5"
"40766","2023-11-14 00:00:00","1402-08-23 00:00:00","3.3","22.8","0.0","8.4","12","210","13.0","-2.1625","40.875","1021.76","5.32501","874.3","870.6"
"40766","2023-11-15 00:00:00","1402-08-24 00:00:00","9.4","13.7","5.0","0.0","10","200","11.5","3.6","61.8571","1019.88","8.04741","871.6","869.9"
"40766","2023-11-16 00:00:00","1402-08-25 00:00:00","9.4","13.7","","0.0","6","200","11.5","8.725","85.375","1020.05","11.2657","871.8","870.1"
"40766","2023-11-17 00:00:00","1402-08-26 00:00:00","8.3","17.4","0.0","4.1","5","250","12.9","6.725","73.125","1021.69","9.83721","873.6","871.1"
"40766","2023-11-18 00:00:00","1402-08-27 00:00:00","4.8","17.8","0.0","9.4","4","300","11.3","4.625","69.5","1022.13","8.50881","874.6","871.7"
"40766","2023-11-19 00:00:00","1402-08-28 00:00:00","4.2","19.7","0.0","8.8","8","100","12.0","1.425","53.25","1017.6","6.84575","871.0","865.7"
"40766","2023-11-20 00:00:00","1402-08-29 00:00:00","13.4","14.7","","0.4","10","100","14.0","5.3125","68.75","1009.61","8.99149","863.9","859.0"
"40766","2023-11-21 00:00:00","1402-08-30 00:00:00","4.6","11.8","","5.0","9","240","8.2","0.9","66.0","1017.39","6.59157","874.1","864.6"
"40766","2023-11-22 00:00:00","1402-09-01 00:00:00","-1.0","12.6","0.0","8.6","5","200","5.8","-3.1375","63.25","1026.36","4.92067","877.6","875.1"
"40766","2023-11-23 00:00:00","1402-09-02 00:00:00","0.1","13.2","0.0","4.6","6","200","6.7","0.05","65.75","1020.95","6.17834","875.4","868.2"
"40766","2023-11-24 00:00:00","1402-09-03 00:00:00","0.6","15.7","0.0","9.4","3","300","8.1","-1.9","58.0","1017.36","5.46827","869.8","866.9"
"40766","2023-11-25 00:00:00","1402-09-04 00:00:00","-0.7","17.5","0.0","7.5","4","90","8.4","-1.775","54.125","1020.06","5.58571","873.0","870.0"
"40766","2023-11-26 00:00:00","1402-09-05 00:00:00","5.1","18.7","0.0","5.2","6","190","11.9","0.7125","47.625","1018.97","6.47015","871.1","868.8"
"40766","2023-11-27 00:00:00","1402-09-06 00:00:00","8.8","19.3","0.0","4.7","8","190","14.0","3.5","49.875","1016.66","7.87943","868.8","866.8"
"40766","2023-11-28 00:00:00","1402-09-07 00:00:00","","14.6","0.1","4.1","6","290","","2.65","59.5","1019.03","7.34277","872.0","867.4"
"40766","2023-11-29 00:00:00","1402-09-08 00:00:00","2.1","15.7","0.0","7.3","5","190","8.9","0.7125","63.5","1022.3","6.47384","874.0","871.9"
"40766","2023-11-30 00:00:00","1402-09-09 00:00:00","-0.8","16.7","0.0","9.0","4","150","8.0","-0.3375","65.375","1023.3","5.98827","875.5","872.5"
"40766","2023-12-01 00:00:00","1402-09-10 00:00:00","-1.0","16.5","0.0","7.5","4","180","7.8","-0.675","63.5","1023.86","5.83301","875.8","873.0"
"40766","2023-12-02 00:00:00","1402-09-11 00:00:00","-0.9","17.7","0.0","8.4","5","200","8.4","-2.825","56.0","1024.11","4.98748","875.5","872.7"
"40766","2023-12-03 00:00:00","1402-09-12 00:00:00","-2.3","18.5","0.0","8.2","5","200","8.1","-3.75","52.375","1026.27","4.65485","877.5","875.1"
"40766","2023-12-04 00:00:00","1402-09-13 00:00:00","-2.0","20.6","0.0","9.3","3","160","9.3","-3.7875","50.625","1026.59","4.64843","878.8","875.4"
"40766","2023-12-05 00:00:00","1402-09-14 00:00:00","-1.8","17.2","0.0","9.3","6","200","7.7","-3.9625","50.875","1024.96","4.56511","877.2","873.8"
"40766","2023-12-06 00:00:00","1402-09-15 00:00:00","-1.6","17.0","0.0","4.7","4","190","7.7","-7.4875","35.0","1022.19","3.52179","874.1","871.1"
"40766","2023-12-07 00:00:00","1402-09-16 00:00:00","8.0","17.0","0.2","3.9","7","250","12.5","-0.228571","48.8571","1022.28","6.08038","873.7","871.3"
"40766","2023-12-08 00:00:00","1402-09-17 00:00:00","-0.2","17.5","0.0","6.7","6","200","8.6","-5.275","46.875","1023.01","4.25756","874.1","872.4"
"40766","2023-12-09 00:00:00","1402-09-18 00:00:00","2.0","17.5","0.0","1.5","10","190","9.8","-3.87143","39.0","1021.97","4.61434","873.4","871.0"
"40766","2023-12-10 00:00:00","1402-09-19 00:00:00","3.9","18.5","0.0","8.2","6","210","11.2","-3.45","41.375","1023.81","4.78081","875.2","873.3"
"40766","2023-12-11 00:00:00","1402-09-20 00:00:00","0.8","16.0","0.0","2.4","4","120","8.4","-2.5875","50.125","1023.77","5.0849","876.0","873.0"
"40766","2023-12-12 00:00:00","1402-09-21 00:00:00","3.6","15.6","0.0","1.0","3","120","9.6","-1.125","48.875","1019.24","5.65379","872.7","866.8"
"40766","2023-12-13 00:00:00","1402-09-22 00:00:00","7.4","11.8","5.3","0.0","8","110","9.6","3.8","75.125","1013.36","8.03604","866.5","863.3"
"40766","2023-12-14 00:00:00","1402-09-23 00:00:00","5.7","11.5","","6.4","7","280","8.6","2.7875","72.25","1017.74","7.48336","872.7","865.3"
"40766","2023-12-15 00:00:00","1402-09-24 00:00:00","-1.0","12.4","","6.5","4","200","5.7","-0.171429","72.1429","1024.76","6.05676","877.0","873.4"
"40766","2023-12-16 00:00:00","1402-09-25 00:00:00","","15.6","0.0","6.9","5","200","","-0.475","69.375","1028.06","6.09257","879.1","877.0"
"40766","2023-12-17 00:00:00","1402-09-26 00:00:00","-0.9","17.6","0.0","8.5","5","200","8.4","-0.225","63.375","1024.6","6.03271","878.3","867.9"
"40766","2023-12-18 00:00:00","1402-09-27 00:00:00","1.8","15.7","0.0","7.2","7","210","8.8","-4.2625","48.625","1021.43","4.54569","873.6","871.0"
"40766","2023-12-19 00:00:00","1402-09-28 00:00:00","-2.2","13.1","0.0","8.3","5","200","5.5","-4.9","54.625","1022.5","4.26068","874.4","871.8"
"40766","2023-12-20 00:00:00","1402-09-29 00:00:00","-1.9","","0.0","5.1","8","200","","-3.075","59.0","1024.07","4.85331","875.8","873.3"
"40766","2023-12-21 00:00:00","1402-09-30 00:00:00","-2.8","13.0","0.0","6.0","7","210","5.1","-1.05714","68.2857","1022.65","5.70295","874.9","871.3"
"40766","2023-12-22 00:00:00","1402-10-01 00:00:00","","10.4","1.2","0.0","7","110","","0.1375","64.5","1016.97","6.21029","870.3","867.1"
"40766","2023-12-23 00:00:00","1402-10-02 00:00:00","6.0","10.2","4.0","0.0","6","160","8.1","3.4875","73.375","1015.56","7.84459","868.6","865.3"
"40766","2023-12-24 00:00:00","1402-10-03 00:00:00","6.8","10.2","1.5","0.0","8","200","8.5","3.775","72.5","1018.98","8.03624","871.4","869.1"
"40766","2023-12-25 00:00:00","1402-10-04 00:00:00","7.0","11.2","3.0","1.2","5","280","9.1","3.45","74.375","1024.2","7.84181","877.0","871.7"
"40766","2023-12-26 00:00:00","1402-10-05 00:00:00","-0.3","","","8.2","6","270","","0.8125","76.875","1027.22","6.53979","878.1","876.5"
"40766","2023-12-27 00:00:00","1402-10-06 00:00:00","-1.4","14.8","0.0","8.5","5","200","6.7","0.175","71.875","1025.74","6.22171","877.6","874.5"
"40766","2023-12-28 00:00:00","1402-10-07 00:00:00","","7.4","7.8","0.0","3","290","","5.7875","93.375","1022.96","9.3345","874.4","872.5"
"40766","2023-12-29 00:00:00","1402-10-08 00:00:00","7.0","11.7","0.2","0.2","6","200","9.4","5.425","87.75","1024.28","9.01475","875.4","873.4"
"40766","2023-12-30 00:00:00","1402-10-09 00:00:00","-0.8","10.9","0.0","4.0","4","280","5.0","3.5375","91.75","1024.52","7.94789","876.3","874.1"
"40766","2023-12-31 00:00:00","1402-10-10 00:00:00","1.4","8.2","0.0","0.0","4","260","4.8","5.1875","95.125","1023.45","8.8362","875.2","873.0"
"40766","2024-01-01 00:00:00","1402-10-11 00:00:00","4.8","10.1","0.0","3.0","5","290","7.5","5.25","94.5","1023.25","8.87356","874.7","872.7"
"40766","2024-01-02 00:00:00","1402-10-12 00:00:00","3.3","8.8","0.02","1.6","4","120","6.1","3.97143","92.8571","1022.33","8.11614","874.8","870.5"
"40766","2024-01-03 00:00:00","1402-10-13 00:00:00","2.1","10.8","0.0","5.4","6","290","6.4","0.725","77.75","1019.28","6.52245","871.4","868.6"
"40766","2024-01-04 00:00:00","1402-10-14 00:00:00","-2.5","11.5","0.0","8.2","5","180","4.5","-1.55","68.375","1021.17","5.47088","873.1","870.8"
"40766","2024-01-05 00:00:00","1402-10-15 00:00:00","-2.6","11.6","0.0","5.0","5","300","4.5","-1.11429","66.4286","1020.88","5.66063","872.9","870.8"
"40766","2024-01-06 00:00:00","1402-10-16 00:00:00","4.9","12.0","1.0","8.2","7","310","8.4","-1.475","56.75","1022.03","5.54295","875.3","870.3"
"40766","2024-01-07 00:00:00","1402-10-17 00:00:00","-3.3","12.6","0.0","8.9","6","200","4.7","-6.1875","51.5","1025.82","3.86897","877.5","874.5"
"40766","2024-01-08 00:00:00","1402-10-18 00:00:00","-4.4","13.9","0.0","5.9","4","80","4.8","-6.7","51.0","1025.32","3.72228","877.2","874.1"
"40766","2024-01-09 00:00:00","1402-10-19 00:00:00","-5.5","16.7","0.0","6.6","7","190","5.6","-13.9625","31.75","1023.05","2.25843","875.6","872.1"
"40766","2024-01-10 00:00:00","1402-10-20 00:00:00","3.5","14.0","0.1","0.1","9","190","8.8","-14.8125","28.125","1018.89","2.81388","871.0","867.7"
"40766","2024-01-11 00:00:00","1402-10-21 00:00:00","4.5","11.3","0.4","0.0","10","160","7.9","0.575","67.625","1017.14","6.41675","869.7","867.3"
"40766","2024-01-12 00:00:00","1402-10-22 00:00:00","3.7","11.5","0.0","3.1","10","200","7.6","1.0625","67.375","1013.73","6.62305","866.2","863.9"
"40766","2024-01-13 00:00:00","1402-10-23 00:00:00","6.2","8.7","0.2","0.2","12","170","7.4","0.375","61.0","1015.42","6.29563","868.3","865.4"
"40766","2024-01-14 00:00:00","1402-10-24 00:00:00","7.0","14.6","0.01","3.9","11","190","10.8","0.0125","49.25","1016.4","6.14122","869.1","866.1"
"40766","2024-01-15 00:00:00","1402-10-25 00:00:00","5.0","14.2","0.5","4.3","7","290","9.6","1.2375","68.25","1020.97","6.83491","873.8","869.7"
"40766","2024-01-16 00:00:00","1402-10-26 00:00:00","-3.0","11.1","0.0","8.4","3","110","4.1","-3.87143","60.2857","1023.45","4.65285","875.5","872.8"
"40766","2024-01-17 00:00:00","1402-10-27 00:00:00","-5.3","12.6","0.0","7.0","5","200","3.7","-5.175","58.875","1021.21","4.18744","873.5","870.6"
"40766","2024-01-18 00:00:00","1402-10-28 00:00:00","-1.8","13.8","0.0","7.7","3","160","6.0","-3.5375","57.5","1020.54","4.72369","872.8","870.0"
"40766","2024-01-19 00:00:00","1402-10-29 00:00:00","-7.7","15.5","0.0","8.7","3","170","3.9","-5.4","51.75","1022.64","4.13692","874.4","871.7"
"40766","2024-01-20 00:00:00","1402-10-30 00:00:00","-3.2","14.0","0.0","1.8","5","290","5.4","-4.14286","54.4286","1023.35","4.5339","875.1","872.7"
"40766","2024-01-21 00:00:00","1402-11-01 00:00:00","-2.7","14.1","0.0","7.6","6","280","5.7","-3.575","55.5","1023.91","4.71734","876.3","873.1"
"40766","2024-01-22 00:00:00","1402-11-02 00:00:00","-2.0","16.0","0.3","6.6","8","190","7.0","-2.1875","57.625","1022.54","5.47469","874.9","871.2"
"40766","2024-01-23 00:00:00","1402-11-03 00:00:00","6.6","16.2","2.1","7.9","8","180","11.4","1.1125","48.875","1019.3","6.67625","872.4","868.2"
"40766","2024-01-24 00:00:00","1402-11-04 00:00:00","8.9","15.1","0.0","5.5","9","220","12.0","0.175","49.25","1016.3","6.18032","869.5","866.5"
"40766","2024-01-25 00:00:00","1402-11-05 00:00:00","2.9","11.3","0.0","2.4","7","210","7.1","0.6625","66.75","1018.38","6.41892","869.8","869.0"
"40766","2024-01-26 00:00:00","1402-11-06 00:00:00","1.4","11.9","0.0","1.0","10","270","6.6","-1.2875","60.75","1015.92","5.64856","868.7","865.8"
"40766","2024-01-27 00:00:00","1402-11-07 00:00:00","4.0","9.1","3.5","0.8","11","220","6.6","1.5625","78.625","1012.79","6.84814","866.2","862.9"
"40766","2024-01-28 00:00:00","1402-11-08 00:00:00","0.1","8.0","7.0","7.2","6","280","4.1","-2.9875","67.25","1018.62","4.96125","870.9","867.2"
"40766","2024-01-29 00:00:00","1402-11-09 00:00:00","-1.3","","0.0","6.0","4","260","","-3.4625","74.6","375638.0","4.84508","872.4","870.5"
"40766","2024-01-30 00:00:00","1402-11-10 00:00:00","-3.9","10.8","0.0","8.5","5","140","3.5","-3.1625","65.5","1021.34","4.86914","873.5","870.8"
"40766","2024-01-31 00:00:00","1402-11-11 00:00:00","1.9","12.1","0.0","6.5","6","200","7.0","-1.925","60.375","1019.97","5.33057","872.9","869.1"
"40766","2024-02-01 00:00:00","1402-11-12 00:00:00","-1.1","9.1","0.2","1.1","5","110","4.0","-2.45","67.25","1013.89","5.25875","868.0","862.3"
"40766","2024-02-02 00:00:00","1402-11-13 00:00:00","0.3","4.3","13.5","1.6","6","280","2.3","-0.4","88.0","1012.91","5.945","868.4","861.0"
"40766","2024-02-03 00:00:00","1402-11-14 00:00:00","0.8","5.8","0.0","4.6","5","290","3.3","-3.6125","67.125","1020.77","4.72739","873.2","869.1"
"40766","2024-02-04 00:00:00","1402-11-15 00:00:00","-4.8","7.0","0.01","5.1","6","200","1.1","-3.7875","66.25","1022.03","4.65148","873.8","871.8"
"40766","2024-02-05 00:00:00","1402-11-16 00:00:00","1.7","7.0","5.9","1.2","8","300","4.3","0.65","78.75","1020.26","6.40536","872.5","870.1"
"40766","2024-02-06 00:00:00","1402-11-17 00:00:00","3.0","","5.2","2.0","7","280","","0.3375","73.5714","125893.0","6.32232","874.4","869.7"
"40766","2024-02-07 00:00:00","1402-11-18 00:00:00","-0.6","9.0","0.0","6.6","11","280","4.2","-1.6625","69.75","1024.74","5.43191","875.9","874.1"
"40766","2024-02-08 00:00:00","1402-11-19 00:00:00","-3.9","12.3","0.0","8.7","6","280","4.2","-2.125","66.5","1024.83","5.25232","877.1","873.5"
"40766","2024-02-09 00:00:00","1402-11-20 00:00:00","-3.1","14.8","0.0","6.9","3","100","5.9","-2.32857","61.1429","1022.62","5.20451","874.8","871.6"
"40766","2024-02-10 00:00:00","1402-11-21 00:00:00","-1.1","15.8","0.0","7.0","4","260","7.3","-3.4625","54.625","1021.66","4.89805","873.9","870.7"
"40766","2024-02-11 00:00:00","1402-11-22 00:00:00","-3.0","16.3","0.0","9.8","4","230","6.6","-4.55","52.125","1022.95","4.38551","874.5","872.3"
"40766","2024-02-12 00:00:00","1402-11-23 00:00:00","-1.9","18.0","0.0","9.6","3","110","8.1","-3.6625","49.5","1023.44","4.67963","875.6","871.8"
"40766","2024-02-13 00:00:00","1402-11-24 00:00:00","-1.1","19.2","0.0","7.0","7","180","9.1","-3.0875","46.625","1022.29","4.89236","875.2","871.0"
"40766","2024-02-14 00:00:00","1402-11-25 00:00:00","5.3","","4.11","2.0","15","90","","-0.6875","44.0","125892.0","5.70985","871.4","869.1"
"40766","2024-02-15 00:00:00","1402-11-26 00:00:00","8.3","13.2","57.5","1.0","12","100","10.8","6.9","74.4286","125890.0","10.0848","870.1","867.7"
"40766","2024-02-16 00:00:00","1402-11-27 00:00:00","4.5","11.9","1.0","0.6","9","110","8.2","5.41429","85.0","1016.64","9.00353","869.0","866.4"
"40766","2024-02-17 00:00:00","1402-11-28 00:00:00","2.7","11.2","3.3","2.5","8","260","6.9","2.05","77.125","1017.55","7.08121","869.8","866.8"
"40766","2024-02-18 00:00:00","1402-11-29 00:00:00","3.5","10.3","3.5","4.0","8","300","6.9","2.525","80.0","1018.61","7.32605","870.5","868.7"
"40766","2024-02-19 00:00:00","1402-11-30 00:00:00","3.2","10.0","5.0","4.0","6","190","6.6","2.4375","80.75","1017.34","7.2917","869.7","866.1"
"40766","2024-02-20 00:00:00","1402-12-01 00:00:00","0.9","10.1","4.0","3.9","8","210","5.5","1.8625","86.75","1019.22","7.0153","871.1","868.8"
"40766","2024-02-21 00:00:00","1402-12-02 00:00:00","0.6","12.2","0.0","8.1","5","270","6.4","0.8375","71.5","1021.36","6.51313","873.1","870.7"
"40766","2024-02-22 00:00:00","1402-12-03 00:00:00","0.0","12.6","0.0","9.8","6","200","6.3","-0.6625","64.375","1021.93","5.85373","873.7","871.6"
"40766","2024-02-23 00:00:00","1402-12-04 00:00:00","-1.3","14.3","0.0","8.4","5","290","6.5","-0.2875","62.25","1022.96","5.99976","874.6","872.6"
"40766","2024-02-24 00:00:00","1402-12-05 00:00:00","3.0","","0.0","0.0","6","270","","1.925","70.1429","125892.0","6.98935","873.0","867.7"
"40766","2024-02-25 00:00:00","1402-12-06 00:00:00","3.6","10.8","0.01","6.0","8","10","7.2","-4.5","49.0","1014.51","4.62171","866.7","864.8"
"40766","2024-02-26 00:00:00","1402-12-07 00:00:00","0.3","6.2","0.0","6.1","9","100","3.3","-11.4","36.25","1014.16","2.59643","868.0","860.3"
"40766","2024-02-27 00:00:00","1402-12-08 00:00:00","-1.3","5.5","0.1","0.0","10","120","2.1","-5.2125","62.5","1016.74","4.2179","868.6","867.3"
"40766","2024-02-28 00:00:00","1402-12-09 00:00:00","-0.8","5.1","0.1","0.5","4","180","2.1","-3.45","71.75","1017.27","4.78138","870.3","867.2"
"40766","2024-02-29 00:00:00","1402-12-10 00:00:00","-5.1","7.3","0.0","10.7","6","210","1.1","-12.8125","39.5","1021.49","2.34122","873.7","869.4"
"40766","2024-03-01 00:00:00","1402-12-11 00:00:00","-7.1","10.9","0.0","10.0","6","110","1.9","-14.4","33.8571","1022.7","2.0659","874.4","871.8"
"40766","2024-03-02 00:00:00","1402-12-12 00:00:00","-5.3","","0.0","9.5","5","200","","-12.225","37.0","125892.0","2.78046","872.1","868.4"
"40766","2024-03-03 00:00:00","1402-12-13 00:00:00","-4.2","14.2","0.0","8.4","8","200","5.0","-9.35","34.875","1015.03","3.08857","868.7","865.1"
"40766","2024-03-04 00:00:00","1402-12-14 00:00:00","5.8","11.6","4.3","4.0","7","90","8.7","-0.55","61.5","1012.21","6.04669","865.7","861.4"
"40766","2024-03-05 00:00:00","1402-12-15 00:00:00","3.4","11.7","","6.5","9","290","7.6","2.125","75.5","1016.84","7.14639","869.7","865.6"
"40766","2024-03-06 00:00:00","1402-12-16 00:00:00","-0.5","","0.0","10.0","5","290","","-1.88571","67.1667","143730.0","5.68923","871.7","868.6"
"40766","2024-03-07 00:00:00","1402-12-17 00:00:00","2.1","16.6","0.6","5.6","10","190","9.4","-1.975","48.875","1015.95","5.36764","869.4","865.4"
"40766","2024-03-08 00:00:00","1402-12-18 00:00:00","5.2","14.1","0.0","6.2","7","300","9.6","-1.9125","49.125","1016.2","5.38318","868.3","866.7"
"40766","2024-03-09 00:00:00","1402-12-19 00:00:00","-0.8","","0.0","10.0","8","200","","-4.8375","48.0","125890.0","4.48745","868.7","866.7"
"40766","2024-03-10 00:00:00","1402-12-20 00:00:00","6.0","15.7","0.0","1.5","12","190","10.9","-3.7125","36.75","1016.45","4.69306","868.5","866.5"
"40766","2024-03-11 00:00:00","1402-12-21 00:00:00","6.2","15.4","0.0","6.5","11","300","10.8","-3.0125","43.0","1017.84","5.02636","871.5","866.4"
"40766","2024-03-12 00:00:00","1402-12-22 00:00:00","-2.6","15.9","0.0","10.5","5","200","6.6","-4.4375","47.25","1023.2","4.51484","875.3","872.4"
"40766","2024-03-13 00:00:00","1402-12-23 00:00:00","-0.3","","0.0","10.8","6","190","","-4.4375","49.4","375639.0","4.83785","874.6","871.0"
"40766","2024-03-14 00:00:00","1402-12-24 00:00:00","0.0","21.4","0.01","7.4","8","180","10.7","-7.35","25.5","750254.0","4.175","873.4","869.9"
"40766","2024-03-15 00:00:00","1402-12-25 00:00:00","13.5","20.5","0.0","9.0","10","190","17.0","2.425","42.75","1018.22","7.44494","870.6","868.1"
"40766","2024-03-16 00:00:00","1402-12-26 00:00:00","9.2","15.2","9.0","5.2","8","310","12.2","4.6625","67.75","1018.95","8.52833","871.2","867.7"
"40766","2024-03-17 00:00:00","1402-12-27 00:00:00","3.1","18.2","0.0","8.0","6","230","10.7","0.1625","53.625","1020.97","6.30533","872.7","870.9"
"40766","2024-03-18 00:00:00","1402-12-28 00:00:00","5.5","14.0","6.0","0.0","10","90","9.8","4.7875","70.75","1017.46","8.68438","871.4","866.1"
"40766","2024-03-19 00:00:00","1402-12-29 00:00:00","9.4","16.0","","3.0","12","210","12.7","6.2","74.0","1010.71","9.58791","864.4","861.1"
"40766","2024-03-20 00:00:00","1403-01-01 00:00:00","5.3","","0.0","5.0","7","270","","1.55","64.7143","125890.0","6.89586","872.4","864.4"
"40766","2024-03-21 00:00:00","1403-01-02 00:00:00","2.8","15.5","0.0","7.4","5","200","9.1","1.175","62.625","1020.07","6.68981","873.1","868.7"
"40766","2024-03-22 00:00:00","1403-01-03 00:00:00","0.5","16.5","0.0","6.0","11","190","8.5","2.4125","74.4286","125888.0","7.23391","867.0","865.0"
"40766","2024-03-23 00:00:00","1403-01-04 00:00:00","2.5","17.0","4.6","6.0","9","200","9.8","3.35","68.5","750253.0","7.15244","867.2","865.1"
"40766","2024-03-24 00:00:00","1403-01-05 00:00:00","2.3","17.4","11.0","2.3","15","130","9.8","2.675","63.625","1011.27","7.59251","867.1","859.0"
"40766","2024-03-25 00:00:00","1403-01-06 00:00:00","10.0","12.4","17.0","1.0","9","290","11.2","3.175","67.5","1009.51","7.81939","868.2","857.9"
"40766","2024-03-26 00:00:00","1403-01-07 00:00:00","0.6","13.3","0.0","8.0","8","260","7.0","-1.4375","54.625","1019.13","5.51005","871.7","869.1"
"40766","2024-03-27 00:00:00","1403-01-08 00:00:00","7.2","","0.0","1.8","8","290","","1.9","60.2857","125893.0","7.14065","873.5","869.4"
"40766","2024-03-28 00:00:00","1403-01-09 00:00:00","4.5","17.6","0.0","8.3","11","280","11.1","1.675","58.25","1021.46","6.92062","873.7","870.6"
"40766","2024-03-29 00:00:00","1403-01-10 00:00:00","-0.3","18.3","0.0","10.7","6","200","9.0","-4.85","38.0","125893.0","4.20447","873.3","869.5"
"40766","2024-03-30 00:00:00","1403-01-11 00:00:00","0.7","20.9","0.0","8.0","7","200","10.8","-3.0375","39.875","1020.5","4.98158","872.6","870.0"
"40766","2024-03-31 00:00:00","1403-01-12 00:00:00","3.0","21.0","0.0","10.9","6","280","12.0","-0.0125","46.125","1022.94","6.27417","874.9","872.5"
"40766","2024-04-01 00:00:00","1403-01-13 00:00:00","3.3","21.2","0.0","11.5","6","200","12.3","-0.5375","45.25","1020.03","5.90415","872.8","868.6"
"40766","2024-04-02 00:00:00","1403-01-14 00:00:00","3.0","21.2","0.0","11.5","6","270","12.1","-2.55","41.125","1017.21","5.15863","871.5","865.0"
"40766","2024-04-03 00:00:00","1403-01-15 00:00:00","3.4","","0.0","10.5","6","200","","-1.025","41.8571","125890.0","5.82924","869.3","866.7"
"40766","2024-04-04 00:00:00","1403-01-16 00:00:00","3.4","22.3","0.0","11.3","6","280","12.8","0.875","43.875","1019.16","6.54013","871.3","868.9"
"40766","2024-04-05 00:00:00","1403-01-17 00:00:00","4.9","23.0","0.0","10.6","6","290","13.9","1.4625","40.1429","125892.0","6.82885","872.5","869.4"
"40766","2024-04-06 00:00:00","1403-01-18 00:00:00","5.9","24.5","0.0","6.9","9","220","15.2","1.05","42.0","1017.94","6.74226","870.9","867.7"
"40766","2024-04-07 00:00:00","1403-01-19 00:00:00","7.0","24.2","0.01","8.1","11","130","15.6","0.75","40.625","1015.32","6.65819","868.6","864.5"
"40766","2024-04-08 00:00:00","1403-01-20 00:00:00","8.1","22.8","9.0","10.6","9","210","15.4","7.2125","61.25","1016.62","10.2247","868.8","867.2"
"40766","2024-04-09 00:00:00","1403-01-21 00:00:00","13.0","24.6","0.0","10.6","8","180","18.8","6.3875","44.25","1017.1","9.63711","869.8","866.5"
"40766","2024-04-10 00:00:00","1403-01-22 00:00:00","10.6","19.6","40.0","1.8","10","110","15.1","7.15","72.5","1014.8","10.1598","868.6","864.1"
"40766","2024-04-11 00:00:00","1403-01-23 00:00:00","3.5","16.8","9.0","6.1","8","280","10.1","5.45","79.875","1016.87","9.03796","869.4","867.3"
"40766","2024-04-12 00:00:00","1403-01-24 00:00:00","1.7","17.2","0.0","7.8","5","210","9.5","2.8","64.5","1017.3","7.51362","869.8","867.4"
"40766","2024-04-13 00:00:00","1403-01-25 00:00:00","1.9","18.1","0.0","11.5","6","190","10.0","-0.325","49.5","1014.64","6.01518","867.5","864.5"
"40766","2024-04-14 00:00:00","1403-01-26 00:00:00","2.2","19.6","0.0","11.5","7","200","10.9","-0.7875","48.0","1014.7","5.82494","867.2","865.3"
"40766","2024-04-15 00:00:00","1403-01-27 00:00:00","4.4","21.3","0.0","10.1","6","290","12.8","2.6875","53.375","1016.0","7.47134","869.1","866.2"
"40766","2024-04-16 00:00:00","1403-01-28 00:00:00","4.5","22.3","0.0","11.0","8","100","13.4","1.8375","48.75","1016.93","7.08484","869.9","866.9"
"40766","2024-04-17 00:00:00","1403-01-29 00:00:00","5.1","22.7","0.0","11.6","6","120","13.9","1.3375","42.125","1016.13","6.7766","868.7","866.0"
"40766","2024-04-18 00:00:00","1403-01-30 00:00:00","5.0","24.4","0.0","11.6","5","280","14.7","2.2375","44.125","1016.82","7.21402","869.8","866.5"
"40766","2024-04-19 00:00:00","1403-01-31 00:00:00","6.7","24.5","0.0","10.7","7","270","15.6","3.6875","46.125","1015.86","7.99298","868.4","865.4"
"40766","2024-04-20 00:00:00","1403-02-01 00:00:00","7.2","","0.0","9.8","8","280","","3.3375","49.1429","125889.0","8.24364","868.9","866.4"
"40766","2024-04-21 00:00:00","1403-02-02 00:00:00","12.1","24.0","0.0","4.3","11","280","18.0","6.5875","51.625","1016.39","9.78154","868.9","866.1"
"40766","2024-04-22 00:00:00","1403-02-03 00:00:00","11.8","17.9","","1.0","7","270","14.9","10.075","81.625","1018.54","12.3575","870.5","868.4"
"40766","2024-04-23 00:00:00","1403-02-04 00:00:00","6.5","21.4","0.0","11.0","9","360","13.9","4.8625","56.5","1018.39","8.83357","870.6","868.6"
"40766","2024-04-24 00:00:00","1403-02-05 00:00:00","8.7","22.4","0.0","11.3","7","20","15.5","1.3","38.5","1016.6","6.73091","868.9","866.6"
"40766","2024-04-25 00:00:00","1403-02-06 00:00:00","7.3","23.9","0.0","12.1","8","100","15.6","3.55","43.25","1016.96","7.92781","869.9","867.2"
"40766","2024-04-26 00:00:00","1403-02-07 00:00:00","7.4","26.8","0.0","11.5","8","110","17.1","4.58571","48.4286","1016.8","8.55599","869.4","866.9"
"40766","2024-04-27 00:00:00","1403-02-08 00:00:00","7.3","28.3","0.0","11.6","5","200","17.8","2.27143","40.5714","1017.97","7.39198","870.4","867.8"
"40766","2024-04-28 00:00:00","1403-02-09 00:00:00","11.3","26.8","0.0","11.7","7","120","19.0","-0.4","29.25","1020.17","5.9795","872.6","869.5"
"40766","2024-04-29 00:00:00","1403-02-10 00:00:00","8.0","28.6","0.0","12.0","9","200","18.3","2.425","37.0","1019.17","7.38141","871.2","868.7"
"40766","2024-04-30 00:00:00","1403-02-11 00:00:00","11.5","25.5","3.0","1.6","11","180","18.5","8.4125","60.125","1018.15","11.1505","870.8","867.5"
"40766","2024-05-01 00:00:00","1403-02-12 00:00:00","11.4","17.4","17.0","0.1","4","150","14.4","11.35","88.5","1015.2","13.375","868.4","864.6"
"40766","2024-05-02 00:00:00","1403-02-13 00:00:00","12.0","18.5","0.6","1.1","10","200","15.3","11.1625","84.5","1010.08","13.2996","863.4","861.1"
"40766","2024-05-03 00:00:00","1403-02-14 00:00:00","11.7","16.3","3.0","0.1","12","360","14.0","10.65","90.5","1009.92","12.8909","863.3","860.9"
"40766","2024-05-04 00:00:00","1403-02-15 00:00:00","8.3","20.0","","5.0","7","200","14.1","8.325","74.625","1013.79","10.9979","866.9","863.2"
"40766","2024-05-05 00:00:00","1403-02-16 00:00:00","10.2","22.9","0.0","5.8","8","200","16.5","7.8875","61.0","1015.64","10.7512","868.5","865.8"
"40766","2024-05-06 00:00:00","1403-02-17 00:00:00","10.9","16.4","","1.0","8","100","13.6","9.625","80.5","1014.33","12.0","868.4","863.3"
"40766","2024-05-07 00:00:00","1403-02-18 00:00:00","7.0","21.4","","11.0","10","220","14.2","4.975","63.75","1014.91","9.0275","867.3","865.2"
"40766","2024-05-08 00:00:00","1403-02-19 00:00:00","6.0","19.9","0.0","10.2","6","290","12.9","2.8125","53.875","1017.64","7.5712","870.6","866.8"
"40766","2024-05-09 00:00:00","1403-02-20 00:00:00","5.2","21.8","0.0","11.7","6","200","13.5","4.2375","56.75","1019.12","8.33429","871.0","869.1"
"40766","2024-05-10 00:00:00","1403-02-21 00:00:00","6.4","24.9","0.0","11.2","7","290","15.6","2.4","46.2857","1019.79","7.46928","872.1","870.0"
"40766","2024-05-11 00:00:00","1403-02-22 00:00:00","6.4","27.4","0.8","12.1","5","120","16.9","3.5375","44.75","1019.96","8.12577","872.6","868.1"
"40766","2024-05-12 00:00:00","1403-02-23 00:00:00","12.7","29.5","0.0","5.8","11","180","21.1","5.7625","36.375","1014.67","9.24032","867.1","865.2"
"40766","2024-05-13 00:00:00","1403-02-24 00:00:00","16.3","22.6","1.4","1.7","11","260","19.5","11.75","69.25","1011.27","13.8713","864.0","861.8"
"40766","2024-05-14 00:00:00","1403-02-25 00:00:00","11.6","23.6","0.1","10.0","6","200","17.6","4.825","49.125","1014.28","8.82736","867.2","863.7"
"40766","2024-05-15 00:00:00","1403-02-26 00:00:00","6.8","26.0","0.0","12.3","6","170","16.4","-0.25","39.5","1017.21","6.5692","870.5","867.2"
"40766","2024-05-16 00:00:00","1403-02-27 00:00:00","6.6","25.4","0.0","8.9","10","300","16.0","3.7875","42.375","1019.34","8.043","872.3","864.9"
"40766","2024-05-17 00:00:00","1403-02-28 00:00:00","8.9","26.5","0.0","10.5","9","270","17.7","2.14286","39.2857","1018.17","7.38241","869.9","868.3"
"40766","2024-05-18 00:00:00","1403-02-29 00:00:00","8.6","","0.0","12.2","8","290","","1.25714","35.3333","143730.0","6.86037","869.5","867.7"
"40766","2024-05-19 00:00:00","1403-02-30 00:00:00","7.4","26.5","0.0","12.0","6","280","17.0","4.825","46.0","1016.16","8.67682","869.1","865.6"
"40766","2024-05-20 00:00:00","1403-02-31 00:00:00","9.2","28.7","0.0","8.7","7","280","19.0","5.8","44.75","1015.01","9.30326","867.3","865.5"
"40766","2024-05-21 00:00:00","1403-03-01 00:00:00","12.5","27.0","0.0","3.4","8","220","19.8","5.6875","45.625","1015.88","9.37744","867.8","866.8"
"40766","2024-05-22 00:00:00","1403-03-02 00:00:00","","23.5","0.3","2.6","9","200","","9.34286","59.1429","1015.1","11.7956","867.6","865.9"
"40766","2024-05-23 00:00:00","1403-03-03 00:00:00","8.5","27.9","0.0","7.0","5","290","18.2","6.3375","49.625","1014.33","9.69249","866.9","864.5"
"40766","2024-05-24 00:00:00","1403-03-04 00:00:00","8.8","29.8","0.0","","18","180","19.3","4.1","40.125","1014.53","8.28987","866.7","865.1"
"40766","2024-05-25 00:00:00","1403-03-05 00:00:00","10.5","30.8","0.0","7.3","12","240","20.6","3.4375","37.0","1014.48","7.9957","866.6","865.2"
"40766","2024-05-26 00:00:00","1403-03-06 00:00:00","11.8","33.0","0.0","11.7","10","190","22.4","0.45","32.25","1015.14","6.90627","867.8","865.5"
"40766","2024-05-27 00:00:00","1403-03-07 00:00:00","8.4","","0.0","13.0","5","280","","-0.4","28.7143","1017.19","6.10174","869.1","867.5"
"40766","2024-05-28 00:00:00","1403-03-08 00:00:00","9.1","32.4","0.0","12.4","8","290","20.8","-0.2","26.375","1018.82","6.12446","871.3","868.8"
"40766","2024-05-29 00:00:00","1403-03-09 00:00:00","9.8","33.5","0.0","12.0","6","290","21.6","2.4875","31.0","1016.98","7.47561","869.9","866.5"
"40766","2024-05-30 00:00:00","1403-03-10 00:00:00","12.9","35.4","0.0","11.8","5","290","24.2","3.5625","29.875","1017.06","8.06223","869.0","867.4"
"40766","2024-05-31 00:00:00","1403-03-11 00:00:00","14.5","37.5","0.0","10.2","8","210","26.0","-6.81196E-8","23.0","1018.33","6.51158","870.6","868.5"
"40766","2024-06-01 00:00:00","1403-03-12 00:00:00","12.8","33.7","0.0","11.5","7","290","23.3","-2.1","22.5","1018.25","5.51034","870.6","868.3"
"40766","2024-06-02 00:00:00","1403-03-13 00:00:00","9.3","33.2","0.0","12.9","5","280","21.3","-7.35","19.75","1016.5","4.193","869.0","866.7"
"40766","2024-06-03 00:00:00","1403-03-14 00:00:00","10.8","33.9","0.0","13.3","7","190","22.4","-0.2","21.2857","1015.56","6.08132","868.1","865.4"
"40766","2024-06-04 00:00:00","1403-03-15 00:00:00","12.2","34.5","0.0","12.3","7","210","23.4","-0.8875","24.25","1014.57","6.05024","868.1","864.5"
"40766","2024-06-05 00:00:00","1403-03-16 00:00:00","13.6","34.7","0.0","12.5","6","300","24.2","2.1625","24.5","1013.42","7.25657","866.5","863.7"
"40766","2024-06-06 00:00:00","1403-03-17 00:00:00","14.8","","0.0","11.5","7","110","","1.55714","24.4286","1014.08","7.02192","867.0","864.5"
"40766","2024-06-07 00:00:00","1403-03-18 00:00:00","16.2","34.6","0.0","11.6","8","200","25.4","2.1","23.625","1014.38","7.20066","867.2","864.3"
"40766","2024-06-08 00:00:00","1403-03-19 00:00:00","15.3","36.3","0.0","10.5","7","200","25.8","1.025","21.625","1012.74","6.68207","866.2","862.4"
"40766","2024-06-09 00:00:00","1403-03-20 00:00:00","15.6","37.7","0.0","11.5","11","200","26.7","-3.25","15.25","1013.05","5.14352","865.7","863.6"
"40766","2024-06-10 00:00:00","1403-03-21 00:00:00","21.5","36.1","0.0","7.0","10","290","28.8","5.2375","34.25","1013.8","9.44039","868.1","863.1"
"40766","2024-06-11 00:00:00","1403-03-22 00:00:00","15.6","36.1","0.0","11.9","11","200","25.8","3.85","31.625","1013.38","8.73965","866.8","863.5"
"40766","2024-06-12 00:00:00","1403-03-23 00:00:00","13.8","35.4","0.0","12.0","9","210","24.6","1.775","25.75","1014.1","7.26772","866.6","864.6"
"40766","2024-06-13 00:00:00","1403-03-24 00:00:00","14.1","35.7","0.0","12.1","6","290","24.9","0.0625","23.5","1013.23","6.49566","867.0","862.6"
"40766","2024-06-14 00:00:00","1403-03-25 00:00:00","15.7","36.0","0.0","11.3","7","110","25.9","1.575","22.5","1010.53","7.07439","864.3","860.7"
"40766","2024-06-15 00:00:00","1403-03-26 00:00:00","18.3","37.0","0.0","10.6","6","200","27.6","1.4625","20.0","1009.84","6.98144","863.1","860.4"
"40766","2024-06-16 00:00:00","1403-03-27 00:00:00","16.0","37.5","0.0","11.7","8","300","26.8","-0.175","18.25","1013.25","6.12751","866.6","863.7"
"40766","2024-06-17 00:00:00","1403-03-28 00:00:00","16.8","37.4","0.0","12.9","7","290","27.1","-1.8125","17.125","1016.42","5.6134","869.1","866.3"
"40766","2024-06-18 00:00:00","1403-03-29 00:00:00","16.0","38.6","0.0","12.0","7","290","27.3","-2.825","15.25","1016.74","5.08642","869.9","866.5"
"40766","2024-06-19 00:00:00","1403-03-30 00:00:00","16.9","","0.0","12.7","7","290","","-2.75714","16.2857","1015.62","5.1724","868.2","865.8"
"40766","2024-06-20 00:00:00","1403-03-31 00:00:00","19.3","36.9","0.0","13.0","6","120","28.1","-0.6","15.5","1013.63","6.04231","867.5","863.1"
"40766","2024-06-21 00:00:00","1403-04-01 00:00:00","16.2","37.9","0.0","11.3","7","290","27.1","-4.4125","14.0","1012.11","4.61559","865.3","862.6"
"40766","2024-06-22 00:00:00","1403-04-02 00:00:00","16.9","38.7","0.0","11.0","7","290","27.8","-3.85","15.5","1010.54","4.89344","863.3","861.3"
"40766","2024-06-23 00:00:00","1403-04-03 00:00:00","19.5","38.1","0.0","2.9","12","230","28.8","-5.375","10.625","1011.54","4.1722","864.2","862.7"
"40766","2024-06-24 00:00:00","1403-04-04 00:00:00","25.2","38.3","0.0","8.0","11","180","31.8","-3.9125","12.4286","125884.0","4.98377","862.9","861.1"
"40766","2024-06-25 00:00:00","1403-04-05 00:00:00","16.0","34.8","0.0","12.5","5","190","25.4","-2.2375","17.125","1008.37","5.36593","862.3","859.1"
"40766","2024-06-26 00:00:00","1403-04-06 00:00:00","17.3","36.6","0.0","12.2","7","280","26.9","0.575","19.125","1007.04","6.58581","860.3","858.5"
"40766","2024-06-27 00:00:00","1403-04-07 00:00:00","18.4","37.9","0.0","12.1","7","200","28.2","-4.625","13.0","1007.69","4.61723","861.1","858.8"
"40766","2024-06-28 00:00:00","1403-04-08 00:00:00","18.5","39.8","0.0","12.3","9","220","29.1","-4.075","13.5","1006.3","4.40645","861.1","856.5"
"40766","2024-06-29 00:00:00","1403-04-09 00:00:00","16.2","38.2","0.0","10.7","7","220","27.2","-10.85","8.75","1006.66","2.91045","860.4","857.8"
"40766","2024-06-30 00:00:00","1403-04-10 00:00:00","16.5","38.5","0.0","12.2","6","280","27.5","-11.225","8.625","1009.05","2.89392","862.4","860.2"
"40766","2024-07-01 00:00:00","1403-04-11 00:00:00","16.1","37.8","0.0","10.6","14","290","27.0","-6.52857","11.1429","1008.05","3.96385","862.2","858.1"
"40766","2024-07-02 00:00:00","1403-04-12 00:00:00","20.0","36.3","0.0","11.2","8","290","28.1","-3.225","13.75","1005.9","4.88545","859.4","856.6"
"40766","2024-07-03 00:00:00","1403-04-13 00:00:00","18.0","35.2","0.0","13.0","6","280","26.6","-2.75","15.0","1007.5","5.05932","861.4","858.6"
"40766","2024-07-04 00:00:00","1403-04-14 00:00:00","15.4","37.6","0.0","13.1","6","300","26.5","-5.575","12.75","1009.95","4.24779","863.3","860.8"
"40766","2024-07-05 00:00:00","1403-04-15 00:00:00","16.5","40.8","0.0","8.6","7","100","28.6","-0.9375","15.375","1007.97","5.76807","862.5","858.2"
"40766","2024-07-06 00:00:00","1403-04-16 00:00:00","20.5","42.1","0.0","11.0","10","200","31.3","-1.325","13.5","1005.87","5.60677","859.4","857.0"
"40766","2024-07-07 00:00:00","1403-04-17 00:00:00","20.3","39.7","0.0","11.0","11","200","30.0","-2.6625","13.5","1007.15","5.14737","860.4","858.7"
"40766","2024-07-08 00:00:00","1403-04-18 00:00:00","18.2","38.3","0.0","12.0","9","200","28.3","-2.4625","15.375","1008.33","5.33828","862.0","859.7"
"40766","2024-07-09 00:00:00","1403-04-19 00:00:00","18.2","37.5","0.0","12.0","7","270","27.9","-1.17143","14.8571","1011.48","5.68905","864.0","862.3"
"40766","2024-07-10 00:00:00","1403-04-20 00:00:00","18.1","38.4","0.0","11.9","8","220","28.3","-2.2","14.25","1013.7","5.33399","865.9","864.5"
"40766","2024-07-11 00:00:00","1403-04-21 00:00:00","19.2","38.9","0.0","12.1","7","290","29.1","-0.85","13.5","1013.45","5.7635","867.0","863.6"
"40766","2024-07-12 00:00:00","1403-04-22 00:00:00","22.1","39.9","0.0","11.1","7","200","31.0","-1.45714","12.8571","1010.18","5.55533","864.0","860.1"
"40766","2024-07-13 00:00:00","1403-04-23 00:00:00","18.9","40.7","0.0","12.2","7","290","29.8","-1.425","13.75","1006.52","5.55124","860.5","857.5"
"40766","2024-07-14 00:00:00","1403-04-24 00:00:00","19.0","40.4","0.0","11.3","11","190","29.7","-0.15","16.875","1005.88","6.45081","859.3","857.2"
"40766","2024-07-15 00:00:00","1403-04-25 00:00:00","18.7","39.5","0.0","11.8","9","200","29.1","0.157143","18.4286","1007.01","6.67428","861.6","858.4"
"40766","2024-07-16 00:00:00","1403-04-26 00:00:00","18.6","38.9","0.0","12.2","7","200","28.8","-4.22857","12.6667","143722.0","4.96923","862.7","861.1"
"40766","2024-07-17 00:00:00","1403-04-27 00:00:00","19.0","39.9","0.0","12.1","7","290","29.5","-2.5875","16.0","1010.84","5.84181","864.4","861.5"
"40766","2024-07-18 00:00:00","1403-04-28 00:00:00","19.9","39.9","0.0","10.9","9","290","29.9","-0.7","15.4286","1009.27","6.05217","862.9","859.6"
"40766","2024-07-19 00:00:00","1403-04-29 00:00:00","18.1","39.5","0.0","10.4","8","280","28.8","-1.2375","14.75","1005.87","5.69437","859.7","856.9"
"40766","2024-07-20 00:00:00","1403-04-30 00:00:00","19.8","39.4","0.0","12.4","7","280","29.6","0.7125","16.125","1006.77","6.51533","861.0","858.0"
"40766","2024-07-21 00:00:00","1403-04-31 00:00:00","19.7","37.3","0.0","12.1","7","290","28.5","-0.5375","16.0","1009.01","5.98523","862.3","860.2"
"40766","2024-07-22 00:00:00","1403-05-01 00:00:00","18.7","39.1","0.0","12.0","6","200","28.9","1.8375","17.75","1007.67","7.04823","861.2","858.3"
"40766","2024-07-23 00:00:00","1403-05-02 00:00:00","20.3","40.0","0.0","12.1","6","280","30.1","2.35","17.375","1007.52","7.42084","861.4","858.3"
"40766","2024-07-24 00:00:00","1403-05-03 00:00:00","21.7","40.5","0.0","11.2","8","280","31.1","2.0625","16.375","1004.22","7.13207","858.9","854.9"
"40766","2024-07-25 00:00:00","1403-05-04 00:00:00","20.1","39.8","0.0","11.5","10","200","30.0","-1.7","15.125","1003.89","5.83402","857.6","855.9"
"40766","2024-07-26 00:00:00","1403-05-05 00:00:00","18.9","39.5","0.0","11.4","11","150","29.2","-1.0375","15.0","1006.44","5.79505","860.9","857.8"
"40766","2024-07-27 00:00:00","1403-05-06 00:00:00","18.1","38.8","0.0","11.3","9","290","28.5","-1.825","14.625","1009.15","5.47507","862.1","860.0"
"40766","2024-07-28 00:00:00","1403-05-07 00:00:00","17.8","39.7","0.0","12.0","8","280","28.8","-3.1375","13.375","1008.59","4.89925","863.0","858.8"
"40766","2024-07-29 00:00:00","1403-05-08 00:00:00","17.5","39.3","0.0","12.1","7","180","28.4","3.525","20.25","1005.22","8.11735","859.8","855.5"
"40766","2024-07-30 00:00:00","1403-05-09 00:00:00","19.7","41.2","0.0","12.2","9","250","30.5","-0.675","19.0","1006.61","6.92941","860.3","857.2"
"40766","2024-07-31 00:00:00","1403-05-10 00:00:00","21.6","39.9","0.0","12.1","8","290","30.8","-2.3","14.875","1009.74","5.45959","862.6","860.2"
"40766","2024-08-01 00:00:00","1403-05-11 00:00:00","17.1","40.2","0.0","11.8","9","290","28.7","-7.8625","10.0","1009.87","3.50666","863.5","860.3"
"40766","2024-08-02 00:00:00","1403-05-12 00:00:00","17.3","39.1","0.0","10.9","11","290","28.2","-9.4625","9.125","1007.72","3.1135","861.6","858.6"
"40766","2024-08-03 00:00:00","1403-05-13 00:00:00","16.7","38.8","0.0","12.2","6","290","27.8","-3.375","13.875","1006.96","4.89241","861.1","858.4"
"40766","2024-08-04 00:00:00","1403-05-14 00:00:00","17.7","39.5","0.0","12.0","6","290","28.6","-4.025","14.5","1008.19","4.90389","861.8","859.1"
"40766","2024-08-05 00:00:00","1403-05-15 00:00:00","18.1","41.2","0.0","12.0","12","200","29.7","-2.8625","14.625","1007.32","5.3323","861.1","857.9"
"40766","2024-08-06 00:00:00","1403-05-16 00:00:00","18.9","40.3","0.0","11.9","9","200","29.6","-2.6","14.125","1008.27","5.32195","861.5","859.4"
"40766","2024-08-07 00:00:00","1403-05-17 00:00:00","19.6","41.2","0.0","11.9","9","190","30.4","-2.3625","14.125","1009.12","5.32208","862.4","860.3"
"40766","2024-08-08 00:00:00","1403-05-18 00:00:00","19.5","41.0","0.0","11.5","6","300","30.3","-4.625","11.625","1010.28","4.50509","863.6","861.2"
"40766","2024-08-09 00:00:00","1403-05-19 00:00:00","19.1","41.7","0.0","11.4","6","300","30.4","-2.05714","13.1429","1011.02","5.41594","864.0","862.0"
"40766","2024-08-10 00:00:00","1403-05-20 00:00:00","20.2","42.2","0.0","11.6","10","300","31.2","-2.775","12.375","1011.46","5.06092","864.8","861.8"
"40766","2024-08-11 00:00:00","1403-05-21 00:00:00","20.0","41.1","0.0","11.6","7","300","30.5","-1.4375","13.625","1010.16","5.55746","863.4","860.7"
"40766","2024-08-12 00:00:00","1403-05-22 00:00:00","19.2","40.6","0.0","11.7","7","300","29.9","-0.775","14.5","1009.18","5.83005","862.3","859.7"
"40766","2024-08-13 00:00:00","1403-05-23 00:00:00","19.0","38.4","0.0","10.6","8","290","28.7","-4.45","13.8571","125885.0","4.7418","864.2","862.6"
"40766","2024-08-14 00:00:00","1403-05-24 00:00:00","17.6","37.8","0.0","12.0","6","290","27.7","-2.4","15.4286","1012.53","5.21669","865.4","863.4"
"40766","2024-08-15 00:00:00","1403-05-25 00:00:00","18.6","38.8","0.0","11.6","5","240","28.7","-2.4625","14.75","1012.71","5.38955","866.2","863.1"
"40766","2024-08-16 00:00:00","1403-05-26 00:00:00","18.8","39.7","0.0","11.2","11","280","29.3","-2.9125","13.875","1009.7","5.13112","863.3","860.1"
"40766","2024-08-17 00:00:00","1403-05-27 00:00:00","18.3","38.8","0.0","11.6","6","290","28.5","0.3875","16.0","1010.23","6.38327","863.5","860.6"
"40766","2024-08-18 00:00:00","1403-05-28 00:00:00","19.0","40.7","0.0","11.7","8","280","29.9","-1.7","15.0","1012.74","5.59345","865.7","863.0"
"40766","2024-08-19 00:00:00","1403-05-29 00:00:00","22.0","39.3","0.0","12.0","8","300","30.6","-2.2375","13.75","1013.7","5.28849","866.5","864.1"
"40766","2024-08-20 00:00:00","1403-05-30 00:00:00","17.7","38.8","0.0","12.1","6","180","28.3","-1.9625","15.25","1011.09","5.44084","864.9","861.2"
"40766","2024-08-21 00:00:00","1403-05-31 00:00:00","21.7","39.0","0.0","9.0","8","200","30.4","1.5125","16.875","1011.9","6.96913","864.9","862.3"
"40766","2024-08-22 00:00:00","1403-06-01 00:00:00","21.0","38.9","0.0","10.0","8","290","30.0","2.2375","17.75","1013.79","7.38171","866.4","864.0"
"40766","2024-08-23 00:00:00","1403-06-02 00:00:00","19.4","39.1","0.0","10.8","8","280","29.3","-8.7625","10.75","1015.09","3.65625","867.9","865.3"
"40766","2024-08-24 00:00:00","1403-06-03 00:00:00","17.0","39.6","0.0","10.8","6","290","28.3","-8.7625","10.125","1014.5","3.31779","867.4","864.2"
"40766","2024-08-25 00:00:00","1403-06-04 00:00:00","18.9","40.2","2.0","8.4","15","280","29.5","-1.0875","20.5","1014.81","6.5951","867.4","864.9"
"40766","2024-08-26 00:00:00","1403-06-05 00:00:00","18.2","39.8","0.0","11.5","10","270","29.0","0.9375","19.375","1014.78","6.76333","867.3","865.1"
"40766","2024-08-27 00:00:00","1403-06-06 00:00:00","15.0","39.4","0.0","11.9","7","280","27.2","-6.5","13.625","1014.34","4.28593","867.6","864.9"
"40766","2024-08-28 00:00:00","1403-06-07 00:00:00","16.9","39.7","0.0","11.8","8","290","28.3","-5.5625","11.75","1013.39","4.1342","866.6","864.1"
"40766","2024-08-29 00:00:00","1403-06-08 00:00:00","17.8","38.2","0.0","10.8","8","290","28.0","-1.2875","16.125","1011.51","5.58442","864.7","861.8"
"40766","2024-08-30 00:00:00","1403-06-09 00:00:00","16.3","38.0","0.0","11.0","7","290","27.1","-1.775","18.25","1010.76","6.12229","864.0","860.9"
"40766","2024-08-31 00:00:00","1403-06-10 00:00:00","17.1","39.0","0.0","11.2","6","200","28.0","-1.8625","19.375","1011.46","6.03404","864.3","862.0"
"40766","2024-09-01 00:00:00","1403-06-11 00:00:00","17.6","39.4","0.0","11.1","8","200","28.5","-3.025","17.75","1013.92","5.67408","866.9","864.4"
"40766","2024-09-02 00:00:00","1403-06-12 00:00:00","17.3","39.7","0.0","11.0","9","290","28.5","-3.3625","16.875","1016.04","5.24369","869.7","865.6"
"40766","2024-09-03 00:00:00","1403-06-13 00:00:00","16.2","39.6","0.0","10.3","7","290","27.9","-9.1375","14.125","1014.43","4.15489","867.6","864.3"
"40766","2024-09-04 00:00:00","1403-06-14 00:00:00","17.0","39.4","0.0","11.0","9","290","28.2","-3.925","14.75","1013.54","4.80905","866.8","863.9"
"40766","2024-09-05 00:00:00","1403-06-15 00:00:00","14.8","38.4","0.0","10.8","8","300","26.6","-10.9","13.4286","1012.48","3.24843","866.1","862.8"
"40766","2024-09-06 00:00:00","1403-06-16 00:00:00","14.2","35.1","0.0","10.9","7","280","24.6","-7.1625","14.625","1013.94","4.17021","866.4","864.5"
"40766","2024-09-07 00:00:00","1403-06-17 00:00:00","13.3","36.5","0.0","11.2","7","280","24.9","-7.9375","14.5","1015.12","3.85629","867.8","865.1"
"40766","2024-09-08 00:00:00","1403-06-18 00:00:00","14.1","36.8","0.0","11.0","7","290","25.5","-7.9","11.625","1016.39","3.50611","868.7","866.8"
"40766","2024-09-09 00:00:00","1403-06-19 00:00:00","14.1","36.3","0.0","11.5","7","200","25.2","-9.1","13.6667","250763.0","3.55886","870.1","866.7"
"40766","2024-09-10 00:00:00","1403-06-20 00:00:00","14.4","37.5","0.0","11.0","5","200","26.0","-5.1375","13.0","1016.2","4.22583","869.8","866.1"
"40766","2024-09-11 00:00:00","1403-06-21 00:00:00","17.1","37.7","0.0","11.2","7","290","27.4","-5.4","13.0","1015.29","4.25705","867.9","865.6"
"40766","2024-09-12 00:00:00","1403-06-22 00:00:00","16.0","36.2","0.0","10.8","7","290","26.1","-5.125","14.125","1014.8","4.37749","868.0","864.8"
"40766","2024-09-13 00:00:00","1403-06-23 00:00:00","14.8","36.9","0.0","11.0","9","290","25.9","-5.025","14.875","1011.47","4.38092","865.0","861.0"
"40766","2024-09-14 00:00:00","1403-06-24 00:00:00","14.9","34.4","0.0","10.0","9","280","24.7","-2.075","19.625","1010.04","5.494","863.0","860.7"
"40766","2024-09-15 00:00:00","1403-06-25 00:00:00","15.3","34.5","0.0","10.2","6","290","24.9","-2.9125","18.75","1010.58","5.18735","863.5","861.2"
"40766","2024-09-16 00:00:00","1403-06-26 00:00:00","14.5","33.8","0.0","10.8","8","190","24.1","-4.2","18.25","1012.66","4.69743","866.6","863.1"
"40766","2024-09-17 00:00:00","1403-06-27 00:00:00","13.4","33.2","0.0","10.9","6","280","23.3","0.7","22.75","1016.13","6.49529","869.2","866.4"
"40766","2024-09-18 00:00:00","1403-06-28 00:00:00","15.1","32.3","0.0","9.9","7","290","23.7","3.625","28.875","1015.05","8.0607","868.2","865.1"
"40766","2024-09-19 00:00:00","1403-06-29 00:00:00","14.3","31.0","0.0","7.6","7","280","22.6","2.775","29.75","1014.97","7.56165","867.3","865.1"
"40766","2024-09-20 00:00:00","1403-06-30 00:00:00","11.3","29.9","0.0","9.3","8","290","20.6","1.35","28.375","1016.39","6.79235","868.8","866.2"
"40766","2024-09-21 00:00:00","1403-06-31 00:00:00","12.3","30.0","0.0","10.9","7","210","21.1","1.825","28.5","1016.99","7.03085","869.2","866.7"
"40766","2024-09-22 00:00:00","1403-07-01 00:00:00","14.0","32.5","0.0","10.2","9","200","23.3","-0.1125","22.875","1017.4","6.17861","869.8","867.2"
"40766","2024-09-23 00:00:00","1403-07-02 00:00:00","16.2","34.6","0.0","10.1","8","210","25.4","1.3","22.875","1017.91","6.77122","869.7","868.2"
"40766","2024-09-24 00:00:00","1403-07-03 00:00:00","14.1","34.2","0.0","10.0","10","290","24.2","2.925","28.0","1018.48","7.55982","871.3","868.1"
"40766","2024-09-25 00:00:00","1403-07-04 00:00:00","13.2","34.0","0.0","10.3","8","290","23.6","-5.05","20.0","1015.99","4.62241","868.8","865.9"
"40766","2024-09-26 00:00:00","1403-07-05 00:00:00","10.0","32.4","0.0","10.3","5","290","21.2","-9.2375","14.5","1014.61","3.18641","867.5","864.7"
"40766","2024-09-27 00:00:00","1403-07-06 00:00:00","13.5","32.6","0.0","9.4","7","110","23.0","-0.7","22.0","1013.49","5.97252","867.4","863.6"
"40766","2024-09-28 00:00:00","1403-07-07 00:00:00","13.6","27.7","0.0","10.2","8","100","20.7","2.1375","29.75","1014.56","7.14864","868.6","863.7"
"40766","2024-09-29 00:00:00","1403-07-08 00:00:00","13.7","26.1","0.0","10.2","9","110","19.9","0.842857","28.5714","1015.96","6.55442","868.7","866.0"
"40766","2024-09-30 00:00:00","1403-07-09 00:00:00","14.0","30.9","0.0","9.4","10","200","22.5","-2.025","23.625","1015.08","5.52026","868.0","865.2"
"40766","2024-10-01 00:00:00","1403-07-10 00:00:00","13.3","32.3","0.0","9.5","10","170","22.8","0.3","23.0","1013.83","6.4997","868.4","863.7"
"40766","2024-10-02 00:00:00","1403-07-11 00:00:00","19.1","31.1","0.0","9.0","9","210","25.1","2.9875","26.5","1015.48","7.76712","868.6","864.6"
"40766","2024-10-03 00:00:00","1403-07-12 00:00:00","14.9","28.8","0.0","10.4","7","280","21.8","0.7625","31.5","1018.31","6.94241","870.5","868.5"
"40766","2024-10-04 00:00:00","1403-07-13 00:00:00","8.8","28.0","0.0","10.7","7","280","18.4","-3.8","28.0","1017.41","5.02078","870.7","866.3"
"40766","2024-10-05 00:00:00","1403-07-14 00:00:00","7.9","28.7","0.0","10.3","6","220","18.3","-5.15","21.25","1016.09","4.20098","868.6","865.7"
"40766","2024-10-06 00:00:00","1403-07-15 00:00:00","11.7","29.0","0.0","10.4","7","90","20.4","-4.7125","20.875","1018.89","4.47604","871.2","868.7"
"40766","2024-10-07 00:00:00","1403-07-16 00:00:00","13.0","31.0","0.0","10.3","7","210","22.0","-5.725","16.0","125894.0","4.01142","873.3","871.2"
"40766","2024-10-08 00:00:00","1403-07-17 00:00:00","9.3","30.7","0.0","10.3","8","210","20.0","-9.075","15.75","1022.66","3.22551","875.0","872.2"
"40766","2024-10-09 00:00:00","1403-07-18 00:00:00","9.1","30.0","0.0","9.4","5","200","19.5","-9.4625","15.25","1020.94","3.05848","873.5","869.8"
"40766","2024-10-10 00:00:00","1403-07-19 00:00:00","9.3","30.4","0.0","10.0","5","200","19.9","-11.475","13.75","1019.13","2.643","871.8","868.7"
"40766","2024-10-11 00:00:00","1403-07-20 00:00:00","8.7","29.1","0.0","9.3","7","210","18.9","-10.9125","14.5","1018.39","2.72461","871.3","868.1"
"40766","2024-10-12 00:00:00","1403-07-21 00:00:00","7.5","28.9","0.0","9.3","5","290","18.2","-10.4375","13.75","1019.29","2.80738","871.6","868.9"
"40766","2024-10-13 00:00:00","1403-07-22 00:00:00","11.6","29.5","0.0","8.0","6","200","20.5","-5.9875","17.25","1018.85","3.93254","871.4","868.3"
"40766","2024-10-14 00:00:00","1403-07-23 00:00:00","9.7","29.8","0.0","9.5","5","250","19.8","-6.825","17.75","1018.58","3.74404","871.1","868.0"
"40766","2024-10-15 00:00:00","1403-07-24 00:00:00","9.7","29.3","0.0","9.5","5","290","19.5","-2.2625","22.75","1020.45","5.26895","872.5","869.9"
"40766","2024-10-16 00:00:00","1403-07-25 00:00:00","10.5","28.6","0.0","9.4","9","200","19.5","-1.5625","27.2857","1020.75","5.48273","872.8","869.4"
"40766","2024-10-17 00:00:00","1403-07-26 00:00:00","8.9","29.5","0.0","8.3","9","210","19.2","-4.1625","23.75","1018.41","4.622","871.8","867.0"
"40766","2024-10-18 00:00:00","1403-07-27 00:00:00","15.5","29.7","0.0","8.6","12","210","22.6","-3.7625","18.5","1015.29","4.77366","867.5","865.9"
"40766","2024-10-19 00:00:00","1403-07-28 00:00:00","13.4","25.0","1.0","7.5","7","290","19.2","2.9625","35.625","1019.16","7.62883","871.1","867.8"
"40766","2024-10-20 00:00:00","1403-07-29 00:00:00","9.9","24.3","0.0","10.1","6","260","17.1","-10.1375","23.0","1020.03","3.86102","872.6","869.6"
"40766","2024-10-21 00:00:00","1403-07-30 00:00:00","2.5","17.6","0.0","4.2","6","280","10.1","-18.2375","14.875","1018.21","1.59534","869.7","868.8"
"40766","2024-10-22 00:00:00","1403-08-01 00:00:00","-3.0","20.3","0.0","10.2","9","200","8.6","-19.1875","15.75","1017.21","1.52268","869.9","866.6"
"40766","2024-10-23 00:00:00","1403-08-02 00:00:00","1.2","17.0","0.0","10.2","5","210","9.1","-15.3625","18.625","1018.75","1.94823","871.0","868.2"
"40766","2024-10-24 00:00:00","1403-08-03 00:00:00","2.0","18.2","0.0","10.0","8","210","10.1","-13.0857","22.5714","1019.08","2.06799","871.9","868.1"
"40766","2024-10-25 00:00:00","1403-08-04 00:00:00","0.1","17.5","0.0","","6","200","8.8","-11.1125","25.25","1021.35","2.66541","873.9","871.7"
"40766","2024-10-26 00:00:00","1403-08-05 00:00:00","0.6","21.5","0.0","7.0","8","200","11.1","-18.575","15.0","1022.06","1.5992","874.2","870.9"
"40766","2024-10-27 00:00:00","1403-08-06 00:00:00","0.2","21.0","0.0","9.3","5","210","10.6","-18.525","14.625","1022.75","1.49959","875.1","872.3"
"40766","2024-10-28 00:00:00","1403-08-07 00:00:00","-0.3","21.4","0.0","10.0","6","210","10.6","-15.75","15.625","1019.96","1.8384","872.9","869.3"
"40766","2024-10-29 00:00:00","1403-08-08 00:00:00","0.7","22.7","0.0","8.2","5","210","11.7","-13.075","18.5","1018.72","2.25987","871.9","868.1"
"40766","2024-10-30 00:00:00","1403-08-09 00:00:00","0.3","22.0","0.0","8.0","6","210","11.1","-16.225","16.625","1018.51","1.81479","870.8","867.9"
"40766","2024-10-31 00:00:00","1403-08-10 00:00:00","0.5","21.6","1.0","5.0","8","270","11.1","-6.8875","33.5","1020.95","4.53234","873.1","870.2"
"40766","2024-11-01 00:00:00","1403-08-11 00:00:00","7.6","17.7","7.0","1.4","8","270","12.7","8.125","80.875","1023.58","10.9463","875.9","871.6"
"40766","2024-11-02 00:00:00","1403-08-12 00:00:00","7.4","20.5","0.0","4.5","5","200","13.9","9.5625","81.625","1024.5","11.9417","877.3","873.1"
"40766","2024-11-03 00:00:00","1403-08-13 00:00:00","10.4","19.0","20.0","2.0","7","200","14.7","10.075","73.5","1020.44","12.3589","873.3","869.4"
"40766","2024-11-04 00:00:00","1403-08-14 00:00:00","9.2","22.6","0.0","7.4","8","190","15.9","5.25","45.625","1018.67","8.99145","870.2","869.0"
"40766","2024-11-05 00:00:00","1403-08-15 00:00:00","8.5","19.5","0.0","8.0","6","290","14.0","3.6375","56.125","1020.81","8.02561","873.3","869.7"
"40766","2024-11-06 00:00:00","1403-08-16 00:00:00","3.7","21.3","0.0","8.6","5","190","12.5","1.075","54.875","1024.25","6.8837","875.7","873.2"
"40766","2024-11-07 00:00:00","1403-08-17 00:00:00","3.6","19.7","0.0","2.3","5","190","11.7","2.125","57.625","1025.04","7.13803","876.5","874.4"
"40766","2024-11-08 00:00:00","1403-08-18 00:00:00","2.9","21.4","0.0","8.8","5","300","12.1","-0.75","47.625","1022.7","5.95895","874.8","871.4"
"40766","2024-11-09 00:00:00","1403-08-19 00:00:00","0.8","20.0","0.0","8.7","6","200","10.4","-1.01429","44.0","1023.43","5.76846","874.7","872.9"
"40766","2024-11-10 00:00:00","1403-08-20 00:00:00","5.3","21.7","0.0","4.2","5","200","13.5","4.5875","54.75","1024.93","8.51912","876.3","874.4"
"40766","2024-11-11 00:00:00","1403-08-21 00:00:00","7.6","21.0","11.11","3.3","15","270","14.3","9.0625","75.0","125896.0","11.3068","875.9","872.9"
"40766","2024-11-12 00:00:00","1403-08-22 00:00:00","11.7","22.2","4.0","6.0","9","200","17.0","7.8625","63.75","1020.65","10.8043","872.5","870.3"
"40766","2024-11-13 00:00:00","1403-08-23 00:00:00","4.9","18.5","0.0","8.5","5","200","11.7","5.725","72.625","1019.84","9.19262","872.1","869.1"
"40766","2024-11-14 00:00:00","1403-08-24 00:00:00","5.1","17.6","0.0","8.2","5","200","11.4","3.0125","59.625","1019.36","7.60044","871.4","869.3"
"40766","2024-11-15 00:00:00","1403-08-25 00:00:00","2.2","18.1","0.0","8.2","6","190","10.2","2.7125","62.75","1020.3","7.48717","872.6","870.1"
"40766","2024-11-16 00:00:00","1403-08-26 00:00:00","2.0","17.2","0.0","9.0","5","280","9.6","-0.1125","56.375","1020.33","6.12509","872.1","870.2"
"40766","2024-11-17 00:00:00","1403-08-27 00:00:00","1.4","18.4","0.0","8.0","6","210","9.9","-0.2375","56.0","1019.69","6.02746","873.1","868.2"
"40766","2024-11-18 00:00:00","1403-08-28 00:00:00","2.9","16.4","0.4","0.1","5","80","9.6","5.0625","69.375","1018.78","8.83038","870.9","868.9"
"40766","2024-11-19 00:00:00","1403-08-29 00:00:00","8.6","18.9","","2.0","10","210","13.8","8.0125","77.75","1019.03","10.7966","872.2","868.4"
"40766","2024-11-20 00:00:00","1403-08-30 00:00:00","7.0","16.1","0.0","5.2","5","270","11.6","5.6125","68.875","1021.27","9.20044","873.1","871.4"
"40766","2024-11-21 00:00:00","1403-09-01 00:00:00","2.3","16.3","0.0","7.1","6","200","9.3","1.4125","59.625","1022.33","6.84783","874.2","871.9"
"40766","2024-11-22 00:00:00","1403-09-02 00:00:00","2.2","16.7","0.0","9.2","5","190","9.5","-0.45","56.5","1024.56","5.97095","876.0","874.1"
"40766","2024-11-23 00:00:00","1403-09-03 00:00:00","1.1","17.0","0.0","8.2","5","190","9.1","-0.6375","58.5","1022.39","5.87532","874.8","871.4"
"40766","2024-11-24 00:00:00","1403-09-04 00:00:00","-0.5","18.2","0.0","8.5","5","180","8.9","-2.7375","48.125","1018.21","5.09318","871.7","867.5"
"40766","2024-11-25 00:00:00","1403-09-05 00:00:00","11.6","16.9","0.2","2.4","11","180","14.3","5.1875","55.875","1016.83","8.92953","869.1","867.4"
"40766","2024-11-26 00:00:00","1403-09-06 00:00:00","10.0","18.3","","3.5","11","140","14.1","7.6125","71.0","1016.87","10.4612","870.5","866.3"
"40766","2024-11-27 00:00:00","1403-09-07 00:00:00","7.5","15.2","","8.6","10","200","11.4","-0.425","57.0","1016.75","6.19483","870.5","865.9"
"40766","2024-11-28 00:00:00","1403-09-08 00:00:00","-2.0","10.3","0.0","9.2","4","290","4.2","-9.5375","43.625","1020.54","3.25389","872.5","870.3"
"40766","2024-11-29 00:00:00","1403-09-09 00:00:00","-4.0","12.0","0.0","7.7","4","180","4.0","-8.7","51.625","1021.62","3.39716","873.9","871.2"
"40766","2024-11-30 00:00:00","1403-09-10 00:00:00","-4.3","12.1","0.0","9.0","5","200","3.9","-7.0375","51.75","1021.9","3.6379","873.8","871.2"
"40766","2024-12-01 00:00:00","1403-09-11 00:00:00","-3.0","12.0","0.0","8.9","5","120","4.5","-7.3625","47.0","1020.34","3.55377","872.7","869.7"
"40766","2024-12-02 00:00:00","1403-09-12 00:00:00","-3.2","13.1","0.0","7.7","6","120","5.0","-6.225","52.0","1018.73","3.85183","871.0","868.3"
"40766","2024-12-03 00:00:00","1403-09-13 00:00:00","-4.3","15.0","0.0","8.9","7","200","5.3","-6.7125","50.625","1020.23","3.79534","872.0","869.9"
"40766","2024-12-04 00:00:00","1403-09-14 00:00:00","-3.4","15.0","0.0","9.4","4","190","5.8","-8.17143","45.2857","1021.87","3.34133","874.0","871.0"
"40766","2024-12-05 00:00:00","1403-09-15 00:00:00","-3.4","14.2","0.0","8.2","6","190","5.4","-7.175","46.375","1023.61","3.5881","875.5","872.8"
"40766","2024-12-06 00:00:00","1403-09-16 00:00:00","-4.4","14.9","0.0","8.4","5","200","5.3","-6.9375","50.5","1025.55","3.65176","877.3","873.9"
"40766","2024-12-07 00:00:00","1403-09-17 00:00:00","-4.7","14.6","0.0","7.6","5","190","5.0","-6.4875","50.0","1026.92","3.77602","878.2","875.4"
"40766","2024-12-08 00:00:00","1403-09-18 00:00:00","-3.0","14.7","0.0","4.7","5","210","5.8","-4.5625","49.125","1024.87","4.37671","878.1","872.6"
"40766","2024-12-09 00:00:00","1403-09-19 00:00:00","6.7","15.0","0.6","1.5","3","290","10.9","2.7","66.1429","125895.0","7.38868","874.3","872.3"
"40766","2024-12-10 00:00:00","1403-09-20 00:00:00","-1.0","13.7","0.0","8.5","5","120","6.3","-0.475","67.125","1025.66","5.94377","877.3","874.7"
"40766","2024-12-11 00:00:00","1403-09-21 00:00:00","-2.4","13.9","0.0","8.5","5","100","5.8","-3.425","58.875","1024.72","4.76845","876.4","873.3"
"40766","2024-12-12 00:00:00","1403-09-22 00:00:00","-3.4","16.7","0.0","6.4","10","200","6.7","-5.3125","44.5","1020.4","4.15061","874.0","868.2"
"40766","2024-12-13 00:00:00","1403-09-23 00:00:00","6.7","14.3","0.0","2.4","10","200","10.5","-4.2875","37.25","1015.25","4.47781","868.3","865.7"
"40766","2024-12-14 00:00:00","1403-09-24 00:00:00","3.2","10.3","0.8","9.0","8","290","6.8","-6.975","48.625","1016.39","4.04817","873.4","865.3"
"40766","2024-12-15 00:00:00","1403-09-25 00:00:00","-7.0","5.8","0.0","9.3","7","110","-0.6","-15.9875","33.5","1028.34","1.78719","879.9","875.9"
"40766","2024-12-16 00:00:00","1403-09-26 00:00:00","-8.3","9.9","0.0","8.6","6","200","0.8","-12.5375","41.375","1026.59","2.35755","879.1","874.6"
"40766","2024-12-17 00:00:00","1403-09-27 00:00:00","-5.8","11.2","0.0","7.0","5","200","2.7","-15.0875","34.75","1023.15","2.06493","874.6","872.3"
"40766","2024-12-18 00:00:00","1403-09-28 00:00:00","-7.6","12.3","0.0","9.1","4","290","2.4","-16.5625","28.75","1021.38","1.73331","874.0","870.0"
"40766","2024-12-19 00:00:00","1403-09-29 00:00:00","-6.9","13.7","0.0","9.2","8","290","3.4","-13.6","31.75","1020.91","2.16112","873.6","870.5"
"40766","2024-12-20 00:00:00","1403-09-30 00:00:00","-5.9","15.3","0.0","6.8","11","200","4.7","-10.7571","37.8571","1017.81","2.9017","871.9","866.2"
"40766","2024-12-21 00:00:00","1403-10-01 00:00:00","3.0","6.6","9.0","0.3","7","100","4.8","1.9","87.0","1018.16","7.01019","871.5","866.9"
"40766","2024-12-22 00:00:00","1403-10-02 00:00:00","-3.1","5.1","0.0","2.7","6","280","1.0","0.2125","98.5","1020.86","6.23027","872.3","870.9"
"40766","2024-12-23 00:00:00","1403-10-03 00:00:00","-0.4","4.7","0.0","0.7","5","280","2.1","0.65","96.5","1021.26","6.40678","873.4","871.0"
"40766","2024-12-24 00:00:00","1403-10-04 00:00:00","0.2","4.4","0.0","3.0","5","200","2.3","0.7875","96.625","1022.43","6.46701","874.8","871.4"
"40766","2024-12-25 00:00:00","1403-10-05 00:00:00","-0.7","5.8","0.0","3.4","6","190","2.6","-0.05","93.625","1025.0","6.08779","876.4","873.7"
"40766","2024-12-26 00:00:00","1403-10-06 00:00:00","-1.7","7.5","0.0","3.9","14","200","2.9","-0.6375","92.125","1025.85","5.84732","878.1","874.7"
"40766","2024-12-27 00:00:00","1403-10-07 00:00:00","-2.2","14.5","2.01","0.0","9","300","6.2","-0.2625","61.625","1022.05","6.06752","874.6","870.5"
"40766","2024-12-28 00:00:00","1403-10-08 00:00:00","4.0","7.2","26.0","0.0","8","90","5.6","3.46667","88.1667","1019.29","7.83988","870.9","869.5"
"40766","2024-12-29 00:00:00","1403-10-09 00:00:00","-2.9","10.2","0.0","3.9","6","170","3.6","0.525","87.25","1022.17","6.41028","874.1","871.6"
"40766","2024-12-30 00:00:00","1403-10-10 00:00:00","-2.5","10.8","0.0","7.5","6","200","4.2","-1.575","75.375","1020.32","5.48214","872.9","869.7"
"40766","2024-12-31 00:00:00","1403-10-11 00:00:00","-3.7","9.6","0.0","8.0","5","200","3.0","-3.525","69.875","1020.64","4.73287","872.7","870.4"
"40766","2025-01-01 00:00:00","1403-10-12 00:00:00","-4.4","8.3","0.0","4.4","5","180","2.0","-4.375","66.625","1022.38","4.44242","875.6","870.5"
"40766","2025-01-02 00:00:00","1403-10-13 00:00:00","-2.4","8.8","0.0","9.2","6","110","3.2","-7.7125","47.375","1026.85","3.48928","878.4","875.8"
"40766","2025-01-03 00:00:00","1403-10-14 00:00:00","-4.5","9.1","0.0","8.6","5","200","2.3","-8.4625","53.375","1025.6","3.25097","878.1","874.1"
"40766","2025-01-04 00:00:00","1403-10-15 00:00:00","-7.0","10.3","0.0","9.0","5","200","1.7","-10.55","47.875","1023.64","2.84078","875.5","872.4"
"40766","2025-01-05 00:00:00","1403-10-16 00:00:00","-3.8","11.9","0.0","7.6","6","200","4.0","-9.5625","43.125","1022.55","3.02616","874.9","871.9"
"40766","2025-01-06 00:00:00","1403-10-17 00:00:00","2.5","11.9","0.0","0.0","11","180","7.2","-8.7625","38.625","1021.53","3.38712","873.3","871.1"
"40766","2025-01-07 00:00:00","1403-10-18 00:00:00","2.2","8.4","0.6","0.0","6","100","5.3","-3.0875","55.0","1024.74","5.02091","876.2","873.6"
"40766","2025-01-08 00:00:00","1403-10-19 00:00:00","3.8","11.2","0.0","6.3","7","110","7.5","-1.0875","62.875","1024.62","5.65924","876.3","872.9"
"40766","2025-01-09 00:00:00","1403-10-20 00:00:00","-3.4","12.3","0.0","8.4","7","110","4.4","-3.05","60.875","1023.66","4.90296","875.5","872.3"
"40766","2025-01-10 00:00:00","1403-10-21 00:00:00","-2.4","14.8","0.0","9.1","6","190","6.2","-3.8625","57.125","1022.93","4.61839","874.9","871.5"
"40766","2025-01-11 00:00:00","1403-10-22 00:00:00","0.1","14.9","0.0","5.2","15","170","7.5","-5.5375","43.5","1021.19","4.1272","877.2","869.5"
"40766","2025-01-12 00:00:00","1403-10-23 00:00:00","2.6","9.6","8.8","2.0","7","110","6.1","1.9875","81.375","1021.71","7.06339","874.8","870.9"
"40766","2025-01-13 00:00:00","1403-10-24 00:00:00","1.1","5.8","0.0","0.0","5","310","3.5","-0.3875","77.75","1024.79","5.96581","875.7","874.3"
"40766","2025-01-14 00:00:00","1403-10-25 00:00:00","-2.5","9.0","0.0","8.0","6","200","3.3","-2.3","75.0","1025.57","5.16013","877.6","874.7"
"40766","2025-01-15 00:00:00","1403-10-26 00:00:00","-3.8","13.8","0.0","8.2","7","290","5.0","-3.7","62.875","1024.01","4.69196","875.8","872.7"
"40766","2025-01-16 00:00:00","1403-10-27 00:00:00","-4.1","10.4","0.0","1.4","5","290","3.1","-2.5125","69.375","1022.04","5.1192","873.7","871.8"
"40766","2025-01-17 00:00:00","1403-10-28 00:00:00","-3.0","10.4","0.0","7.0","3","100","3.7","-3.5","67.375","1019.7","4.77197","872.8","869.1"
"40766","2025-01-18 00:00:00","1403-10-29 00:00:00","-5.5","11.3","0.0","8.8","5","280","2.9","-6.625","52.125","1016.59","3.74454","869.9","865.8"
"40766","2025-01-19 00:00:00","1403-10-30 00:00:00","-0.2","9.3","0.0","3.1","8","210","4.6","-6.2","46.5","1015.02","3.874","867.2","865.6"
"40766","2025-01-20 00:00:00","1403-11-01 00:00:00","-1.6","5.4","0.1","0.0","7","160","1.9","-3.3625","72.0","1017.21","4.89291","869.9","867.0"
"40766","2025-01-21 00:00:00","1403-11-02 00:00:00","-0.5","7.1","","8.0","5","120","3.3","-2.575","76.375","1023.75","5.1189","876.8","870.7"
"40766","2025-01-22 00:00:00","1403-11-03 00:00:00","-6.0","9.3","0.0","8.5","5","100","1.7","-5.725","61.75","1026.01","4.01208","877.1","874.5"
"40766","2025-01-23 00:00:00","1403-11-04 00:00:00","-1.8","13.6","0.0","1.9","7","190","5.9","-6.925","47.875","1023.89","3.77595","876.4","872.9"
"40766","2025-01-24 00:00:00","1403-11-05 00:00:00","1.8","11.2","0.01","0.4","7","130","6.5","-3.9375","55.25","1022.3","4.73236","873.7","871.9"
"40766","2025-01-25 00:00:00","1403-11-06 00:00:00","2.7","5.2","3.3","0.0","3","110","3.9","2.25","93.625","1022.02","7.20366","873.6","871.7"
"40766","2025-01-26 00:00:00","1403-11-07 00:00:00","-1.7","9.5","0.0","4.0","4","120","3.9","0.6","79.375","1021.8","6.38537","874.5","870.6"
"40766","2025-01-27 00:00:00","1403-11-08 00:00:00","3.4","7.4","7.0","1.7","5","100","5.4","1.82222","83.5556","1019.36","7.0207","871.1","869.0"
"40766","2025-01-28 00:00:00","1403-11-09 00:00:00","-3.1","8.8","0.0","5.5","5","110","2.9","-2.6375","70.0","1021.9","5.07961","874.0","871.3"
"40766","2025-01-29 00:00:00","1403-11-10 00:00:00","-3.6","9.3","0.0","8.6","7","100","2.9","-4.575","62.125","1023.78","4.36027","875.6","872.5"
"40766","2025-01-30 00:00:00","1403-11-11 00:00:00","-4.7","10.4","0.0","8.3","6","130","2.8","-5.9875","55.625","1025.24","3.94722","877.0","874.5"
"40766","2025-01-31 00:00:00","1403-11-12 00:00:00","-4.6","12.3","0.0","7.3","6","110","3.9","-7.8625","47.625","1023.45","3.41296","876.3","871.9"
"40766","2025-02-01 00:00:00","1403-11-13 00:00:00","-5.3","13.3","0.0","8.0","5","200","4.0","-7.725","48.25","1019.57","3.47776","871.7","868.7"
"40766","2025-02-02 00:00:00","1403-11-14 00:00:00","-4.6","12.7","0.0","","3","110","4.1","-10.1125","42.75","1021.16","2.91389","873.4","870.6"
"40766","2025-02-03 00:00:00","1403-11-15 00:00:00","-6.3","13.6","0.0","9.9","8","200","3.7","-12.8875","36.0","1019.87","2.42865","872.7","868.7"
"40766","2025-02-04 00:00:00","1403-11-16 00:00:00","-3.7","14.0","0.0","9.8","7","210","5.2","-11.1","35.625","1018.92","2.72295","871.5","868.7"
"40766","2025-02-05 00:00:00","1403-11-17 00:00:00","-0.6","16.2","0.0","7.6","11","140","7.8","-13.375","23.5714","125886.0","2.30046","869.5","860.7"
"40766","2025-02-06 00:00:00","1403-11-18 00:00:00","3.4","9.8","15.0","0.0","9","130","6.6","-1.275","67.875","1007.08","5.84341","860.4","857.4"
"40766","2025-02-07 00:00:00","1403-11-19 00:00:00","-1.6","7.1","5.0","4.0","8","190","2.8","-2.6","70.0","1014.03","5.09547","868.0","861.3"
"40766","2025-02-08 00:00:00","1403-11-20 00:00:00","-0.6","8.2","11.0","5.3","7","100","3.8","-3.6875","73.0","1013.08","4.72554","867.4","862.3"
"40766","2025-02-09 00:00:00","1403-11-21 00:00:00","-2.9","1.4","5.1","4.4","6","190","-0.8","-5.0875","76.375","1016.76","4.20378","869.6","864.7"
"40766","2025-02-10 00:00:00","1403-11-22 00:00:00","-4.1","2.7","0.0","6.1","4","120","-0.7","-5.2125","71.875","1019.44","4.16814","872.1","869.1"
"40766","2025-02-11 00:00:00","1403-11-23 00:00:00","-5.4","5.8","0.0","7.7","4","210","0.2","-4.55","74.5","1022.27","4.37368","874.9","870.4"
"40766","2025-02-12 00:00:00","1403-11-24 00:00:00","-3.6","7.9","0.0","5.0","5","130","2.2","-2.075","73.625","1021.42","5.29025","873.5","870.3"
"40766","2025-02-13 00:00:00","1403-11-25 00:00:00","1.6","11.7","0.01","6.2","4","200","6.7","0.325","68.375","1020.0","6.2702","872.3","869.9"
"40766","2025-02-14 00:00:00","1403-11-26 00:00:00","0.5","10.9","0.31","6.0","10","210","5.7","-3.375","57.25","1019.61","4.81957","872.1","869.5"
"40766","2025-02-15 00:00:00","1403-11-27 00:00:00","-5.2","11.9","0.0","9.2","5","200","3.3","-7.3625","53.5","1019.69","3.58639","872.5","868.9"
"40766","2025-02-16 00:00:00","1403-11-28 00:00:00","-4.5","14.7","0.0","5.5","9","190","5.1","-9.45","44.875","1016.33","3.34872","870.0","865.0"
"40766","2025-02-17 00:00:00","1403-11-29 00:00:00","3.0","7.0","3.01","1.4","6","100","5.0","-0.3875","73.5","1017.88","6.00134","871.9","865.3"
"40766","2025-02-18 00:00:00","1403-11-30 00:00:00","-5.2","11.0","0.0","8.8","5","270","2.9","-4.975","64.375","1021.73","4.29971","874.0","871.1"
"40766","2025-02-19 00:00:00","1403-12-01 00:00:00","-4.1","13.3","0.0","8.5","6","200","4.6","-7.4875","47.125","1018.65","3.59939","872.6","866.9"
"40766","2025-02-20 00:00:00","1403-12-02 00:00:00","-3.3","12.6","0.1","3.9","11","210","4.7","-5.0625","57.125","1013.16","4.4959","866.2","863.8"
"40766","2025-02-21 00:00:00","1403-12-03 00:00:00","2.7","8.2","5.9","1.1","6","290","5.4","1.2875","78.375","1014.12","6.72304","867.8","863.0"
"40766","2025-02-22 00:00:00","1403-12-04 00:00:00","1.6","4.1","11.1","0.0","7","300","2.8","-0.375","84.125","1015.24","5.97905","868.0","865.6"
"40766","2025-02-23 00:00:00","1403-12-05 00:00:00","-4.7","4.9","0.4","2.4","7","240","0.1","-6.0","69.25","1014.47","3.96034","867.3","865.2"
"40766","2025-02-24 00:00:00","1403-12-06 00:00:00","-6.2","1.3","0.0","10.2","8","290","-2.4","-15.9625","41.0","1016.27","1.84627","869.6","866.6"
"40766","2025-02-25 00:00:00","1403-12-07 00:00:00","-8.9","1.6","0.0","10.4","6","290","-3.6","-15.775","43.625","1021.18","1.83211","873.7","869.8"
"40766","2025-02-26 00:00:00","1403-12-08 00:00:00","-8.7","5.8","0.0","10.5","7","280","-1.4","-16.0125","37.75","1020.45","1.80223","872.4","868.9"
"40766","2025-02-27 00:00:00","1403-12-09 00:00:00","-9.6","7.2","0.0","10.5","7","300","-1.2","-15.05","33.8571","125893.0","1.9458","872.8","869.6"
"40766","2025-02-28 00:00:00","1403-12-10 00:00:00","-9.2","8.5","0.0","10.6","6","290","-0.3","-15.35","34.625","1018.45","1.917","872.2","867.5"
"40766","2025-03-01 00:00:00","1403-12-11 00:00:00","-7.3","9.6","0.0","9.0","7","290","1.2","-12.0625","38.5","1016.77","2.5014","869.2","866.4"
"40766","2025-03-02 00:00:00","1403-12-12 00:00:00","-2.4","9.4","0.0","","7","290","3.5","-10.6125","38.875","1019.73","2.79224","872.2","868.4"
"40766","2025-03-03 00:00:00","1403-12-13 00:00:00","-7.0","13.2","0.0","8.8","7","210","3.1","-14.6","34.0","1021.24","2.17679","874.3","870.2"
"40766","2025-03-04 00:00:00","1403-12-14 00:00:00","-1.2","16.6","0.0","5.5","8","160","7.7","-18.2375","20.625","1019.64","1.71756","871.8","869.1"
"40766","2025-03-05 00:00:00","1403-12-15 00:00:00","5.2","11.4","0.0","0.3","7","100","8.3","-3.21429","52.2857","1020.26","5.23371","872.3","869.3"
"40766","2025-03-06 00:00:00","1403-12-16 00:00:00","4.0","14.9","","5.0","6","70","9.4","4.1125","76.375","1021.89","8.20066","873.9","871.2"
"40766","2025-03-07 00:00:00","1403-12-17 00:00:00","2.9","13.0","8.0","0.6","7","200","7.9","5.7625","85.0","1019.82","9.28794","873.1","866.8"
"40766","2025-03-08 00:00:00","1403-12-18 00:00:00","6.5","14.6","11.1","3.5","8","210","10.6","3.925","71.0","1013.19","8.1352","866.8","863.2"
"40766","2025-03-09 00:00:00","1403-12-19 00:00:00","4.3","7.9","17.5","0.0","5","150","6.1","4.8625","91.0","1014.6","8.66907","868.2","863.8"
"40766","2025-03-10 00:00:00","1403-12-20 00:00:00","5.4","9.8","","0.0","9","210","7.6","5.85","90.25","1018.95","9.26925","871.9","867.4"
"40766","2025-03-11 00:00:00","1403-12-21 00:00:00","4.2","14.3","1.1","2.4","9","210","9.3","5.25","80.5","1021.96","8.89984","873.8","871.4"
"40766","2025-03-12 00:00:00","1403-12-22 00:00:00","2.6","17.1","0.0","9.3","4","190","9.9","3.125","68.125","1022.27","7.68968","874.5","871.6"
"40766","2025-03-13 00:00:00","1403-12-23 00:00:00","1.9","19.8","0.0","9.7","6","230","10.8","-0.0625","53.5","1022.29","6.1783","874.8","871.6"
"40766","2025-03-14 00:00:00","1403-12-24 00:00:00","1.8","22.4","0.0","10.7","4","90","12.1","-2.5375","45.0","1021.76","5.21751","874.2","870.7"
"40766","2025-03-15 00:00:00","1403-12-25 00:00:00","2.7","22.6","0.0","8.1","5","120","12.7","-2.85714","35.7143","1022.33","5.07297","874.0","871.7"
"40766","2025-03-16 00:00:00","1403-12-26 00:00:00","3.7","22.8","0.0","10.3","3","190","13.3","-2.625","36.25","1022.52","5.1409","874.9","871.5"
"40766","2025-03-17 00:00:00","1403-12-27 00:00:00","3.6","23.2","0.0","10.6","6","280","13.4","-3.1875","37.0","1020.08","4.98391","872.6","868.4"
"40766","2025-03-18 00:00:00","1403-12-28 00:00:00","3.7","23.0","0.0","9.5","7","210","13.4","-2.2625","38.75","1018.83","5.37399","871.3","868.2"
"40766","2025-03-19 00:00:00","1403-12-29 00:00:00","6.5","23.2","0.0","9.8","10","190","14.9","-1.9625","31.5","1016.96","5.3059","869.7","866.0"
"40766","2025-03-20 00:00:00","1403-12-30 00:00:00","15.0","22.6","0.1","2.8","14","170","18.8","4.2375","44.0","1015.45","8.47519","867.7","865.5"
"40766","2025-03-21 00:00:00","1404-01-01 00:00:00","10.1","15.3","","0.0","10","160","12.7","8.2125","78.125","1015.92","10.944","869.0","866.1"
"40766","2025-03-22 00:00:00","1404-01-02 00:00:00","7.4","16.9","14.0","7.4","10","200","12.1","0.875","57.125","1016.71","6.7174","870.2","866.5"
"40766","2025-03-23 00:00:00","1404-01-03 00:00:00","1.4","14.8","0.0","10.9","8","280","8.1","-4.05","47.375","1020.67","4.56655","872.5","870.2"
"40766","2025-03-24 00:00:00","1404-01-04 00:00:00","0.0","13.5","0.0","10.8","6","290","6.8","-5.7","44.0","1022.15","4.10023","873.9","871.9"
"40766","2025-03-25 00:00:00","1404-01-05 00:00:00","-1.0","15.3","0.0","11.0","5","90","7.2","-5.5125","43.5","1021.95","4.12109","874.9","871.4"
"40766","2025-03-26 00:00:00","1404-01-06 00:00:00","0.5","17.2","0.0","9.0","5","190","8.9","-6.4125","33.0","125891.0","3.81613","871.1","867.8"
"40766","2025-03-27 00:00:00","1404-01-07 00:00:00","2.2","20.8","0.0","8.4","5","280","11.5","-3.4375","38.125","1018.58","4.80817","871.3","868.3"
"40766","2025-03-28 00:00:00","1404-01-08 00:00:00","3.3","21.5","0.0","9.3","6","280","12.4","-0.5375","41.0","1019.01","5.91882","871.8","868.5"
"40766","2025-03-29 00:00:00","1404-01-09 00:00:00","5.2","22.5","0.0","9.5","5","210","13.9","1.44286","45.0","1018.48","6.83702","871.2","867.9"
"40766","2025-03-30 00:00:00","1404-01-10 00:00:00","8.2","23.6","0.0","4.3","7","190","15.9","-1.42857","34.0","1018.22","5.68233","870.4","867.9"
"40766","2025-03-31 00:00:00","1404-01-11 00:00:00","11.2","20.2","6.1","3.3","10","190","15.7","6.7","62.0","1019.66","10.1868","872.2","869.1"
"40766","2025-04-01 00:00:00","1404-01-12 00:00:00","9.1","25.5","0.0","10.0","8","210","17.3","4.2875","49.0","1020.33","8.60711","872.5","870.4"
"40766","2025-04-02 00:00:00","1404-01-13 00:00:00","11.7","25.2","3.7","5.0","13","270","18.5","5.925","49.0","1018.28","9.44287","871.7","867.0"
"40766","2025-04-03 00:00:00","1404-01-14 00:00:00","12.1","23.7","5.9","4.8","8","220","17.9","9.6375","64.5","1017.75","12.0048","870.2","867.6"
"40766","2025-04-04 00:00:00","1404-01-15 00:00:00","12.0","18.3","3.2","0.2","7","140","15.1","10.625","77.5","1017.94","12.8209","870.1","867.9"
"40766","2025-04-05 00:00:00","1404-01-16 00:00:00","11.7","20.9","2.51","5.1","11","170","16.3","8.9","62.75","1016.05","11.4294","869.5","865.1"
"40766","2025-04-06 00:00:00","1404-01-17 00:00:00","8.1","23.1","0.2","7.2","9","200","15.6","5.9125","54.75","1019.98","9.42897","872.3","869.3"
"40766","2025-04-07 00:00:00","1404-01-18 00:00:00","8.2","22.3","0.3","2.2","7","190","15.3","6.9625","58.875","1021.88","9.98869","874.1","870.8"
"40766","2025-04-08 00:00:00","1404-01-19 00:00:00","8.7","24.5","0.0","10.5","5","130","16.6","7.275","59.875","1023.55","10.2293","875.9","872.7"
"40766","2025-04-09 00:00:00","1404-01-20 00:00:00","7.9","27.1","0.0","9.6","7","150","17.5","4.7125","46.625","1019.84","8.63313","873.4","867.5"
"40766","2025-04-10 00:00:00","1404-01-21 00:00:00","13.5","27.2","0.1","4.8","17","180","20.4","4.5625","38.5","1011.5","8.53702","866.5","861.0"
"40766","2025-04-11 00:00:00","1404-01-22 00:00:00","9.5","21.9","1.0","10.5","8","300","15.7","-4.075","32.25","1010.64","5.00411","864.3","860.9"
"40766","2025-04-12 00:00:00","1404-01-23 00:00:00","6.0","16.3","0.0","5.5","7","280","11.1","-2.55","44.0","1012.78","5.20137","866.0","861.9"
"40766","2025-04-13 00:00:00","1404-01-24 00:00:00","1.8","21.0","0.0","11.2","10","210","11.4","-3.225","41.25","1016.39","4.9484","869.4","865.9"
"40766","2025-04-14 00:00:00","1404-01-25 00:00:00","3.9","24.8","0.0","9.2","14","190","14.3","-4.475","29.125","1013.43","4.47855","868.4","861.4"
"40766","2025-04-15 00:00:00","1404-01-26 00:00:00","8.3","20.2","0.0","10.0","18","200","14.3","-1.6","40.75","1015.55","5.55334","869.1","865.7"
"40766","2025-04-16 00:00:00","1404-01-27 00:00:00","2.7","16.6","0.0","9.0","7","300","9.7","-5.525","37.25","1018.35","4.13493","870.4","868.8"
"40766","2025-04-17 00:00:00","1404-01-28 00:00:00","1.4","17.6","0.0","11.8","6","210","9.5","-5.35","38.25","1018.92","4.22965","871.3","868.8"
"40766","2025-04-18 00:00:00","1404-01-29 00:00:00","1.9","18.7","0.0","11.0","7","200","10.3","-5.4125","35.125","1018.01","4.12829","871.0","867.3"
"40766","2025-04-19 00:00:00","1404-01-30 00:00:00","2.8","22.0","0.0","11.0","3","270","12.4","-4.2","35.5","1017.09","4.57318","869.6","867.1"
"40766","2025-04-20 00:00:00","1404-01-31 00:00:00","4.2","24.6","0.0","11.3","6","200","14.4","-3.0","33.375","1017.0","5.03426","869.6","867.0"
"40766","2025-04-21 00:00:00","1404-02-01 00:00:00","5.1","25.9","0.0","10.0","7","200","15.5","-1.625","33.875","1018.59","5.5241","870.6","868.6"
"40766","2025-04-22 00:00:00","1404-02-02 00:00:00","8.5","27.1","0.0","10.3","6","180","17.8","1.0875","35.625","1020.88","6.70338","873.0","870.4"
"40766","2025-04-23 00:00:00","1404-02-03 00:00:00","8.9","29.5","0.0","11.2","11","190","19.2","1.3625","33.75","1020.11","6.84455","872.2","869.1"
"40766","2025-04-24 00:00:00","1404-02-04 00:00:00","9.8","29.3","0.0","6.7","8","280","19.5","1.5625","33.375","1018.88","6.8938","871.6","868.5"
"40766","2025-04-25 00:00:00","1404-02-05 00:00:00","11.8","28.9","0.0","0.0","17","260","20.4","3.2125","34.75","1018.0","7.81724","870.0","868.1"
"40766","2025-04-26 00:00:00","1404-02-06 00:00:00","14.0","20.8","","0.3","6","260","17.4","8.875","57.0","1018.72","11.6","871.9","868.2"
"40766","2025-04-27 00:00:00","1404-02-07 00:00:00","14.7","26.1","0.2","1.5","8","110","20.4","8.85","52.125","1017.34","11.452","869.5","867.7"
"40766","2025-04-28 00:00:00","1404-02-08 00:00:00","12.7","27.9","0.0","1.2","10","280","20.3","6.575","49.625","1016.82","9.95591","869.2","867.2"
"40766","2025-04-29 00:00:00","1404-02-09 00:00:00","13.6","25.5","0.3","3.0","11","190","19.5","8.125","53.5","1016.49","10.9092","870.2","866.7"
"40766","2025-04-30 00:00:00","1404-02-10 00:00:00","11.1","28.7","2.0","9.5","5","180","19.9","4.775","41.125","1017.71","8.7107","870.1","867.6"
"40766","2025-05-01 00:00:00","1404-02-11 00:00:00","10.4","30.4","0.0","10.1","8","210","20.4","3.875","38.125","1018.45","8.28053","871.5","867.8"
"40766","2025-05-02 00:00:00","1404-02-12 00:00:00","14.0","31.2","0.0","7.2","11","210","22.6","4.3875","33.875","1017.36","8.45364","870.1","867.0"
"40766","2025-05-03 00:00:00","1404-02-13 00:00:00","14.4","32.8","0.7","7.5","12","190","23.6","5.7375","37.25","1015.75","9.38434","869.1","865.1"
"40766","2025-05-04 00:00:00","1404-02-14 00:00:00","17.6","32.1","0.5","5.6","12","190","24.8","4.525","27.875","1013.62","8.5334","867.6","863.1"
"40766","2025-05-05 00:00:00","1404-02-15 00:00:00","15.0","29.4","3.2","10.5","16","180","22.2","1.675","31.5","1014.06","7.49516","868.0","863.9"
"40766","2025-05-06 00:00:00","1404-02-16 00:00:00","8.4","24.0","0.0","10.6","7","300","16.2","0.7625","36.125","1018.08","6.51285","870.4","868.0"
"40766","2025-05-07 00:00:00","1404-02-17 00:00:00","7.7","24.6","0.0","12.4","7","260","16.1","2.125","40.75","1017.97","7.16424","870.3","867.5"
"40766","2025-05-08 00:00:00","1404-02-18 00:00:00","6.7","27.7","0.0","12.2","5","80","17.2","-0.275","32.75","1016.65","6.10247","869.1","866.5"
"40766","2025-05-09 00:00:00","1404-02-19 00:00:00","7.4","29.7","0.0","12.3","7","290","18.6","-0.9125","29.0","1017.27","5.82514","869.6","867.5"
"40766","2025-05-10 00:00:00","1404-02-20 00:00:00","8.9","30.5","0.0","12.2","7","290","19.7","-1.3375","26.625","1017.47","5.6856","869.7","867.0"
"40766","2025-05-11 00:00:00","1404-02-21 00:00:00","9.5","31.4","0.0","12.2","6","200","20.5","-3.675","25.0","1016.89","4.96463","870.0","866.4"
"40766","2025-05-12 00:00:00","1404-02-22 00:00:00","10.9","33.0","0.0","7.5","13","200","22.0","-4.8125","17.75","1012.85","4.38091","867.6","862.3"
"40766","2025-05-13 00:00:00","1404-02-23 00:00:00","15.6","32.1","0.0","7.0","10","190","23.8","-1.325","20.125","1011.02","5.67753","863.9","861.7"
"40766","2025-05-14 00:00:00","1404-02-24 00:00:00","17.8","29.1","0.0","10.2","7","190","23.5","-0.525","24.875","1014.07","6.08973","867.3","863.6"
"40766","2025-05-15 00:00:00","1404-02-25 00:00:00","12.0","24.5","12.0","5.5","10","290","18.3","7.85","56.0","1016.86","10.8109","870.2","866.2"
"40766","2025-05-16 00:00:00","1404-02-26 00:00:00","8.9","26.7","0.0","12.4","6","200","17.8","-0.157143","35.4286","1019.5","6.33054","871.3","868.7"
"40766","2025-05-17 00:00:00","1404-02-27 00:00:00","8.1","30.5","0.0","12.7","5","210","19.3","1.0125","34.625","1018.88","6.54953","871.1","868.6"
"40766","2025-05-18 00:00:00","1404-02-28 00:00:00","9.1","34.3","0.0","12.3","6","290","21.7","1.125","27.5","1019.5","6.79454","871.7","869.2"
"40766","2025-05-19 00:00:00","1404-02-29 00:00:00","13.8","35.9","0.0","11.6","8","280","24.9","2.175","27.0","1019.2","7.31314","873.1","868.6"
"40766","2025-05-20 00:00:00","1404-02-30 00:00:00","12.4","35.1","0.0","12.0","7","290","23.8","-2.4125","21.125","1017.91","5.39657","870.2","867.9"
"40766","2025-05-21 00:00:00","1404-02-31 00:00:00","11.7","36.2","0.0","12.0","8","280","24.0","-3.2375","19.375","1017.23","4.9578","869.4","866.9"
"40766","2025-05-22 00:00:00","1404-03-01 00:00:00","12.9","35.9","0.0","12.3","7","300","24.4","-5.8875","18.0","1016.7","4.42741","869.2","867.0"
"40766","2025-05-23 00:00:00","1404-03-02 00:00:00","12.0","35.7","0.0","10.8","6","260","23.9","-7.4","15.25","1014.06","3.76844","868.2","863.1"
"40766","2025-05-24 00:00:00","1404-03-03 00:00:00","9.4","33.0","0.0","6.9","6","290","21.2","-0.625","20.625","1008.63","5.96809","861.7","858.6"
"40766","2025-05-25 00:00:00","1404-03-04 00:00:00","13.2","33.4","0.0","11.1","6","110","23.3","0.475","24.375","1011.67","6.50366","865.5","862.0"
"40766","2025-05-26 00:00:00","1404-03-05 00:00:00","14.3","33.0","0.0","12.4","7","210","23.6","-1.2375","22.25","1014.78","5.8011","868.3","864.9"
"40766","2025-05-27 00:00:00","1404-03-06 00:00:00","14.7","33.6","0.0","12.0","7","200","24.1","-3.025","17.0","1013.69","4.96514","867.8","863.0"
"40766","2025-05-28 00:00:00","1404-03-07 00:00:00","14.5","35.0","0.0","10.6","11","190","24.8","-4.7","16.875","1012.71","4.54102","865.7","863.2"
"40766","2025-05-29 00:00:00","1404-03-08 00:00:00","16.9","35.4","0.0","11.0","9","230","26.2","-8.7","12.0","1011.41","3.48551","864.5","860.8"
"40766","2025-05-30 00:00:00","1404-03-09 00:00:00","15.1","30.7","0.0","12.1","8","290","22.9","-13.1625","10.5","1014.84","2.59274","868.2","864.6"
"40766","2025-05-31 00:00:00","1404-03-10 00:00:00","10.0","34.5","0.0","13.0","6","90","22.3","-15.75","12.0","1016.82","2.40799","869.2","866.6"
"40766","2025-06-01 00:00:00","1404-03-11 00:00:00","10.6","37.3","0.0","12.5","8","210","24.0","-22.0625","10.5","1016.22","1.70121","869.0","866.2"
"40766","2025-06-02 00:00:00","1404-03-12 00:00:00","12.9","34.9","0.0","12.4","8","290","23.9","-10.775","9.625","1015.24","2.79291","867.9","865.5"
"40766","2025-06-03 00:00:00","1404-03-13 00:00:00","15.8","31.7","0.0","12.3","10","290","23.8","-5.825","15.75","1012.17","4.10461","865.6","862.1"
"40766","2025-06-04 00:00:00","1404-03-14 00:00:00","10.3","29.6","0.0","12.5","6","290","20.0","-6.9","17.75","1011.0","4.02847","864.0","861.2"
"40766","2025-06-05 00:00:00","1404-03-15 00:00:00","13.0","29.4","0.0","10.9","7","280","21.2","-1.8625","21.875","1013.48","5.39359","867.0","863.0"
"40766","2025-06-06 00:00:00","1404-03-16 00:00:00","11.8","30.6","0.0","11.6","6","190","21.2","-4.0","18.25","1014.91","4.59289","868.2","864.4"
"40766","2025-06-07 00:00:00","1404-03-17 00:00:00","12.4","31.1","0.0","12.0","6","300","21.8","-5.65714","16.7143","1014.56","4.11381","866.8","865.0"
"40766","2025-06-08 00:00:00","1404-03-18 00:00:00","13.2","31.1","0.0","12.5","6","200","22.1","-4.1875","17.875","1016.05","4.67486","869.4","865.7"
"40766","2025-06-09 00:00:00","1404-03-19 00:00:00","13.0","32.7","0.11","7.7","7","220","22.9","-4.7625","16.875","1014.61","4.33557","866.9","865.2"
"40766","2025-06-10 00:00:00","1404-03-20 00:00:00","15.0","34.0","0.0","10.0","11","200","24.5","-4.375","16.625","1013.58","4.48093","866.9","863.8"
"40766","2025-06-11 00:00:00","1404-03-21 00:00:00","12.9","35.2","0.0","10.8","7","190","24.0","-4.325","15.25","1014.17","4.53158","867.0","864.1"
"40766","2025-06-12 00:00:00","1404-03-22 00:00:00","14.8","35.9","0.0","12.0","5","280","25.4","-6.675","12.875","1016.12","3.90403","868.6","866.5"
"40766","2025-06-13 00:00:00","1404-03-23 00:00:00","16.2","37.4","0.0","4.9","7","200","26.8","-5.85","12.625","1016.77","4.10551","869.8","866.7"
"40766","2025-06-14 00:00:00","1404-03-24 00:00:00","16.0","39.0","0.0","11.0","5","100","27.5","1.35714","20.2","143727.0","4.9573","872.5","865.0"
"40766","2025-06-15 00:00:00","1404-03-25 00:00:00","12.9","38.6","0.0","","6","290","25.8","-1.1375","18.625","1013.16","6.19322","866.4","863.4"
"40766","2025-06-16 00:00:00","1404-03-26 00:00:00","17.5","39.4","0.0","","9","210","28.5","-12.2875","7.75","1009.57","2.52481","862.9","860.4"
"40766","2025-06-17 00:00:00","1404-03-27 00:00:00","11.4","34.1","0.0","","7","300","22.8","-13.4","11.4","1010.92","2.68605","863.2","862.0"
"40766","2025-06-18 00:00:00","1404-03-28 00:00:00","11.3","34.7","0.0","","8","290","23.0","-7.6375","11.25","1012.92","3.53983","865.6","863.4"
"40766","2025-06-19 00:00:00","1404-03-29 00:00:00","11.3","35.1","0.0","","4","280","23.2","-12.1625","10.25","1011.66","2.71594","865.0","862.1"
"40766","2025-06-20 00:00:00","1404-03-30 00:00:00","15.1","37.0","0.0","","5","150","26.0","-5.325","12.375","1011.24","4.11866","865.0","861.7"
"40766","2025-06-21 00:00:00","1404-03-31 00:00:00","16.5","37.7","0.0","","7","300","27.1","-12.5375","8.375","1011.5","2.63074","865.2","861.9"
"40766","2025-06-22 00:00:00","1404-04-01 00:00:00","14.7","38.0","0.0","","7","290","26.4","-19.025","11.1667","1011.64","2.16877","865.9","861.2"
"40766","2025-06-23 00:00:00","1404-04-02 00:00:00","15.0","37.6","0.0","","8","290","26.3","-14.0625","7.75","1010.08","2.2519","863.2","860.4"
"40766","2025-06-24 00:00:00","1404-04-03 00:00:00","17.2","35.8","0.0","","7","280","26.5","-8.78571","9.57143","1009.19","3.10305","863.0","859.6"
"40766","2025-06-25 00:00:00","1404-04-04 00:00:00","14.7","37.5","0.0","","8","200","26.1","-5.275","14.125","1008.46","4.37347","862.0","858.9"
"40766","2025-06-26 00:00:00","1404-04-05 00:00:00","18.8","38.5","0.0","11.0","6","280","28.6","-2.925","13.875","1009.2","5.1544","863.0","859.9"
"40766","2025-06-27 00:00:00","1404-04-06 00:00:00","18.0","39.3","0.0","11.8","6","190","28.6","-13.9","9.25","1008.53","3.016","862.1","859.6"
"40766","2025-06-28 00:00:00","1404-04-07 00:00:00","17.3","39.6","0.0","12.0","5","200","28.4","-7.0625","11.25","1007.08","4.10692","861.2","857.5"
"40766","2025-06-29 00:00:00","1404-04-08 00:00:00","18.4","38.7","0.0","12.1","7","300","28.5","-8.975","9.5","1006.18","3.44176","859.4","858.0"
"40766","2025-06-30 00:00:00","1404-04-09 00:00:00","18.2","40.0","0.0","12.2","6","250","29.1","-10.4","8.875","1006.18","3.10772","860.1","857.0"
"40766","2025-07-01 00:00:00","1404-04-10 00:00:00","22.0","38.2","0.0","10.5","8","280","30.1","-5.8875","11.75","1007.23","4.19142","861.0","858.2"
"40766","2025-07-02 00:00:00","1404-04-11 00:00:00","14.9","39.0","0.0","12.0","10","210","27.0","-6.75","12.25","1007.35","3.78461","860.7","858.0"
"40766","2025-07-03 00:00:00","1404-04-12 00:00:00","15.4","37.3","0.0","11.8","8","290","26.3","-5.8625","12.5","1007.97","4.06032","861.2","859.2"
"40766","2025-07-04 00:00:00","1404-04-13 00:00:00","16.9","37.0","0.0","5.5","8","290","27.0","-10.0","10.5","1008.9","3.20648","862.3","859.9"
"40766","2025-07-05 00:00:00","1404-04-14 00:00:00","14.7","36.3","0.0","8.9","11","290","25.5","-12.875","9.0","1009.35","2.56869","862.6","859.9"
"40766","2025-07-06 00:00:00","1404-04-15 00:00:00","14.1","37.2","0.0","12.4","6","270","25.7","-16.65","10.5","1007.32","2.72536","861.1","857.9"
"40766","2025-07-07 00:00:00","1404-04-16 00:00:00","17.7","35.9","0.0","12.3","8","190","26.8","2.2375","20.375","1006.69","7.24786","860.5","857.7"
"40766","2025-07-08 00:00:00","1404-04-17 00:00:00","21.5","36.3","0.0","11.8","5","120","28.9","3.425","22.125","1007.21","7.954","861.2","858.0"
"40766","2025-07-09 00:00:00","1404-04-18 00:00:00","18.4","36.8","0.0","11.9","9","210","27.6","0.5125","19.0","1007.18","6.71519","860.8","858.0"
"40766","2025-07-10 00:00:00","1404-04-19 00:00:00","19.5","36.9","0.0","10.7","6","200","28.2","1.8","20.375","1008.06","7.25254","861.4","859.4"
"40766","2025-07-11 00:00:00","1404-04-20 00:00:00","19.1","38.6","0.0","0.4","6","200","28.8","1.075","17.875","1010.01","6.902","863.0","860.9"
"40766","2025-07-12 00:00:00","1404-04-21 00:00:00","20.0","41.0","0.0","11.8","8","200","30.5","-0.6","14.25","1011.66","6.07228","864.7","862.1"
"40766","2025-07-13 00:00:00","1404-04-22 00:00:00","22.0","40.6","0.0","10.4","7","270","31.3","3.3625","17.125","1012.88","7.88353","866.3","863.4"
"40766","2025-07-14 00:00:00","1404-04-23 00:00:00","24.1","39.2","0.0","9.6","8","190","31.7","5.5375","21.0","1011.54","9.15825","864.8","862.1"
"40766","2025-07-15 00:00:00","1404-04-24 00:00:00","24.0","35.3","0.0","0.0","6","190","29.6","6.9","24.25","1010.53","9.95557","863.5","861.6"
"40766","2025-07-16 00:00:00","1404-04-25 00:00:00","23.9","36.3","0.6","2.5","18","280","30.1","13.1375","51.0","1012.48","15.5435","866.1","862.7"
"40766","2025-07-17 00:00:00","1404-04-26 00:00:00","16.1","38.0","","11.8","8","290","27.0","1.0125","31.875","1013.42","8.35601","866.5","864.0"
"40766","2025-07-18 00:00:00","1404-04-27 00:00:00","17.0","39.8","0.0","11.2","9","200","28.4","-3.3125","14.75","1011.61","5.01507","864.9","861.8"
"40766","2025-07-19 00:00:00","1404-04-28 00:00:00","18.1","41.0","0.0","12.2","10","200","29.5","-8.6625","14.0","1009.85","4.14379","863.3","860.2"
"40766","2025-07-20 00:00:00","1404-04-29 00:00:00","19.0","42.2","0.0","11.5","11","210","30.6","-6.04286","13.1429","1008.7","4.50293","862.0","859.5"
"40766","2025-07-21 00:00:00","1404-04-30 00:00:00","19.4","43.1","0.0","11.7","10","210","31.3","-5.6625","12.625","1009.64","4.64613","863.0","860.1"
"40766","2025-07-22 00:00:00","1404-04-31 00:00:00","21.0","42.4","0.0","9.7","7","280","31.7","-7.4625","8.28571","125883.0","3.56663","863.6","860.0"
"40766","2025-07-23 00:00:00","1404-05-01 00:00:00","19.4","42.8","0.0","12.2","7","280","31.1","-8.0","8.5","1007.36","3.43543","861.6","857.3"
"40766","2025-07-24 00:00:00","1404-05-02 00:00:00","22.5","41.5","0.0","11.5","9","90","32.0","-14.9","5.25","1006.37","2.23391","860.3","857.3"
"40766","2025-07-25 00:00:00","1404-05-03 00:00:00","24.8","41.5","0.0","11.4","8","120","33.2","-20.1","3.85714","1007.42","1.59675","861.0","858.6"
"40766","2025-07-26 00:00:00","1404-05-04 00:00:00","23.1","41.4","0.0","9.5","7","190","32.3","-14.3857","4.42857","1009.19","2.10972","862.2","860.6"
"40766","2025-07-27 00:00:00","1404-05-05 00:00:00","22.1","41.1","0.0","8.0","7","210","31.6","-7.6","9.0","1009.99","3.72931","863.6","860.9"
"40766","2025-07-28 00:00:00","1404-05-06 00:00:00","21.5","40.9","0.0","6.3","7","290","31.2","-3.9","11.0","1009.51","4.72089","862.6","860.5"
"40766","2025-07-29 00:00:00","1404-05-07 00:00:00","20.8","41.1","0.0","6.0","6","210","30.9","-4.6125","11.375","1010.45","4.62593","863.6","861.4"
"40766","2025-07-30 00:00:00","1404-05-08 00:00:00","23.1","41.5","0.0","12.0","8","300","32.3","-2.3625","11.375","1011.4","5.24284","864.6","861.9"
"40766","2025-07-31 00:00:00","1404-05-09 00:00:00","20.9","42.2","0.0","8.1","8","190","31.5","-1.9","11.5714","1009.02","5.35541","863.1","859.4"
"40766","2025-08-01 00:00:00","1404-05-10 00:00:00","22.1","41.6","0.0","6.1","7","70","31.8","1.05","15.5","1009.08","6.73492","862.5","859.9"
"40766","2025-08-02 00:00:00","1404-05-11 00:00:00","20.8","42.4","0.0","10.2","9","200","31.6","0.4","15.25","1011.11","6.39477","864.0","861.6"
"40766","2025-08-03 00:00:00","1404-05-12 00:00:00","22.3","42.2","0.0","10.1","7","220","32.3","-0.0375","14.625","1011.85","6.2907","864.8","862.2"
"40766","2025-08-04 00:00:00","1404-05-13 00:00:00","21.2","42.5","0.0","11.3","7","280","31.9","-5.025","13.25","1012.58","5.20742","865.7","862.7"
"40766","2025-08-05 00:00:00","1404-05-14 00:00:00","24.2","43.2","0.0","6.5","8","290","33.7","-3.5875","11.5","1012.84","5.16418","865.9","863.2"
"40766","2025-08-06 00:00:00","1404-05-15 00:00:00","25.0","43.3","0.0","8.0","6","110","34.2","-9.3375","7.875","1012.68","3.40141","865.8","862.4"
"40766","2025-08-07 00:00:00","1404-05-16 00:00:00","23.3","42.2","0.0","7.2","9","200","32.8","-4.1875","10.5","1012.9","4.62715","866.1","863.4"
"40766","2025-08-08 00:00:00","1404-05-17 00:00:00","21.1","40.3","0.0","3.5","14","200","30.7","-3.65","11.25","1013.7","4.72495","866.7","864.3"
"40766","2025-08-09 00:00:00","1404-05-18 00:00:00","24.3","40.4","0.0","10.4","6","210","32.3","-6.125","9.25","1015.42","4.02604","868.0","865.4"
"40766","2025-08-10 00:00:00","1404-05-19 00:00:00","20.7","40.1","0.0","8.0","13","200","30.4","-3.1","11.25","1014.54","4.99992","867.7","864.6"
"40766","2025-08-11 00:00:00","1404-05-20 00:00:00","19.5","39.8","0.0","11.6","7","290","29.6","-5.425","10.25","1014.64","4.13728","867.3","865.2"
"40766","2025-08-12 00:00:00","1404-05-21 00:00:00","19.0","39.0","0.0","11.5","7","290","29.0","-4.0625","12.125","1015.1","4.65336","867.9","865.2"
"40766","2025-08-13 00:00:00","1404-05-22 00:00:00","18.6","39.6","0.0","11.2","7","290","29.1","-5.7125","10.625","1013.66","4.04413","866.9","863.4"
"40766","2025-08-14 00:00:00","1404-05-23 00:00:00","19.8","41.0","0.0","10.3","7","190","30.4","-1.9625","13.25","1011.96","5.61067","865.9","861.9"
"40766","2025-08-15 00:00:00","1404-05-24 00:00:00","21.4","41.3","0.0","7.1","11","200","31.3","-2.4875","12.875","1009.85","5.3976","863.6","860.1"
"40766","2025-08-16 00:00:00","1404-05-25 00:00:00","19.2","39.8","0.0","11.1","12","180","29.5","-1.91429","13.2857","1009.06","5.44331","862.8","860.2"
"40766","2025-08-17 00:00:00","1404-05-26 00:00:00","17.6","39.6","0.0","11.3","6","290","28.6","-6.4625","10.125","1011.54","3.85773","864.5","862.2"
"40766","2025-08-18 00:00:00","1404-05-27 00:00:00","17.6","41.6","0.0","10.2","8","210","29.6","-5.6625","10.0","1011.76","4.1154","865.5","861.9"
"40766","2025-08-19 00:00:00","1404-05-28 00:00:00","20.3","42.8","0.0","11.7","8","200","31.5","-2.3375","12.375","1010.52","5.25011","864.3","860.4"
"40766","2025-08-20 00:00:00","1404-05-29 00:00:00","19.3","42.4","0.0","11.0","12","200","30.9","-0.125","16.375","1008.73","6.20889","862.2","859.4"
"40766","2025-08-21 00:00:00","1404-05-30 00:00:00","18.7","41.3","0.0","11.5","13","190","30.0","-2.7125","15.375","1010.05","5.29547","863.5","861.2"
"40766","2025-08-22 00:00:00","1404-05-31 00:00:00","16.5","39.8","0.0","10.9","9","210","28.1","-7.0","16.2857","1011.34","4.61143","865.0","861.5"
"40766","2025-08-23 00:00:00","1404-06-01 00:00:00","16.5","39.8","0.0","11.8","6","190","28.1","-2.2","15.0","1010.07","5.30131","863.7","860.3"
"40766","2025-08-24 00:00:00","1404-06-02 00:00:00","17.6","40.6","0.0","11.5","6","210","29.1","-1.8125","14.5714","125884.0","5.4971","863.6","861.1"
"40766","2025-08-25 00:00:00","1404-06-03 00:00:00","18.4","41.6","0.0","11.3","7","290","30.0","-4.1125","12.75","1010.84","4.69447","864.5","861.1"
"40766","2025-08-26 00:00:00","1404-06-04 00:00:00","18.8","42.0","0.0","11.0","9","290","30.4","-1.35","13.625","1011.23","5.57515","864.7","861.4"
"40766","2025-08-27 00:00:00","1404-06-05 00:00:00","18.9","41.0","0.0","11.2","7","120","30.0","-4.65","12.125","1012.11","4.5035","865.3","862.0"
"40766","2025-08-28 00:00:00","1404-06-06 00:00:00","21.0","40.2","0.0","11.2","5","270","30.6","-4.2375","12.375","1013.78","4.78812","866.9","863.8"
"40766","2025-08-29 00:00:00","1404-06-07 00:00:00","18.7","39.2","0.0","10.9","5","190","29.0","-6.275","11.875","1014.27","4.0439","867.7","864.1"
"40766","2025-08-30 00:00:00","1404-06-08 00:00:00","20.3","39.1","0.0","10.3","6","90","29.7","-2.7375","12.625","1014.8","5.05898","867.9","864.8"
"40766","2025-08-31 00:00:00","1404-06-09 00:00:00","20.1","39.2","0.0","11.0","7","280","29.7","-2.5","13.375","1013.94","5.21081","867.6","864.0"
"40766","2025-09-01 00:00:00","1404-06-10 00:00:00","17.5","39.1","0.0","11.0","7","110","28.3","-2.7375","15.625","1010.29","5.20519","864.5","860.2"
"40766","2025-09-02 00:00:00","1404-06-11 00:00:00","17.3","38.2","0.0","11.0","8","280","27.8","-0.5625","17.875","1008.7","6.03654","862.4","859.0"
"40766","2025-09-03 00:00:00","1404-06-12 00:00:00","17.9","39.0","0.0","10.8","12","200","28.5","0.9625","19.25","1009.71","6.77059","863.4","860.0"
"40766","2025-09-04 00:00:00","1404-06-13 00:00:00","17.4","37.3","0.0","10.8","9","200","27.3","0.7875","20.875","1013.02","6.61014","866.7","863.0"
"40766","2025-09-05 00:00:00","1404-06-14 00:00:00","15.8","35.9","0.0","9.8","8","290","25.9","-2.2375","16.75","1016.29","5.28022","868.9","866.3"
"40766","2025-09-06 00:00:00","1404-06-15 00:00:00","15.4","35.5","0.0","11.2","7","290","25.5","-2.1625","16.625","1017.02","5.31417","870.1","866.8"
"40766","2025-09-07 00:00:00","1404-06-16 00:00:00","13.4","35.8","0.0","11.3","8","280","24.6","-4.4125","16.25","1015.01","4.61166","867.9","865.0"
"40766","2025-09-08 00:00:00","1404-06-17 00:00:00","14.1","35.6","0.0","10.4","7","290","24.8","-5.42857","12.7143","1013.56","4.13168","866.3","863.9"
"40766","2025-09-09 00:00:00","1404-06-18 00:00:00","13.9","36.3","0.0","11.1","7","290","25.1","-5.075","13.5","1014.43","4.16845","866.9","864.8"
"40766","2025-09-10 00:00:00","1404-06-19 00:00:00","13.7","35.1","0.0","11.0","7","290","24.4","-2.2875","17.75","1015.01","5.29829","867.6","865.0"
"40766","2025-09-11 00:00:00","1404-06-20 00:00:00","12.4","33.2","0.0","11.3","7","290","22.8","-1.87143","21.0","1014.65","5.414","867.4","865.3"
"40766","2025-09-12 00:00:00","1404-06-21 00:00:00","14.0","32.4","0.0","10.2","7","290","23.2","-2.95","18.75","1015.51","5.01146","868.1","865.8"
"40766","2025-09-13 00:00:00","1404-06-22 00:00:00","11.3","33.5","0.0","10.7","7","290","22.4","-5.8625","16.875","1015.95","4.06209","868.6","865.6"
"40766","2025-09-14 00:00:00","1404-06-23 00:00:00","12.8","35.8","0.0","10.8","6","290","24.3","-5.6625","14.75","1016.06","4.05254","868.6","865.4"
"40766","2025-09-15 00:00:00","1404-06-24 00:00:00","12.6","33.7","0.0","11.0","6","290","23.2","-6.05","15.75","1016.73","4.1342","869.1","866.1"
"40766","2025-09-16 00:00:00","1404-06-25 00:00:00","12.0","33.7","0.0","11.0","8","280","22.9","-3.65","17.375","1016.49","4.71743","870.2","866.4"
"40766","2025-09-17 00:00:00","1404-06-26 00:00:00","12.7","34.4","0.0","11.0","12","290","23.6","-3.38571","17.4286","1016.63","4.8738","869.1","866.4"
"40766","2025-09-18 00:00:00","1404-06-27 00:00:00","13.0","35.1","0.0","10.2","7","280","24.0","-2.725","17.375","1015.42","5.02942","869.0","864.9"
"40766","2025-09-19 00:00:00","1404-06-28 00:00:00","19.1","33.0","0.0","9.4","9","280","26.0","0.9875","21.0","1013.38","6.69962","866.3","864.4"
"40766","2025-09-20 00:00:00","1404-06-29 00:00:00","14.3","31.0","0.0","9.7","6","300","22.6","-5.2125","18.75","1014.12","4.40361","866.5","864.9"
"40766","2025-09-21 00:00:00","1404-06-30 00:00:00","7.4","29.9","0.0","10.6","9","210","18.6","-10.375","14.625","1014.94","2.83371","867.5","865.1"
"40766","2025-09-22 00:00:00","1404-06-31 00:00:00","8.9","29.1","0.0","10.4","6","280","19.0","-8.94286","15.0","1016.56","3.18718","869.1","867.0"
"40766","2025-09-23 00:00:00","1404-07-01 00:00:00","8.3","29.3","0.0","10.5","7","270","18.8","-5.575","20.0","1018.65","4.13939","871.9","868.0"
"40766","2025-09-24 00:00:00","1404-07-02 00:00:00","8.3","28.3","0.0","10.8","6","280","18.3","-5.24286","19.4286","1016.5","4.22762","869.9","865.7"
"40766","2025-09-25 00:00:00","1404-07-03 00:00:00","6.0","29.5","0.0","11.2","6","210","17.8","-10.5286","14.2857","1014.14","2.8082","867.6","863.9"
"40766","2025-09-26 00:00:00","1404-07-04 00:00:00","10.9","32.0","0.0","10.3","12","200","21.5","-8.6625","12.625","1014.24","3.31924","866.8","864.9"
"40766","2025-09-27 00:00:00","1404-07-05 00:00:00","13.5","30.2","0.0","10.3","5","190","21.9","-4.7125","17.375","1018.18","4.32612","871.4","866.7"
"40766","2025-09-28 00:00:00","1404-07-06 00:00:00","9.4","29.9","0.0","10.5","6","290","19.6","-3.88333","18.1667","1021.43","4.61601","873.7","870.8"
"40766","2025-09-29 00:00:00","1404-07-07 00:00:00","8.5","31.3","0.0","10.7","5","210","19.9","-5.97143","18.4286","1019.52","3.9579","872.8","868.0"
"40766","2025-09-30 00:00:00","1404-07-08 00:00:00","7.5","32.1","0.0","11.0","6","290","19.8","-7.275","17.125","1015.34","3.63239","868.6","865.0"
"40766","2025-10-01 00:00:00","1404-07-09 00:00:00","9.6","30.7","0.0","10.8","7","280","20.2","-4.31429","20.4286","1012.89","4.52101","866.0","862.8"
"40766","2025-10-02 00:00:00","1404-07-10 00:00:00","9.3","32.4","0.0","11.1","9","210","20.9","-3.6625","23.125","1013.9","4.97511","867.5","863.9"
"40766","2025-10-03 00:00:00","1404-07-11 00:00:00","9.1","32.7","0.0","9.5","9","210","20.9","-5.05","21.25","1018.32","4.38726","871.0","867.8"
"40766","2025-10-04 00:00:00","1404-07-12 00:00:00","9.6","32.3","0.0","10.3","5","190","21.0","-5.7375","18.25","1020.74","4.0373","873.4","870.3"
"40766","2025-10-05 00:00:00","1404-07-13 00:00:00","8.4","33.0","0.0","10.3","4","140","20.7","-9.375","14.125","1018.86","3.01361","871.6","867.7"
"40766","2025-10-06 00:00:00","1404-07-14 00:00:00","10.2","33.3","0.0","10.2","6","220","21.8","-10.225","12.75","1017.61","2.84093","870.0","867.5"
"40766","2025-10-07 00:00:00","1404-07-15 00:00:00","8.9","31.7","0.0","10.4","4","210","20.3","-9.3125","13.875","1018.86","3.04742","871.4","868.4"
"40766","2025-10-08 00:00:00","1404-07-16 00:00:00","9.2","30.7","0.0","10.3","8","200","20.0","-9.575","14.0","1019.3","2.97961","871.5","868.5"
"40766","2025-10-09 00:00:00","1404-07-17 00:00:00","7.8","30.6","0.0","10.0","7","200","19.2","-8.35","15.625","1020.04","3.3152","872.0","869.4"
"40766","2025-10-10 00:00:00","1404-07-18 00:00:00","8.8","26.6","0.0","9.3","12","290","17.7","-1.7625","26.375","1019.87","5.50899","872.4","869.3"
"40766","2025-10-11 00:00:00","1404-07-19 00:00:00","6.9","27.0","0.0","10.5","6","290","17.0","-0.9375","33.25","1017.9","5.81119","870.6","867.6"
"40766","2025-10-12 00:00:00","1404-07-20 00:00:00","5.5","28.5","0.0","10.2","6","280","17.0","-7.825","20.375","1018.43","3.45823","870.7","868.3"
"40766","2025-10-13 00:00:00","1404-07-21 00:00:00","18.4","29.1","0.0","8.7","11","220","23.8","-4.5","17.375","1018.93","4.3937","871.1","868.9"
"40766","2025-10-14 00:00:00","1404-07-22 00:00:00","8.0","29.7","0.0","10.0","6","290","18.9","-5.2625","21.75","1020.86","4.21797","873.4","870.4"
"40766","2025-10-15 00:00:00","1404-07-23 00:00:00","7.0","27.7","0.0","10.3","7","290","17.4","-7.075","21.75","1019.87","3.72095","871.7","869.4"
"40766","2025-10-16 00:00:00","1404-07-24 00:00:00","6.2","27.5","0.0","10.1","6","290","16.9","-6.7625","19.875","1020.83","3.75622","873.3","869.7"
"40766","2025-10-17 00:00:00","1404-07-25 00:00:00","6.7","27.1","0.0","9.5","6","300","16.9","-3.3875","25.625","1023.7","4.81439","875.8","873.0"
"40766","2025-10-18 00:00:00","1404-07-26 00:00:00","6.0","27.3","0.0","10.0","8","280","16.6","-3.5875","25.75","1022.23","4.7381","875.1","871.0"
"40766","2025-10-19 00:00:00","1404-07-27 00:00:00","7.3","26.9","0.0","9.5","5","300","17.1","-1.95","27.625","1019.42","5.33844","872.6","868.6"
"40766","2025-10-20 00:00:00","1404-07-28 00:00:00","6.5","27.2","0.0","10.2","7","300","16.9","-2.7","29.375","1017.62","5.10786","870.4","867.0"
"40766","2025-10-21 00:00:00","1404-07-29 00:00:00","6.6","25.5","0.0","10.0","6","300","16.0","2.075","40.25","1020.47","7.1748","872.5","869.8"
"40766","2025-10-22 00:00:00","1404-07-30 00:00:00","7.1","25.1","0.0","10.0","6","300","16.1","-0.6125","36.125","1023.6","6.03153","875.2","872.7"
"40766","2025-10-23 00:00:00","1404-08-01 00:00:00","6.8","26.5","0.0","9.9","4","300","16.6","-2.8","28.0","1023.24","4.98741","875.2","871.4"
"40766","2025-10-24 00:00:00","1404-08-02 00:00:00","5.7","25.9","0.0","9.2","10","280","15.8","-3.7625","26.0","1021.36","4.63903","873.7","870.7"
"40766","2025-10-25 00:00:00","1404-08-03 00:00:00","6.7","27.4","0.0","9.1","5","280","17.0","-4.6125","23.375","1019.35","4.35651","872.2","868.7"
"40766","2025-10-26 00:00:00","1404-08-04 00:00:00","7.2","26.3","0.0","9.7","7","290","16.8","-3.3125","28.125","1018.82","4.94793","870.7","868.3"
"40766","2025-10-27 00:00:00","1404-08-05 00:00:00","7.1","23.8","0.0","9.9","7","280","15.4","2.3","42.0","1020.6","7.22241","872.2","870.4"
"40766","2025-10-28 00:00:00","1404-08-06 00:00:00","4.7","26.4","0.0","10.1","4","290","15.5","-3.3","32.875","1020.84","4.98751","873.4","870.4"
"40766","2025-10-29 00:00:00","1404-08-07 00:00:00","4.2","26.2","0.0","10.0","7","290","15.2","-5.5125","25.625","1020.28","4.08215","872.7","869.4"
"40766","2025-10-30 00:00:00","1404-08-08 00:00:00","6.1","26.8","0.0","9.6","7","290","16.4","-7.1875","22.375","1020.4","3.58107","872.6","869.2"
"40766","2025-10-31 00:00:00","1404-08-09 00:00:00","2.5","25.6","0.0","9.3","5","200","14.1","-10.1875","20.625","1022.25","2.85433","874.9","871.4"
"40766","2025-11-01 00:00:00","1404-08-10 00:00:00","2.5","25.3","0.0","10.0","5","190","13.9","-11.125","18.5","1021.76","2.71111","874.2","870.8"
"40766","2025-11-02 00:00:00","1404-08-11 00:00:00","1.5","24.9","0.0","9.8","6","290","13.2","-14.175","16.875","1021.95","2.18797","874.1","871.2"
"40766","2025-11-03 00:00:00","1404-08-12 00:00:00","-0.5","23.6","0.0","10.0","4","200","11.6","-17.4625","13.625","1024.08","1.67061","876.4","873.4"
"40766","2025-11-04 00:00:00","1404-08-13 00:00:00","0.4","25.1","0.0","10.0","5","220","12.8","-14.675","15.625","1022.98","2.10613","875.2","872.0"
"40766","2025-11-05 00:00:00","1404-08-14 00:00:00","1.9","24.3","0.0","9.6","5","280","13.1","-13.225","17.75","1022.84","2.48914","874.8","871.8"
"40766","2025-11-06 00:00:00","1404-08-15 00:00:00","2.1","23.4","0.0","9.6","6","290","12.8","-7.0125","25.625","1022.44","3.70194","874.5","871.6"
"40766","2025-11-07 00:00:00","1404-08-16 00:00:00","3.9","23.2","0.0","8.8","6","210","13.6","-8.8375","24.25","1023.98","3.17316","875.7","872.9"
"40766","2025-11-08 00:00:00","1404-08-17 00:00:00","2.4","23.6","0.0","9.5","5","200","13.0","-10.8125","20.125","1025.7","2.75421","877.6","874.5"
"40766","2025-11-09 00:00:00","1404-08-18 00:00:00","2.3","23.1","0.0","9.4","4","290","12.7","-9.5125","22.25","1025.39","3.14209","877.8","874.3"
"40766","2025-11-10 00:00:00","1404-08-19 00:00:00","1.7","23.7","0.0","8.9","5","240","12.7","-11.1625","21.0","1023.0","2.73824","875.5","871.5"
"40766","2025-11-11 00:00:00","1404-08-20 00:00:00","1.5","24.2","0.0","9.1","5","200","12.9","-11.75","19.75","1022.83","2.56036","875.4","871.8"
"40766","2025-11-12 00:00:00","1404-08-21 00:00:00","1.8","22.5","0.0","9.0","9","200","12.1","-12.925","18.875","1023.95","2.3924","876.0","873.0"
"40766","2025-11-13 00:00:00","1404-08-22 00:00:00","0.7","21.4","0.0","9.2","9","200","11.1","-8.4","24.25","1025.23","3.2918","877.6","873.7"
"40766","2025-11-14 00:00:00","1404-08-23 00:00:00","3.7","22.3","0.0","7.2","9","190","13.0","-7.8125","25.25","1022.03","3.40083","874.5","871.1"
"40766","2025-11-15 00:00:00","1404-08-24 00:00:00","9.1","15.1","8.2","0.0","11","190","12.1","2.5375","58.75","1021.28","7.67422","874.0","870.4"
"40766","2025-11-16 00:00:00","1404-08-25 00:00:00","7.6","18.6","3.0","8.2","12","180","13.1","5.725","66.625","1023.91","9.217","875.8","872.3"
"40766","2025-11-17 00:00:00","1404-08-26 00:00:00","4.7","17.7","0.0","7.1","6","220","11.2","3.15","62.125","1027.32","7.68876","878.3","876.1"
"40766","2025-11-18 00:00:00","1404-08-27 00:00:00","-0.5","19.0","0.0","9.0","5","200","9.3","0.375","61.75","1027.46","6.33151","880.0","876.0"
"40766","2025-11-19 00:00:00","1404-08-28 00:00:00","-1.1","18.0","0.0","9.3","5","200","8.4","-3.5125","47.625","1026.0","4.82533","877.4","874.4"
"40766","2025-11-20 00:00:00","1404-08-29 00:00:00","-2.4","20.0","0.0","9.3","6","160","8.8","-5.525","41.375","1026.45","4.06161","877.8","874.7"
"40766","2025-11-21 00:00:00","1404-08-30 00:00:00","-2.5","19.8","0.0","8.8","5","210","8.6","-7.65","34.0","1028.84","3.45115","879.8","877.5"
"40766","2025-11-22 00:00:00","1404-09-01 00:00:00","-2.7","19.1","0.0","9.3","5","200","8.2","-10.1125","30.0","1029.32","2.9435","881.3","878.2"
"40766","2025-11-23 00:00:00","1404-09-02 00:00:00","-4.6","19.8","0.0","9.3","3","230","7.6","-11.8","27.75","1027.08","2.56744","879.5","875.4"
"40766","2025-11-24 00:00:00","1404-09-03 00:00:00","-3.0","20.2","0.0","9.3","5","200","8.6","-12.325","26.875","1024.49","2.50376","876.8","873.3"
"40766","2025-11-25 00:00:00","1404-09-04 00:00:00","-4.0","21.0","0.0","8.0","3","240","8.5","-13.1375","24.25","1023.54","2.27461","876.0","872.6"
"40766","2025-11-26 00:00:00","1404-09-05 00:00:00","2.6","18.8","0.0","8.0","5","280","10.7","-8.08571","29.8","286444.0","3.58251","874.4","871.5"
"40766","2025-11-27 00:00:00","1404-09-06 00:00:00","4.8","19.7","0.0","7.0","6","180","12.3","-2.61667","43.5","334015.0","5.15113","874.3","871.5"
"40766","2025-11-28 00:00:00","1404-09-07 00:00:00","-1.0","18.9","0.0","8.2","6","210","8.9","-4.4125","41.7143","125896.0","4.3117","876.2","873.1"
"40766","2025-11-29 00:00:00","1404-09-08 00:00:00","-1.8","18.0","0.0","8.1","4","180","8.1","-7.0","37.5","143734.0","3.56763","875.1","871.8"
"40766","2025-11-30 00:00:00","1404-09-09 00:00:00","2.9","20.2","0.0","5.9","4","170","11.6","-3.7625","33.0","1021.49","4.67775","873.9","870.9"
"40766","2025-12-01 00:00:00","1404-09-10 00:00:00","9.8","21.4","0.0","3.5","10","190","15.6","-0.471429","35.25","429154.0","5.98901","871.7","870.0"
"40766","2025-12-02 00:00:00","1404-09-11 00:00:00","9.7","18.9","0.0","1.0","10","200","14.3","-0.0857143","41.8","286443.0","6.16294","872.0","870.0"
"40766","2025-12-03 00:00:00","1404-09-12 00:00:00","1.1","15.8","0.0","8.6","6","210","8.4","-3.3125","50.2","375639.0","4.72046","874.2","871.4"
"40766","2025-12-04 00:00:00","1404-09-13 00:00:00","-2.3","16.5","0.0","7.4","4","190","7.1","-5.5","40.5714","1022.94","4.09281","875.1","871.9"
"40766","2025-12-05 00:00:00","1404-09-14 00:00:00","0.0","16.2","0.0","0.0","6","200","8.1","-4.08571","42.8571","1023.71","4.69031","875.2","873.1"
"40766","2025-12-06 00:00:00","1404-09-15 00:00:00","5.8","17.3","0.4","5.5","5","190","11.5","1.9","59.25","1024.68","7.04944","876.5","873.5"
"40766","2025-12-07 00:00:00","1404-09-16 00:00:00","2.2","19.9","0.0","5.0","11","180","11.1","-1.87143","42.8571","1023.56","5.36231","875.2","872.5"
"40766","2025-12-08 00:00:00","1404-09-17 00:00:00","8.4","15.5","6.2","0.0","12","180","11.9","3.18571","61.0","1023.03","7.79949","875.0","872.8"
"40766","2025-12-09 00:00:00","1404-09-18 00:00:00","9.7","13.4","7.4","0.5","7","100","11.5","4.95714","63.2857","1020.02","8.78752","872.6","869.3"
"40766","2025-12-10 00:00:00","1404-09-19 00:00:00","1.7","8.3","","2.3","8","100","5.0","3.3125","90.25","1017.95","7.78889","870.8","866.9"
"40766","2025-12-11 00:00:00","1404-09-20 00:00:00","1.0","11.5","0.5","5.1","5","270","6.3","2.95","83.8333","1017.62","6.44114","870.4","866.1"
"40766","2025-12-12 00:00:00","1404-09-21 00:00:00","1.6","12.0","0.1","1.3","5","190","6.8","2.18571","78.5714","1017.49","7.18159","870.2","867.1"
"40766","2025-12-13 00:00:00","1404-09-22 00:00:00","4.7","11.2","2.0","2.0","4","270","7.9","2.34286","70.4286","1016.09","7.2536","868.1","866.3"
"40766","2025-12-14 00:00:00","1404-09-23 00:00:00","1.5","10.9","0.0","7.3","3","260","6.2","0.2","68.5714","1019.13","6.2296","870.9","868.8"
"40766","2025-12-15 00:00:00","1404-09-24 00:00:00","-1.2","10.4","0.0","4.6","3","110","4.6","-0.6625","70.25","1018.15","5.82785","871.7","867.3"
"40766","2025-12-16 00:00:00","1404-09-25 00:00:00","2.1","10.8","0.1","2.0","5","200","6.4","0.1875","68.125","1014.29","6.23788","867.4","864.4"
"40766","2025-12-17 00:00:00","1404-09-26 00:00:00","1.0","8.6","0.0","0.1","6","100","4.8","-0.2","70.125","1015.88","6.03017","870.0","865.6"
"40766","2025-12-18 00:00:00","1404-09-27 00:00:00","3.0","9.4","2.1","4.0","8","100","6.2","-0.9875","66.375","1022.1","5.7513","873.9","871.3"
"40766","2025-12-19 00:00:00","1404-09-28 00:00:00","0.5","9.7","0.0","5.0","9","110","5.1","-4.55","52.375","1017.4","4.38025","870.1","867.1"
"40766","2025-12-20 00:00:00","1404-09-29 00:00:00","-3.7","8.7","0.0","9.3","5","200","2.5","-6.6875","56.0","1020.48","3.81875","873.2","869.6"
"40766","2025-12-21 00:00:00","1404-09-30 00:00:00","-3.6","10.6","0.0","8.8","5","210","3.5","-5.6","60.125","1023.27","4.09949","875.5","872.7"
"40766","2025-12-22 00:00:00","1404-10-01 00:00:00","-2.6","11.9","0.0","6.9","6","190","4.6","-5.31429","57.2857","1023.26","4.18068","874.7","872.4"
"40766","2025-12-23 00:00:00","1404-10-02 00:00:00","-4.8","12.7","0.0","7.0","4","180","3.9","-6.9","48.125","1021.75","3.71938","874.4","870.0"
"40766","2025-12-24 00:00:00","1404-10-03 00:00:00","4.0","11.6","0.0","4.0","6","100","7.8","-2.6","53.875","1020.4","5.09039","872.2","870.4"
"40766","2025-12-25 00:00:00","1404-10-04 00:00:00","-2.2","12.9","0.0","8.0","5","130","5.3","-2.5875","62.125","1020.24","5.08054","873.5","869.0"
"40766","2025-12-26 00:00:00","1404-10-05 00:00:00","-4.1","12.6","0.0","7.6","9","190","4.3","-3.6","56.875","1015.98","4.7376","869.0","865.9"
"40766","2025-12-27 00:00:00","1404-10-06 00:00:00","-1.2","10.4","0.0","3.1","8","200","4.6","-2.2375","59.25","1012.94","5.225","866.5","862.8"
"40766","2025-12-28 00:00:00","1404-10-07 00:00:00","4.5","12.9","7.01","5.0","11","200","8.7","-0.25","63.875","1006.65","6.03758","861.8","856.2"
"40766","2025-12-29 00:00:00","1404-10-08 00:00:00","-1.5","8.1","0.3","6.1","8","130","3.3","-3.75","62.0","1009.96","4.71233","863.1","860.5"
"40766","2025-12-30 00:00:00","1404-10-09 00:00:00","-1.2","1.9","4.0","9.6","6","290","0.3","-8.2875","57.75","1016.52","3.3703","872.1","861.9"
"40766","2025-12-31 00:00:00","1404-10-10 00:00:00","-8.7","4.6","0.0","6.8","5","200","-2.0","-7.9875","64.5","1019.63","3.45251","873.1","868.6"
"40766","2026-01-01 00:00:00","1404-10-11 00:00:00","-2.4","11.4","0.0","4.1","7","180","4.5","-4.8125","48.5","1016.52","4.30379","868.6","866.5"
"40766","2026-01-02 00:00:00","1404-10-12 00:00:00","5.0","9.3","2.0","0.0","7","200","7.2","-0.7875","59.375","1019.64","5.88094","872.7","868.5"
"40766","2026-01-03 00:00:00","1404-10-13 00:00:00","3.7","10.2","5.1","5.6","7","290","6.9","-0.575","72.375","1023.72","6.0219","876.6","872.6"
"40766","2026-01-04 00:00:00","1404-10-14 00:00:00","-5.2","7.8","0.0","7.6","4","200","1.3","-3.05","77.5","1027.47","4.91962","878.6","876.4"
"40766","2026-01-05 00:00:00","1404-10-15 00:00:00","-4.7","11.0","0.0","7.9","4","200","3.2","-3.0","69.375","1027.57","4.94247","879.2","876.4"
"40766","2026-01-06 00:00:00","1404-10-16 00:00:00","-4.2","12.1","0.0","8.0","7","80","4.0","-3.4375","66.875","1026.63","4.76592","878.6","875.6"
"40766","2026-01-07 00:00:00","1404-10-17 00:00:00","-5.0","12.8","0.0","8.0","5","300","3.9","-4.075","60.75","1025.16","4.56295","877.0","873.8"
"40766","2026-01-08 00:00:00","1404-10-18 00:00:00","-3.2","13.0","0.0","7.8","4","60","4.9","-3.7125","61.5","1023.82","4.67539","876.2","872.9"
"40766","2026-01-09 00:00:00","1404-10-19 00:00:00","-3.2","13.7","0.0","0.5","7","190","5.3","-3.45","52.75","1016.99","4.74207","872.0","865.1"
"40766","2026-01-10 00:00:00","1404-10-20 00:00:00","3.1","8.0","8.2","0.0","5","200","5.6","1.8625","78.125","1016.38","6.97389","871.9","864.6"
"40766","2026-01-11 00:00:00","1404-10-21 00:00:00","1.0","11.5","0.0","8.4","3","260","6.3","0.75","74.0","1023.67","6.47435","875.8","873.0"
"40766","2026-01-12 00:00:00","1404-10-22 00:00:00","-1.2","13.3","0.0","7.1","6","110","6.1","-0.9125","62.75","1021.39","5.72901","874.0","870.7"
"40766","2026-01-13 00:00:00","1404-10-23 00:00:00","6.2","10.1","1.0","0.0","9","160","8.1","1.4625","69.875","1014.58","6.8511","869.9","863.4"
"40766","2026-01-14 00:00:00","1404-10-24 00:00:00","2.1","6.2","2.0","2.3","8","200","4.1","-0.725","74.625","1015.82","5.82419","868.2","865.8"
"40766","2026-01-15 00:00:00","1404-10-25 00:00:00","-1.0","3.4","0.2","2.1","7","290","1.2","-3.4875","72.375","1017.99","4.74652","870.2","868.0"
"40766","2026-01-16 00:00:00","1404-10-26 00:00:00","-4.7","6.0","0.0","7.6","7","290","0.7","-3.7125","75.5","1020.59","4.66391","872.1","870.6"
"40766","2026-01-17 00:00:00","1404-10-27 00:00:00","-6.4","9.2","0.0","6.0","4","110","1.4","-4.65714","65.8571","1019.05","4.39731","872.1","868.5"
"40766","2026-01-18 00:00:00","1404-10-28 00:00:00","-4.7","10.8","0.0","3.6","4","120","3.1","-5.275","56.625","1015.93","4.21824","868.9","866.1"
"40766","2026-01-19 00:00:00","1404-10-29 00:00:00","2.5","8.4","0.2","1.4","4","310","5.4","1.425","81.0","1014.63","6.78778","867.0","865.0"
"40766","2026-01-20 00:00:00","1404-10-30 00:00:00","-1.7","4.0","0.0","7.0","15","290","1.1","-7.05","59.375","1013.3","3.77236","867.4","863.2"
"40766","2026-01-21 00:00:00","1404-11-01 00:00:00","-8.5","2.7","0.0","9.8","6","200","-2.9","-11.025","57.25","1021.59","2.66973","875.6","868.5"
"40766","2026-01-22 00:00:00","1404-11-02 00:00:00","-9.0","4.0","0.0","6.5","5","120","-2.5","-10.9875","55.5","1024.86","2.80272","877.6","873.4"
"40766","2026-01-23 00:00:00","1404-11-03 00:00:00","-1.9","1.9","9.0","","7","110","0.0","-2.35","86.875","1020.75","5.22363","872.7","870.3"
"40766","2026-01-24 00:00:00","1404-11-04 00:00:00","-3.8","4.0","0.0","3.1","3","280","0.1","-1.3875","90.125","1019.67","5.53375","872.0","869.6"
"40766","2026-01-25 00:00:00","1404-11-05 00:00:00","-6.2","5.8","0.0","5.8","5","200","-0.2","-2.47143","88.1429","1019.06","5.06087","870.8","869.4"
"40766","2026-01-26 00:00:00","1404-11-06 00:00:00","-7.6","6.2","0.0","5.5","5","200","-0.7","-3.525","87.125","1021.89","4.8039","873.9","870.9"
"40766","2026-01-27 00:00:00","1404-11-07 00:00:00","-7.0","7.4","0.0","7.2","4","200","0.2","-3.6","84.75","1022.74","4.746","875.0","872.0"
"40766","2026-01-28 00:00:00","1404-11-08 00:00:00","-4.5","13.6","0.0","5.3","10","140","4.6","-3.1875","56.125","1017.88","4.98556","872.4","865.8"
"40766","2026-01-29 00:00:00","1404-11-09 00:00:00","-0.8","6.9","","1.6","7","90","3.0","0.5875","82.625","1017.61","6.39226","869.8","867.4"
"40766","2026-01-30 00:00:00","1404-11-10 00:00:00","3.5","10.0","1.01","1.6","3","310","6.8","0.9","71.25","1018.76","6.54789","870.6","868.9"
"40766","2026-01-31 00:00:00","1404-11-11 00:00:00","2.2","12.2","0.6","5.5","6","190","7.2","0.6875","64.25","1018.96","6.44518","870.8","868.8"
"40766","2026-02-01 00:00:00","1404-11-12 00:00:00","0.5","14.3","0.0","3.0","3","170","7.4","-0.1875","60.75","1022.06","6.07486","874.5","870.9"
"40766","2026-02-02 00:00:00","1404-11-13 00:00:00","0.7","15.8","0.0","4.5","5","190","8.3","0.9875","67.25","1023.24","6.56635","875.8","871.2"
"40766","2026-02-03 00:00:00","1404-11-14 00:00:00","6.3","12.2","","0.0","7","90","9.3","3.8375","76.0","1015.78","8.09636","870.1","864.8"
"40766","2026-02-04 00:00:00","1404-11-15 00:00:00","1.7","10.1","0.0","4.3","6","250","5.9","1.1125","76.5","1014.61","6.6676","868.6","863.6"
"40766","2026-02-05 00:00:00","1404-11-16 00:00:00","0.8","11.2","0.0","9.1","6","200","6.0","-1.925","62.0","1021.45","5.32339","872.9","870.0"
"40766","2026-02-06 00:00:00","1404-11-17 00:00:00","-2.5","14.4","0.0","5.7","6","190","5.9","-3.15","55.625","1021.79","4.88685","874.2","870.5"
"40766","2026-02-07 00:00:00","1404-11-18 00:00:00","3.6","5.2","20.0","0.0","12","180","4.4","3.075","87.75","1017.14","7.69603","870.8","865.3"
"40766","2026-02-08 00:00:00","1404-11-19 00:00:00","3.4","10.2","10.0","1.0","5","290","6.8","4.7875","83.375","1012.42","8.60776","865.6","862.9"
"40766","2026-02-09 00:00:00","1404-11-20 00:00:00","3.2","15.5","0.0","7.4","7","200","9.4","2.8","61.875","1015.14","7.46332","868.8","865.3"
"40766","2026-02-10 00:00:00","1404-11-21 00:00:00","5.4","16.6","0.0","0.7","10","190","11.0","1.9375","50.0","1016.55","7.02654","868.8","866.6"
"40766","2026-02-11 00:00:00","1404-11-22 00:00:00","6.5","17.9","0.0","0.0","10","200","12.2","1.2875","44.5","1015.85","6.69769","869.2","865.6"
"40766","2026-02-12 00:00:00","1404-11-23 00:00:00","4.0","16.9","0.3","7.1","7","210","10.4","2.4625","57.75","1019.72","7.37199","871.8","869.6"
"40766","2026-02-13 00:00:00","1404-11-24 00:00:00","4.9","19.9","0.0","8.2","10","200","12.4","1.5","49.375","1019.69","6.84571","871.6","869.2"
"40766","2026-02-14 00:00:00","1404-11-25 00:00:00","7.6","20.9","0.6","4.0","14","240","14.3","1.1875","43.75","1015.42","6.71507","869.8","863.1"
"40766","2026-02-15 00:00:00","1404-11-26 00:00:00","5.8","15.2","0.0","7.4","7","270","10.5","0.525","57.75","1021.44","6.37749","874.4","869.3"
"40766","2026-02-16 00:00:00","1404-11-27 00:00:00","0.2","18.4","0.0","10.4","4","210","9.3","-1.875","53.125","1023.64","5.3629","876.0","872.5"
"40766","2026-02-17 00:00:00","1404-11-28 00:00:00","-0.5","23.3","0.0","10.5","5","220","11.4","-4.3","41.625","1021.08","4.49859","874.2","869.2"
"40766","2026-02-18 00:00:00","1404-11-29 00:00:00","6.4","22.6","0.0","9.0","9","180","14.5","-10.35","20.75","1019.32","2.92488","871.8","868.7"
"40766","2026-02-19 00:00:00","1404-11-30 00:00:00","7.0","22.0","0.0","7.6","10","180","14.5","-6.0625","23.5","1020.06","3.91412","873.3","869.2"
"40766","2026-02-20 00:00:00","1404-12-01 00:00:00","3.6","21.7","0.0","9.2","5","200","12.7","-4.225","33.125","1025.12","4.50498","877.6","873.5"
"40766","2026-02-21 00:00:00","1404-12-02 00:00:00","0.1","22.8","0.0","10.4","4","190","11.4","-5.1625","35.125","1022.47","4.23375","875.4","870.8"
"40766","2026-02-22 00:00:00","1404-12-03 00:00:00","-0.1","22.9","0.0","9.7","6","250","11.4","-4.725","35.0","1017.97","4.35592","871.1","867.4"
"40766","2026-02-23 00:00:00","1404-12-04 00:00:00","4.5","22.8","0.0","8.8","11","210","13.6","-5.1","27.125","1013.87","4.19277","866.7","864.4"
"40766","2026-02-24 00:00:00","1404-12-05 00:00:00","8.0","15.1","5.0","0.0","12","180","11.6","0.925","58.5","1012.68","6.79753","865.8","862.9"
"40766","2026-02-25 00:00:00","1404-12-06 00:00:00","2.4","13.9","0.2","10.6","7","200","8.1","-0.6125","59.75","1017.84","5.89034","871.0","865.5"
"40766","2026-02-26 00:00:00","1404-12-07 00:00:00","-1.3","17.2","0.0","10.0","9","190","8.0","-6.675","40.75","1016.58","3.88273","870.6","865.8"
"40766","2026-02-27 00:00:00","1404-12-08 00:00:00","1.2","17.4","0.0","9.0","14","180","9.3","-5.275","37.125","1011.47","4.15518","865.0","861.2"
"40766","2026-02-28 00:00:00","1404-12-09 00:00:00","0.7","12.8","0.0","","7","290","6.8","-10.6","35.7143","1013.61","2.8851","866.7","863.5"
"40766","2026-03-01 00:00:00","1404-12-10 00:00:00","-3.7","12.2","0.0","","6","270","4.3","-10.575","35.625","1016.02","2.75824","868.8","866.2"
"40766","2026-03-02 00:00:00","1404-12-11 00:00:00","-3.2","11.4","0.0","","8","190","4.1","-9.3125","42.875","1017.09","3.06824","870.1","866.6"
"40766","2026-03-03 00:00:00","1404-12-12 00:00:00","-5.9","10.8","0.0","","4","120","2.5","-10.7625","41.375","1019.09","2.78315","871.4","868.8"
"40766","2026-03-04 00:00:00","1404-12-13 00:00:00","-4.9","14.3","0.0","","5","220","4.7","-11.3","33.0","1018.07","2.63858","870.2","867.1"
"40766","2026-03-05 00:00:00","1404-12-14 00:00:00","-1.3","10.0","0.0","","12","200","4.3","-4.8125","60.375","1019.32","4.46904","872.3","869.1"
"40766","2026-03-06 00:00:00","1404-12-15 00:00:00","","13.6","0.0","0.0","7","190","","-4.55","52.8333","1020.11","4.59043","874.5","869.2"
"40766","2026-03-07 00:00:00","1404-12-16 00:00:00","-2.8","15.1","0.0","","9","200","6.2","-8.7625","33.625","1017.85","3.20008","870.4","868.3"
"40766","2026-03-08 00:00:00","1404-12-17 00:00:00","4.8","14.8","5.6","","11","180","9.8","1.825","63.375","1014.43","7.08674","867.5","864.6"
"40766","2026-03-09 00:00:00","1404-12-18 00:00:00","0.7","15.7","0.0","","9","200","8.2","-3.7625","50.0","1016.49","4.68588","869.7","865.7"
"40766","2026-03-10 00:00:00","1404-12-19 00:00:00","-0.9","13.4","0.0","","6","90","6.3","-5.1125","43.75","1020.51","4.21174","873.0","867.6"
"40766","2026-03-11 00:00:00","1404-12-20 00:00:00","3.0","15.4","0.0","","5","80","9.2","-4.75","41.5","1016.74","4.38623","870.1","866.7"
"40766","2026-03-12 00:00:00","1404-12-21 00:00:00","2.0","13.7","0.0","","5","210","7.8","2.1375","65.375","1014.03","7.34081","867.2","864.3"
"40766","2026-03-13 00:00:00","1404-12-22 00:00:00","5.0","11.0","","0.0","3","200","8.0","5.5875","89.875","1011.97","9.11502","865.3","863.1"
"40766","2026-03-14 00:00:00","1404-12-23 00:00:00","3.2","15.1","0.0","","4","80","9.2","4.5125","77.375","1014.02","8.45908","867.2","864.4"
"40766","2026-03-15 00:00:00","1404-12-24 00:00:00","7.0","10.8","","","5","60","8.9","7.4125","85.25","1012.31","10.3569","866.5","860.6"
"40766","2026-03-16 00:00:00","1404-12-25 00:00:00","9.0","17.0","0.0","","7","290","13.0","7.3625","80.625","1007.19","10.3921","860.6","858.2"
"40766","2026-03-17 00:00:00","1404-12-26 00:00:00","1.0","15.6","0.0","","3","250","8.3","2.8","72.5","1008.47","7.49655","862.0","860.0"
"40766","2026-03-18 00:00:00","1404-12-27 00:00:00","1.0","18.0","0.0","","4","260","9.5","1.5625","63.75","1009.11","6.86234","862.7","860.2"
"40766","2026-03-19 00:00:00","1404-12-28 00:00:00","4.0","18.4","0.0","","6","110","11.2","1.35","53.0","1006.11","6.80786","861.7","855.0"
"40766","2026-03-20 00:00:00","1404-12-29 00:00:00","7.2","13.5","10.0","0.0","6","250","10.4","5.55","78.125","1002.83","9.07345","857.8","853.0"
"40766","2026-03-21 00:00:00","1405-01-01 00:00:00","4.1","15.5","0.01","","3","190","9.8","3.7","66.125","1007.11","7.97776","861.1","857.4"
"40766","2026-03-22 00:00:00","1405-01-02 00:00:00","6.6","12.4","0.01","","5","70","9.5","6.0125","80.25","1009.12","9.41318","862.7","860.1"
"40766","2026-03-23 00:00:00","1405-01-03 00:00:00","7.3","11.4","11.0","","3","80","9.4","6.7","86.5","1008.88","9.84617","862.4","859.9"
"40766","2026-03-24 00:00:00","1405-01-04 00:00:00","4.6","13.5","0.0","","3","160","9.1","6.5","82.125","1004.32","9.70243","859.3","855.5"
"40766","2026-03-25 00:00:00","1405-01-05 00:00:00","5.8","8.6","","","4","150","7.2","4.7125","88.25","1000.18","8.56979","854.0","852.3"
"40766","2026-03-26 00:00:00","1405-01-06 00:00:00","0.0","10.3","","","10","70","5.2","5.175","86.25","998.605","8.88048","854.4","848.6"
"40766","2026-03-27 00:00:00","1405-01-07 00:00:00","4.0","7.6","0.0","0.0","7","240","5.8","3.6","86.5","1001.8","7.91793","858.6","851.9"
"40766","2026-03-28 00:00:00","1405-01-08 00:00:00","4.3","11.4","6.0","","7","280","7.8","3.7125","76.25","1005.7","7.95855","858.9","857.1"
"40766","2026-03-29 00:00:00","1405-01-09 00:00:00","5.6","12.4","0.0","","6","230","9.0","4.5875","76.125","1006.54","8.50713","859.8","858.2"
"40766","2026-03-30 00:00:00","1405-01-10 00:00:00","6.5","12.8","","","7","130","9.6","5.9125","82.375","1005.59","9.27969","859.4","857.0"
"40766","2026-03-31 00:00:00","1405-01-11 00:00:00","5.6","12.5","0.0","","7","240","9.1","3.3","76.875","1006.11","7.79283","861.9","856.1"
"40766","2026-04-01 00:00:00","1405-01-12 00:00:00","-1.0","14.5","0.0","","5","250","6.8","1.7125","71.5","1011.13","6.95693","864.2","862.0"
"40766","2026-04-02 00:00:00","1405-01-13 00:00:00","0.0","16.9","0.0","","8","260","8.4","3.4","67.875","1011.23","7.99313","864.4","861.9"
"40766","2026-04-03 00:00:00","1405-01-14 00:00:00","8.0","17.8","0.0","0.0","5","270","12.9","10.4429","84.8571","1009.54","12.7089","863.3","859.4"
"40766","2026-04-04 00:00:00","1405-01-15 00:00:00","11.2","17.0","0.0","","8","230","14.1","6.275","69.0","1006.08","9.89221","860.5","857.7"
"40766","2026-04-05 00:00:00","1405-01-16 00:00:00","2.3","13.0","0.0","","8","280","7.7","2.025","71.375","1009.16","7.0872","863.0","860.0"
"40766","2026-04-06 00:00:00","1405-01-17 00:00:00","0.3","15.6","0.0","","9","240","8.0","2.1375","69.0","1011.22","7.16917","864.3","862.0"
"40766","2026-04-07 00:00:00","1405-01-18 00:00:00","0.6","16.0","0.0","","5","260","8.3","2.0625","62.75","1011.37","7.1081","865.6","861.8"
"40766","2026-04-08 00:00:00","1405-01-19 00:00:00","6.0","16.0","0.6","","6","220","11.0","3.9625","68.125","1009.04","8.14507","861.7","860.5"
"40766","2026-04-09 00:00:00","1405-01-20 00:00:00","3.6","16.3","0.0","","4","260","9.9","2.0125","60.125","1010.92","7.09402","865.0","861.4"
"40766","2026-04-10 00:00:00","1405-01-21 00:00:00","6.2","17.5","0.0","0.0","5","220","11.9","2.275","55.625","1014.63","7.24899","867.0","865.2"
"40766","2026-04-11 00:00:00","1405-01-22 00:00:00","4.3","20.0","0.0","","3","220","12.1","2.0625","49.875","1013.38","7.14319","867.4","863.0"
"40766","2026-04-12 00:00:00","1405-01-23 00:00:00","9.2","16.4","0.0","","8","270","12.8","6.4875","73.0","1009.99","9.69885","863.5","860.1"
"40766","2026-04-13 00:00:00","1405-01-24 00:00:00","7.2","15.0","0.0","","9","300","11.1","5.95","79.875","1011.11","9.37869","865.9","861.8"
"40766","2026-04-14 00:00:00","1405-01-25 00:00:00","2.0","16.4","0.0","","4","270","9.2","0.7375","63.0","1016.43","6.48992","869.6","866.4"
"40766","2026-04-15 00:00:00","1405-01-26 00:00:00","-0.8","18.6","0.0","","6","270","8.9","0.1","56.125","1013.92","6.18791","868.0","863.7"
"40766","2026-04-16 00:00:00","1405-01-27 00:00:00","2.0","19.0","0.0","","4","90","10.5","0.4375","54.75","1010.66","6.32998","864.1","861.4"
"40766","2026-04-17 00:00:00","1405-01-28 00:00:00","5.5","22.8","0.0","0.0","7","90","14.1","0.6","43.875","1010.97","6.41558","864.1","861.7"
"40766","2026-04-18 00:00:00","1405-01-29 00:00:00","6.0","23.0","0.0","","4","90","14.5","5.7625","62.25","1011.46","9.41447","864.5","861.3"
"40766","2026-04-19 00:00:00","1405-01-30 00:00:00","10.5","18.4","","","8","210","14.4","11.2125","81.125","1008.09","13.3503","861.7","858.9"
"40766","2026-04-20 00:00:00","1405-01-31 00:00:00","9.0","20.0","","","6","160","14.5","8.9","78.875","1007.71","11.441","861.5","858.2"
